/home/wanting/KDD2023-DCdetector/venv/lib/python3.12/site-packages/tsfresh/__init__.py:12: UserWarning: pkg_resources is deprecated as an API. See https://setuptools.pypa.io/en/latest/pkg_resources.html. The pkg_resources package is slated for removal as early as 2025-11-30. Refrain from using this package or pin to Setuptools<81.
  import pkg_resources
2025-11-13 17:32:39,490 - INFO - 开始使用自定义数据集运行DCdetector...
2025-11-13 17:32:39,490 - INFO - 数据集: Custom
2025-11-13 17:32:39,490 - INFO - 输入特征维度: 10
2025-11-13 17:32:39,490 - INFO - 窗口大小: 30
2025-11-13 17:32:39,490 - INFO - 批次大小: 32
2025-11-13 17:32:42,911 - INFO - 开始训练模型...
[onlyNormalData=True] 训练集过滤异常数据: 377158 行 -> 339888 行 (移除 37270 个异常样本)

[PCA降维] 启用
  n_components=10
  PCA前特征维度: 27
  PCA后特征维度: 10
  解释方差比（前10个）: [0.51869311 0.15333047 0.1103832  0.07160594 0.0435558  0.02740393
 0.0225212  0.01900313 0.00983904 0.00835796]
  累积解释方差: 0.9847
  时间点数量: train=339888, val=80820, test=80820 (未改变)
[PCA降维] 完成
数据加载自: dataset/downsampleData_scratch_1minut/contact/contact_cleaned_1minut_20250928_172122.parquet
训练集形状: (339888, 10)
验证集形状: (80820, 10)
测试集形状: (80820, 10)
特征维度: 10
异常比例（行级）:
- 训练集: 原始 9.88% -> 现有 0.00%
- 验证集: 5.85%
- 测试集: 5.06%
[onlyNormalData=True] 训练集过滤异常数据: 377158 行 -> 339888 行 (移除 37270 个异常样本)

[PCA降维] 启用
  n_components=10
  PCA前特征维度: 27
  PCA后特征维度: 10
  解释方差比（前10个）: [0.51869311 0.15333047 0.1103832  0.07160594 0.0435558  0.02740393
 0.0225212  0.01900313 0.00983904 0.00835796]
  累积解释方差: 0.9847
  时间点数量: train=339888, val=80820, test=80820 (未改变)
[PCA降维] 完成
数据加载自: dataset/downsampleData_scratch_1minut/contact/contact_cleaned_1minut_20250928_172122.parquet
训练集形状: (339888, 10)
验证集形状: (80820, 10)
测试集形状: (80820, 10)
特征维度: 10
异常比例（行级）:
- 训练集: 原始 9.88% -> 现有 0.00%
- 验证集: 5.85%
- 测试集: 5.06%
[onlyNormalData=True] 训练集过滤异常数据: 377158 行 -> 339888 行 (移除 37270 个异常样本)

[PCA降维] 启用
  n_components=10
  PCA前特征维度: 27
  PCA后特征维度: 10
  解释方差比（前10个）: [0.51869311 0.15333047 0.1103832  0.07160594 0.0435558  0.02740393
 0.0225212  0.01900313 0.00983904 0.00835796]
  累积解释方差: 0.9847
  时间点数量: train=339888, val=80820, test=80820 (未改变)
[PCA降维] 完成
数据加载自: dataset/downsampleData_scratch_1minut/contact/contact_cleaned_1minut_20250928_172122.parquet
训练集形状: (339888, 10)
验证集形状: (80820, 10)
测试集形状: (80820, 10)
特征维度: 10
异常比例（行级）:
- 训练集: 原始 9.88% -> 现有 0.00%
- 验证集: 5.85%
- 测试集: 5.06%
[onlyNormalData=True] 训练集过滤异常数据: 377158 行 -> 339888 行 (移除 37270 个异常样本)

[PCA降维] 启用
  n_components=10
  PCA前特征维度: 27
  PCA后特征维度: 10
  解释方差比（前10个）: [0.51869311 0.15333047 0.1103832  0.07160594 0.0435558  0.02740393
 0.0225212  0.01900313 0.00983904 0.00835796]
  累积解释方差: 0.9847
  时间点数量: train=339888, val=80820, test=80820 (未改变)
[PCA降维] 完成
数据加载自: dataset/downsampleData_scratch_1minut/contact/contact_cleaned_1minut_20250928_172122.parquet
训练集形状: (339888, 10)
验证集形状: (80820, 10)
测试集形状: (80820, 10)
特征维度: 10
异常比例（行级）:
- 训练集: 原始 9.88% -> 现有 0.00%
- 验证集: 5.85%
- 测试集: 5.06%
	speed: 0.0286s/iter; left time: 301.0835s
	speed: 0.0221s/iter; left time: 230.3051s
	speed: 0.0225s/iter; left time: 232.4834s
	speed: 0.0224s/iter; left time: 228.6987s
	speed: 0.0225s/iter; left time: 227.6940s
	speed: 0.0237s/iter; left time: 237.7385s
	speed: 0.0247s/iter; left time: 245.0812s
	speed: 0.0226s/iter; left time: 222.2630s
	speed: 0.0237s/iter; left time: 230.5937s
	speed: 0.0231s/iter; left time: 222.1045s
	speed: 0.0227s/iter; left time: 216.4550s
	speed: 0.0229s/iter; left time: 215.8133s
	speed: 0.0229s/iter; left time: 213.2897s
	speed: 0.0244s/iter; left time: 224.9299s
	speed: 0.0262s/iter; left time: 238.6755s
	speed: 0.0245s/iter; left time: 220.9524s
	speed: 0.0245s/iter; left time: 218.4738s
	speed: 0.0239s/iter; left time: 211.0761s
	speed: 0.0244s/iter; left time: 212.4749s
	speed: 0.0223s/iter; left time: 192.5860s
	speed: 0.0244s/iter; left time: 207.4880s
	speed: 0.0228s/iter; left time: 192.3001s
	speed: 0.0253s/iter; left time: 210.3271s
	speed: 0.0248s/iter; left time: 203.6778s
	speed: 0.0235s/iter; left time: 190.5370s
	speed: 0.0224s/iter; left time: 180.0661s
	speed: 0.0242s/iter; left time: 191.3171s
	speed: 0.0239s/iter; left time: 186.5317s
	speed: 0.0221s/iter; left time: 170.8949s
	speed: 0.0218s/iter; left time: 166.3777s
	speed: 0.0217s/iter; left time: 163.3810s
	speed: 0.0225s/iter; left time: 167.2418s
	speed: 0.0233s/iter; left time: 170.7023s
	speed: 0.0239s/iter; left time: 172.7724s
	speed: 0.0218s/iter; left time: 155.2593s
	speed: 0.0266s/iter; left time: 186.4080s
	speed: 0.0266s/iter; left time: 184.0700s
	speed: 0.0254s/iter; left time: 173.2927s
	speed: 0.0312s/iter; left time: 209.7084s
	speed: 0.0327s/iter; left time: 216.1764s
	speed: 0.0298s/iter; left time: 194.3116s
	speed: 0.0317s/iter; left time: 203.4213s
	speed: 0.0255s/iter; left time: 161.0295s
	speed: 0.0290s/iter; left time: 180.4378s
	speed: 0.0264s/iter; left time: 161.7657s
	speed: 0.0277s/iter; left time: 166.5571s
	speed: 0.0268s/iter; left time: 158.4666s
	speed: 0.0286s/iter; left time: 166.3017s
	speed: 0.0282s/iter; left time: 161.4219s
	speed: 0.0267s/iter; left time: 150.1085s
	speed: 0.0255s/iter; left time: 140.9165s
	speed: 0.0236s/iter; left time: 127.6690s
	speed: 0.0251s/iter; left time: 133.5623s
	speed: 0.0304s/iter; left time: 158.8734s
	speed: 0.0268s/iter; left time: 137.0990s
	speed: 0.0269s/iter; left time: 134.9012s
	speed: 0.0233s/iter; left time: 114.6275s
	speed: 0.0281s/iter; left time: 135.5558s
	speed: 0.0244s/iter; left time: 115.3451s
	speed: 0.0263s/iter; left time: 121.5855s
	speed: 0.0268s/iter; left time: 121.3518s
	speed: 0.0272s/iter; left time: 120.3415s
	speed: 0.0227s/iter; left time: 97.9916s
	speed: 0.0251s/iter; left time: 106.0321s
	speed: 0.0257s/iter; left time: 105.9040s
	speed: 0.0262s/iter; left time: 105.3433s
	speed: 0.0261s/iter; left time: 102.1561s
	speed: 0.0261s/iter; left time: 99.8597s
	speed: 0.0232s/iter; left time: 86.2990s
	speed: 0.0261s/iter; left time: 94.3398s
	speed: 0.0264s/iter; left time: 92.8942s
	speed: 0.0246s/iter; left time: 84.2412s
	speed: 0.0272s/iter; left time: 90.3352s
	speed: 0.0234s/iter; left time: 75.3660s
	speed: 0.0280s/iter; left time: 87.2748s
	speed: 0.0282s/iter; left time: 85.1696s
	speed: 0.0305s/iter; left time: 88.9676s
	speed: 0.0284s/iter; left time: 80.2007s
	speed: 0.0267s/iter; left time: 72.5894s
	speed: 0.0244s/iter; left time: 63.9740s
	speed: 0.0235s/iter; left time: 59.3089s
	speed: 0.0272s/iter; left time: 65.9674s
	speed: 0.0278s/iter; left time: 64.4674s
	speed: 0.0260s/iter; left time: 57.7263s
	speed: 0.0270s/iter; left time: 57.2937s
	speed: 0.0248s/iter; left time: 50.1055s
	speed: 0.0249s/iter; left time: 47.9175s
	speed: 0.0242s/iter; left time: 44.1544s
	speed: 0.0279s/iter; left time: 47.9304s
	speed: 0.0268s/iter; left time: 43.4808s
	speed: 0.0278s/iter; left time: 42.2412s
	speed: 0.0276s/iter; left time: 39.1845s
	speed: 0.0276s/iter; left time: 36.4286s
	speed: 0.0271s/iter; left time: 33.1425s
	speed: 0.0267s/iter; left time: 29.8773s
	speed: 0.0238s/iter; left time: 24.3114s
	speed: 0.0241s/iter; left time: 22.2284s
	speed: 0.0294s/iter; left time: 24.1734s
	speed: 0.0292s/iter; left time: 21.0401s
	speed: 0.0264s/iter; left time: 16.3693s
	speed: 0.0269s/iter; left time: 14.0267s
	speed: 0.0276s/iter; left time: 11.6095s
	speed: 0.0296s/iter; left time: 9.4875s
	speed: 0.0290s/iter; left time: 6.3987s
	speed: 0.0281s/iter; left time: 3.4059s
	speed: 0.0291s/iter; left time: 0.6114s
2025-11-13 17:38:06,868 - INFO - 训练完成!
2025-11-13 17:38:06,868 - INFO - 开始测试模型...
Epoch: 1, Cost time: 323.931s 
Loading checkpoint from: checkpoints2_e_layers_analysis/contact_e_layers1_20251113_173236/contact_cleaned_1minut_20250928_172122_checkpoint_2025-11-13_17-38-06/model.pth
Threshold : 0.3376695165038109
2025-11-13 17:41:58,510 - INFO - 测试完成!
pa_accuracy           : 0.9533
pa_precision          : 0.5318
pa_recall             : 0.6672
pa_f_score            : 0.5918
MCC_score             : 0.5715
Affiliation precision : 0.5567
Affiliation recall    : 0.8121
R_AUC_ROC             : 0.6617
R_AUC_PR              : 0.5219
VUS_ROC               : 0.6622
VUS_PR                : 0.5181
Accuracy : 0.9533, Precision : 0.5318, Recall : 0.6672, F-score : 0.5918 
Test results saved to: checkpoints2_e_layers_analysis/contact_e_layers1_20251113_173236/contact_cleaned_1minut_20250928_172122_checkpoint_2025-11-13_17-38-06/result.json
/home/wanting/KDD2023-DCdetector/venv/lib/python3.12/site-packages/tsfresh/__init__.py:12: UserWarning: pkg_resources is deprecated as an API. See https://setuptools.pypa.io/en/latest/pkg_resources.html. The pkg_resources package is slated for removal as early as 2025-11-30. Refrain from using this package or pin to Setuptools<81.
  import pkg_resources
2025-11-13 17:42:01,308 - INFO - 开始使用自定义数据集运行DCdetector...
2025-11-13 17:42:01,308 - INFO - 数据集: Custom
2025-11-13 17:42:01,308 - INFO - 输入特征维度: 10
2025-11-13 17:42:01,308 - INFO - 窗口大小: 30
2025-11-13 17:42:01,308 - INFO - 批次大小: 32
2025-11-13 17:42:03,631 - INFO - 开始训练模型...
[onlyNormalData=True] 训练集过滤异常数据: 377158 行 -> 339888 行 (移除 37270 个异常样本)

[PCA降维] 启用
  n_components=10
  PCA前特征维度: 27
  PCA后特征维度: 10
  解释方差比（前10个）: [0.51869311 0.15333047 0.1103832  0.07160594 0.0435558  0.02740393
 0.0225212  0.01900313 0.00983904 0.00835796]
  累积解释方差: 0.9847
  时间点数量: train=339888, val=80820, test=80820 (未改变)
[PCA降维] 完成
数据加载自: dataset/downsampleData_scratch_1minut/contact/contact_cleaned_1minut_20250928_172122.parquet
训练集形状: (339888, 10)
验证集形状: (80820, 10)
测试集形状: (80820, 10)
特征维度: 10
异常比例（行级）:
- 训练集: 原始 9.88% -> 现有 0.00%
- 验证集: 5.85%
- 测试集: 5.06%
[onlyNormalData=True] 训练集过滤异常数据: 377158 行 -> 339888 行 (移除 37270 个异常样本)

[PCA降维] 启用
  n_components=10
  PCA前特征维度: 27
  PCA后特征维度: 10
  解释方差比（前10个）: [0.51869311 0.15333047 0.1103832  0.07160594 0.0435558  0.02740393
 0.0225212  0.01900313 0.00983904 0.00835796]
  累积解释方差: 0.9847
  时间点数量: train=339888, val=80820, test=80820 (未改变)
[PCA降维] 完成
数据加载自: dataset/downsampleData_scratch_1minut/contact/contact_cleaned_1minut_20250928_172122.parquet
训练集形状: (339888, 10)
验证集形状: (80820, 10)
测试集形状: (80820, 10)
特征维度: 10
异常比例（行级）:
- 训练集: 原始 9.88% -> 现有 0.00%
- 验证集: 5.85%
- 测试集: 5.06%
[onlyNormalData=True] 训练集过滤异常数据: 377158 行 -> 339888 行 (移除 37270 个异常样本)

[PCA降维] 启用
  n_components=10
  PCA前特征维度: 27
  PCA后特征维度: 10
  解释方差比（前10个）: [0.51869311 0.15333047 0.1103832  0.07160594 0.0435558  0.02740393
 0.0225212  0.01900313 0.00983904 0.00835796]
  累积解释方差: 0.9847
  时间点数量: train=339888, val=80820, test=80820 (未改变)
[PCA降维] 完成
数据加载自: dataset/downsampleData_scratch_1minut/contact/contact_cleaned_1minut_20250928_172122.parquet
训练集形状: (339888, 10)
验证集形状: (80820, 10)
测试集形状: (80820, 10)
特征维度: 10
异常比例（行级）:
- 训练集: 原始 9.88% -> 现有 0.00%
- 验证集: 5.85%
- 测试集: 5.06%
[onlyNormalData=True] 训练集过滤异常数据: 377158 行 -> 339888 行 (移除 37270 个异常样本)

[PCA降维] 启用
  n_components=10
  PCA前特征维度: 27
  PCA后特征维度: 10
  解释方差比（前10个）: [0.51869311 0.15333047 0.1103832  0.07160594 0.0435558  0.02740393
 0.0225212  0.01900313 0.00983904 0.00835796]
  累积解释方差: 0.9847
  时间点数量: train=339888, val=80820, test=80820 (未改变)
[PCA降维] 完成
数据加载自: dataset/downsampleData_scratch_1minut/contact/contact_cleaned_1minut_20250928_172122.parquet
训练集形状: (339888, 10)
验证集形状: (80820, 10)
测试集形状: (80820, 10)
特征维度: 10
异常比例（行级）:
- 训练集: 原始 9.88% -> 现有 0.00%
- 验证集: 5.85%
- 测试集: 5.06%
	speed: 0.0431s/iter; left time: 453.2284s
	speed: 0.0363s/iter; left time: 377.8223s
	speed: 0.0355s/iter; left time: 366.1732s
	speed: 0.0346s/iter; left time: 354.1162s
	speed: 0.0360s/iter; left time: 364.6755s
	speed: 0.0360s/iter; left time: 360.7662s
	speed: 0.0359s/iter; left time: 356.2989s
	speed: 0.0359s/iter; left time: 352.2256s
	speed: 0.0362s/iter; left time: 352.1568s
	speed: 0.0342s/iter; left time: 329.2169s
	speed: 0.0342s/iter; left time: 326.0216s
	speed: 0.0342s/iter; left time: 321.8403s
	speed: 0.0354s/iter; left time: 330.2981s
	speed: 0.0351s/iter; left time: 323.9604s
	speed: 0.0351s/iter; left time: 320.2652s
	speed: 0.0314s/iter; left time: 283.5779s
	speed: 0.0352s/iter; left time: 314.3522s
	speed: 0.0337s/iter; left time: 296.8736s
	speed: 0.0315s/iter; left time: 274.5956s
	speed: 0.0331s/iter; left time: 285.5182s
	speed: 0.0330s/iter; left time: 281.2954s
	speed: 0.0388s/iter; left time: 326.8974s
	speed: 0.0385s/iter; left time: 320.5704s
	speed: 0.0381s/iter; left time: 313.5710s
	speed: 0.0366s/iter; left time: 297.3153s
	speed: 0.0369s/iter; left time: 296.3727s
	speed: 0.0371s/iter; left time: 294.2332s
	speed: 0.0360s/iter; left time: 281.9343s
	speed: 0.0358s/iter; left time: 276.6458s
	speed: 0.0361s/iter; left time: 275.1593s
	speed: 0.0361s/iter; left time: 271.7163s
	speed: 0.0361s/iter; left time: 267.8500s
	speed: 0.0360s/iter; left time: 263.8535s
	speed: 0.0359s/iter; left time: 259.3627s
	speed: 0.0361s/iter; left time: 257.1273s
	speed: 0.0362s/iter; left time: 253.8549s
	speed: 0.0364s/iter; left time: 251.6389s
	speed: 0.0362s/iter; left time: 246.7913s
	speed: 0.0353s/iter; left time: 237.4889s
	speed: 0.0354s/iter; left time: 234.1797s
	speed: 0.0361s/iter; left time: 235.1786s
	speed: 0.0362s/iter; left time: 232.7356s
	speed: 0.0365s/iter; left time: 230.9678s
	speed: 0.0355s/iter; left time: 221.0313s
	speed: 0.0358s/iter; left time: 219.3813s
	speed: 0.0352s/iter; left time: 212.1755s
	speed: 0.0341s/iter; left time: 202.0020s
	speed: 0.0344s/iter; left time: 200.4079s
	speed: 0.0338s/iter; left time: 193.4201s
	speed: 0.0342s/iter; left time: 192.4626s
	speed: 0.0342s/iter; left time: 188.8991s
	speed: 0.0342s/iter; left time: 185.6036s
	speed: 0.0338s/iter; left time: 179.9524s
	speed: 0.0338s/iter; left time: 176.6254s
	speed: 0.0338s/iter; left time: 173.2391s
	speed: 0.0343s/iter; left time: 171.9806s
	speed: 0.0337s/iter; left time: 165.6248s
	speed: 0.0342s/iter; left time: 164.6375s
	speed: 0.0344s/iter; left time: 162.1749s
	speed: 0.0342s/iter; left time: 158.1085s
	speed: 0.0312s/iter; left time: 141.0947s
	speed: 0.0296s/iter; left time: 130.6833s
	speed: 0.0296s/iter; left time: 127.7463s
	speed: 0.0298s/iter; left time: 125.6105s
	speed: 0.0295s/iter; left time: 121.5764s
	speed: 0.0295s/iter; left time: 118.7265s
	speed: 0.0294s/iter; left time: 115.2878s
	speed: 0.0294s/iter; left time: 112.4934s
	speed: 0.0293s/iter; left time: 109.1411s
	speed: 0.0294s/iter; left time: 106.5148s
	speed: 0.0294s/iter; left time: 103.6552s
	speed: 0.0294s/iter; left time: 100.6862s
	speed: 0.0294s/iter; left time: 97.7642s
	speed: 0.0293s/iter; left time: 94.3805s
	speed: 0.0291s/iter; left time: 90.9187s
	speed: 0.0294s/iter; left time: 88.9035s
	speed: 0.0295s/iter; left time: 86.0706s
	speed: 0.0294s/iter; left time: 83.0256s
	speed: 0.0295s/iter; left time: 80.1693s
	speed: 0.0294s/iter; left time: 77.0277s
	speed: 0.0295s/iter; left time: 74.3295s
	speed: 0.0294s/iter; left time: 71.2921s
	speed: 0.0294s/iter; left time: 68.2906s
	speed: 0.0292s/iter; left time: 64.7775s
	speed: 0.0294s/iter; left time: 62.4492s
	speed: 0.0292s/iter; left time: 59.0911s
	speed: 0.0281s/iter; left time: 53.9257s
	speed: 0.0277s/iter; left time: 50.3591s
	speed: 0.0265s/iter; left time: 45.5261s
	speed: 0.0239s/iter; left time: 38.7238s
	speed: 0.0234s/iter; left time: 35.5406s
	speed: 0.0237s/iter; left time: 33.6671s
	speed: 0.0231s/iter; left time: 30.5111s
	speed: 0.0234s/iter; left time: 28.5909s
	speed: 0.0236s/iter; left time: 26.4617s
	speed: 0.0232s/iter; left time: 23.6796s
	speed: 0.0234s/iter; left time: 21.5328s
	speed: 0.0237s/iter; left time: 19.4946s
	speed: 0.0234s/iter; left time: 16.8609s
	speed: 0.0238s/iter; left time: 14.7887s
	speed: 0.0238s/iter; left time: 12.3964s
	speed: 0.0234s/iter; left time: 9.8407s
	speed: 0.0236s/iter; left time: 7.5766s
	speed: 0.0232s/iter; left time: 5.1289s
	speed: 0.0233s/iter; left time: 2.8202s
	speed: 0.0234s/iter; left time: 0.4907s
2025-11-13 17:48:32,155 - INFO - 训练完成!
2025-11-13 17:48:32,155 - INFO - 开始测试模型...
Epoch: 1, Cost time: 388.499s 
Loading checkpoint from: checkpoints2_e_layers_analysis/contact_e_layers3_20251113_174159/contact_cleaned_1minut_20250928_172122_checkpoint_2025-11-13_17-48-32/model.pth
Threshold : 0.3362106382846832
2025-11-13 17:52:00,241 - INFO - 测试完成!
pa_accuracy           : 0.9511
pa_precision          : 0.5148
pa_recall             : 0.6283
pa_f_score            : 0.5659
MCC_score             : 0.5433
Affiliation precision : 0.5339
Affiliation recall    : 0.7689
R_AUC_ROC             : 0.6543
R_AUC_PR              : 0.5092
VUS_ROC               : 0.6485
VUS_PR                : 0.4980
Accuracy : 0.9511, Precision : 0.5148, Recall : 0.6283, F-score : 0.5659 
Test results saved to: checkpoints2_e_layers_analysis/contact_e_layers3_20251113_174159/contact_cleaned_1minut_20250928_172122_checkpoint_2025-11-13_17-48-32/result.json
/home/wanting/KDD2023-DCdetector/venv/lib/python3.12/site-packages/tsfresh/__init__.py:12: UserWarning: pkg_resources is deprecated as an API. See https://setuptools.pypa.io/en/latest/pkg_resources.html. The pkg_resources package is slated for removal as early as 2025-11-30. Refrain from using this package or pin to Setuptools<81.
  import pkg_resources
2025-11-13 17:52:02,891 - INFO - 开始使用自定义数据集运行DCdetector...
2025-11-13 17:52:02,891 - INFO - 数据集: Custom
2025-11-13 17:52:02,891 - INFO - 输入特征维度: 10
2025-11-13 17:52:02,891 - INFO - 窗口大小: 30
2025-11-13 17:52:02,891 - INFO - 批次大小: 32
2025-11-13 17:52:04,931 - INFO - 开始训练模型...
[onlyNormalData=True] 训练集过滤异常数据: 377158 行 -> 339888 行 (移除 37270 个异常样本)

[PCA降维] 启用
  n_components=10
  PCA前特征维度: 27
  PCA后特征维度: 10
  解释方差比（前10个）: [0.51869311 0.15333047 0.1103832  0.07160594 0.0435558  0.02740393
 0.0225212  0.01900313 0.00983904 0.00835796]
  累积解释方差: 0.9847
  时间点数量: train=339888, val=80820, test=80820 (未改变)
[PCA降维] 完成
数据加载自: dataset/downsampleData_scratch_1minut/contact/contact_cleaned_1minut_20250928_172122.parquet
训练集形状: (339888, 10)
验证集形状: (80820, 10)
测试集形状: (80820, 10)
特征维度: 10
异常比例（行级）:
- 训练集: 原始 9.88% -> 现有 0.00%
- 验证集: 5.85%
- 测试集: 5.06%
[onlyNormalData=True] 训练集过滤异常数据: 377158 行 -> 339888 行 (移除 37270 个异常样本)

[PCA降维] 启用
  n_components=10
  PCA前特征维度: 27
  PCA后特征维度: 10
  解释方差比（前10个）: [0.51869311 0.15333047 0.1103832  0.07160594 0.0435558  0.02740393
 0.0225212  0.01900313 0.00983904 0.00835796]
  累积解释方差: 0.9847
  时间点数量: train=339888, val=80820, test=80820 (未改变)
[PCA降维] 完成
数据加载自: dataset/downsampleData_scratch_1minut/contact/contact_cleaned_1minut_20250928_172122.parquet
训练集形状: (339888, 10)
验证集形状: (80820, 10)
测试集形状: (80820, 10)
特征维度: 10
异常比例（行级）:
- 训练集: 原始 9.88% -> 现有 0.00%
- 验证集: 5.85%
- 测试集: 5.06%
[onlyNormalData=True] 训练集过滤异常数据: 377158 行 -> 339888 行 (移除 37270 个异常样本)

[PCA降维] 启用
  n_components=10
  PCA前特征维度: 27
  PCA后特征维度: 10
  解释方差比（前10个）: [0.51869311 0.15333047 0.1103832  0.07160594 0.0435558  0.02740393
 0.0225212  0.01900313 0.00983904 0.00835796]
  累积解释方差: 0.9847
  时间点数量: train=339888, val=80820, test=80820 (未改变)
[PCA降维] 完成
数据加载自: dataset/downsampleData_scratch_1minut/contact/contact_cleaned_1minut_20250928_172122.parquet
训练集形状: (339888, 10)
验证集形状: (80820, 10)
测试集形状: (80820, 10)
特征维度: 10
异常比例（行级）:
- 训练集: 原始 9.88% -> 现有 0.00%
- 验证集: 5.85%
- 测试集: 5.06%
[onlyNormalData=True] 训练集过滤异常数据: 377158 行 -> 339888 行 (移除 37270 个异常样本)

[PCA降维] 启用
  n_components=10
  PCA前特征维度: 27
  PCA后特征维度: 10
  解释方差比（前10个）: [0.51869311 0.15333047 0.1103832  0.07160594 0.0435558  0.02740393
 0.0225212  0.01900313 0.00983904 0.00835796]
  累积解释方差: 0.9847
  时间点数量: train=339888, val=80820, test=80820 (未改变)
[PCA降维] 完成
数据加载自: dataset/downsampleData_scratch_1minut/contact/contact_cleaned_1minut_20250928_172122.parquet
训练集形状: (339888, 10)
验证集形状: (80820, 10)
测试集形状: (80820, 10)
特征维度: 10
异常比例（行级）:
- 训练集: 原始 9.88% -> 现有 0.00%
- 验证集: 5.85%
- 测试集: 5.06%
	speed: 0.0429s/iter; left time: 451.0713s
	speed: 0.0374s/iter; left time: 389.3468s
	speed: 0.0383s/iter; left time: 395.3304s
	speed: 0.0355s/iter; left time: 362.9031s
	speed: 0.0317s/iter; left time: 320.3468s
	speed: 0.0325s/iter; left time: 325.6311s
	speed: 0.0315s/iter; left time: 312.5048s
	speed: 0.0314s/iter; left time: 308.3361s
	speed: 0.0316s/iter; left time: 307.2237s
	speed: 0.0316s/iter; left time: 304.2281s
	speed: 0.0310s/iter; left time: 295.1488s
	speed: 0.0288s/iter; left time: 270.9818s
	speed: 0.0280s/iter; left time: 260.8737s
	speed: 0.0288s/iter; left time: 265.3059s
	speed: 0.0287s/iter; left time: 261.6930s
	speed: 0.0282s/iter; left time: 254.1552s
	speed: 0.0289s/iter; left time: 258.0845s
	speed: 0.0320s/iter; left time: 282.5797s
	speed: 0.0338s/iter; left time: 294.3493s
	speed: 0.0371s/iter; left time: 319.6689s
	speed: 0.0366s/iter; left time: 311.4447s
	speed: 0.0376s/iter; left time: 316.9905s
	speed: 0.0369s/iter; left time: 307.1584s
	speed: 0.0367s/iter; left time: 301.4475s
	speed: 0.0369s/iter; left time: 299.5749s
	speed: 0.0366s/iter; left time: 293.3479s
	speed: 0.0366s/iter; left time: 290.1434s
	speed: 0.0372s/iter; left time: 290.9777s
	speed: 0.0367s/iter; left time: 283.1395s
	speed: 0.0372s/iter; left time: 283.7981s
	speed: 0.0373s/iter; left time: 280.8211s
	speed: 0.0366s/iter; left time: 271.9172s
	speed: 0.0371s/iter; left time: 271.4709s
	speed: 0.0369s/iter; left time: 266.7504s
	speed: 0.0364s/iter; left time: 259.1536s
	speed: 0.0364s/iter; left time: 255.6709s
	speed: 0.0367s/iter; left time: 253.7856s
	speed: 0.0366s/iter; left time: 249.7333s
	speed: 0.0367s/iter; left time: 246.3898s
	speed: 0.0366s/iter; left time: 242.1236s
	speed: 0.0361s/iter; left time: 235.6189s
	speed: 0.0367s/iter; left time: 235.5467s
	speed: 0.0368s/iter; left time: 232.3950s
	speed: 0.0366s/iter; left time: 227.8952s
	speed: 0.0370s/iter; left time: 226.4069s
	speed: 0.0370s/iter; left time: 223.0085s
	speed: 0.0370s/iter; left time: 219.3061s
	speed: 0.0358s/iter; left time: 208.4270s
	speed: 0.0366s/iter; left time: 209.6081s
	speed: 0.0369s/iter; left time: 207.2766s
	speed: 0.0367s/iter; left time: 202.7280s
	speed: 0.0364s/iter; left time: 197.2221s
	speed: 0.0365s/iter; left time: 194.2765s
	speed: 0.0368s/iter; left time: 191.9712s
	speed: 0.0363s/iter; left time: 186.1195s
	speed: 0.0366s/iter; left time: 183.5735s
	speed: 0.0350s/iter; left time: 172.1303s
	speed: 0.0365s/iter; left time: 175.9343s
	speed: 0.0352s/iter; left time: 165.9854s
	speed: 0.0336s/iter; left time: 155.0460s
	speed: 0.0337s/iter; left time: 152.2164s
	speed: 0.0337s/iter; left time: 149.1501s
	speed: 0.0333s/iter; left time: 143.9726s
	speed: 0.0349s/iter; left time: 147.2096s
	speed: 0.0328s/iter; left time: 135.3257s
	speed: 0.0335s/iter; left time: 134.7924s
	speed: 0.0338s/iter; left time: 132.3985s
	speed: 0.0337s/iter; left time: 128.6408s
	speed: 0.0337s/iter; left time: 125.3541s
	speed: 0.0338s/iter; left time: 122.3157s
	speed: 0.0339s/iter; left time: 119.3129s
	speed: 0.0340s/iter; left time: 116.2431s
	speed: 0.0339s/iter; left time: 112.6808s
	speed: 0.0341s/iter; left time: 109.6832s
	speed: 0.0338s/iter; left time: 105.4306s
	speed: 0.0340s/iter; left time: 102.6306s
	speed: 0.0331s/iter; left time: 96.7917s
	speed: 0.0336s/iter; left time: 94.7236s
	speed: 0.0329s/iter; left time: 89.4877s
	speed: 0.0346s/iter; left time: 90.6919s
	speed: 0.0334s/iter; left time: 84.1471s
	speed: 0.0337s/iter; left time: 81.6045s
	speed: 0.0332s/iter; left time: 76.9488s
	speed: 0.0337s/iter; left time: 74.9445s
	speed: 0.0333s/iter; left time: 70.5449s
	speed: 0.0331s/iter; left time: 66.8200s
	speed: 0.0336s/iter; left time: 64.5493s
	speed: 0.0328s/iter; left time: 59.7968s
	speed: 0.0324s/iter; left time: 55.8436s
	speed: 0.0334s/iter; left time: 54.1584s
	speed: 0.0318s/iter; left time: 48.4199s
	speed: 0.0302s/iter; left time: 42.8534s
	speed: 0.0296s/iter; left time: 39.0685s
	speed: 0.0293s/iter; left time: 35.7880s
	speed: 0.0294s/iter; left time: 33.0038s
	speed: 0.0295s/iter; left time: 30.1126s
	speed: 0.0293s/iter; left time: 26.9642s
	speed: 0.0301s/iter; left time: 24.6806s
	speed: 0.0296s/iter; left time: 21.3766s
	speed: 0.0294s/iter; left time: 18.2364s
	speed: 0.0296s/iter; left time: 15.4425s
	speed: 0.0299s/iter; left time: 12.6065s
	speed: 0.0301s/iter; left time: 9.6656s
	speed: 0.0298s/iter; left time: 6.5895s
	speed: 0.0298s/iter; left time: 3.6043s
	speed: 0.0294s/iter; left time: 0.6180s
2025-11-13 17:58:55,679 - INFO - 训练完成!
2025-11-13 17:58:55,680 - INFO - 开始测试模型...
Epoch: 1, Cost time: 410.722s 
Loading checkpoint from: checkpoints2_e_layers_analysis/contact_e_layers5_20251113_175200/contact_cleaned_1minut_20250928_172122_checkpoint_2025-11-13_17-58-55/model.pth
Threshold : 0.3440193235874176
2025-11-13 18:03:05,798 - INFO - 测试完成!
pa_accuracy           : 0.9526
pa_precision          : 0.5262
pa_recall             : 0.6530
pa_f_score            : 0.5828
MCC_score             : 0.5616
Affiliation precision : 0.5522
Affiliation recall    : 0.8392
R_AUC_ROC             : 0.6639
R_AUC_PR              : 0.5279
VUS_ROC               : 0.6671
VUS_PR                : 0.5250
Accuracy : 0.9526, Precision : 0.5262, Recall : 0.6530, F-score : 0.5828 
Test results saved to: checkpoints2_e_layers_analysis/contact_e_layers5_20251113_175200/contact_cleaned_1minut_20250928_172122_checkpoint_2025-11-13_17-58-55/result.json
/home/wanting/KDD2023-DCdetector/venv/lib/python3.12/site-packages/tsfresh/__init__.py:12: UserWarning: pkg_resources is deprecated as an API. See https://setuptools.pypa.io/en/latest/pkg_resources.html. The pkg_resources package is slated for removal as early as 2025-11-30. Refrain from using this package or pin to Setuptools<81.
  import pkg_resources
2025-11-13 18:03:08,468 - INFO - 开始使用自定义数据集运行DCdetector...
2025-11-13 18:03:08,468 - INFO - 数据集: Custom
2025-11-13 18:03:08,468 - INFO - 输入特征维度: 10
2025-11-13 18:03:08,468 - INFO - 窗口大小: 30
2025-11-13 18:03:08,468 - INFO - 批次大小: 32
2025-11-13 18:03:10,578 - INFO - 开始训练模型...
[onlyNormalData=True] 训练集过滤异常数据: 377158 行 -> 339888 行 (移除 37270 个异常样本)

[PCA降维] 启用
  n_components=10
  PCA前特征维度: 27
  PCA后特征维度: 10
  解释方差比（前10个）: [0.51869311 0.15333047 0.1103832  0.07160594 0.0435558  0.02740393
 0.0225212  0.01900313 0.00983904 0.00835796]
  累积解释方差: 0.9847
  时间点数量: train=339888, val=80820, test=80820 (未改变)
[PCA降维] 完成
数据加载自: dataset/downsampleData_scratch_1minut/contact/contact_cleaned_1minut_20250928_172122.parquet
训练集形状: (339888, 10)
验证集形状: (80820, 10)
测试集形状: (80820, 10)
特征维度: 10
异常比例（行级）:
- 训练集: 原始 9.88% -> 现有 0.00%
- 验证集: 5.85%
- 测试集: 5.06%
[onlyNormalData=True] 训练集过滤异常数据: 377158 行 -> 339888 行 (移除 37270 个异常样本)

[PCA降维] 启用
  n_components=10
  PCA前特征维度: 27
  PCA后特征维度: 10
  解释方差比（前10个）: [0.51869311 0.15333047 0.1103832  0.07160594 0.0435558  0.02740393
 0.0225212  0.01900313 0.00983904 0.00835796]
  累积解释方差: 0.9847
  时间点数量: train=339888, val=80820, test=80820 (未改变)
[PCA降维] 完成
数据加载自: dataset/downsampleData_scratch_1minut/contact/contact_cleaned_1minut_20250928_172122.parquet
训练集形状: (339888, 10)
验证集形状: (80820, 10)
测试集形状: (80820, 10)
特征维度: 10
异常比例（行级）:
- 训练集: 原始 9.88% -> 现有 0.00%
- 验证集: 5.85%
- 测试集: 5.06%
[onlyNormalData=True] 训练集过滤异常数据: 377158 行 -> 339888 行 (移除 37270 个异常样本)

[PCA降维] 启用
  n_components=10
  PCA前特征维度: 27
  PCA后特征维度: 10
  解释方差比（前10个）: [0.51869311 0.15333047 0.1103832  0.07160594 0.0435558  0.02740393
 0.0225212  0.01900313 0.00983904 0.00835796]
  累积解释方差: 0.9847
  时间点数量: train=339888, val=80820, test=80820 (未改变)
[PCA降维] 完成
数据加载自: dataset/downsampleData_scratch_1minut/contact/contact_cleaned_1minut_20250928_172122.parquet
训练集形状: (339888, 10)
验证集形状: (80820, 10)
测试集形状: (80820, 10)
特征维度: 10
异常比例（行级）:
- 训练集: 原始 9.88% -> 现有 0.00%
- 验证集: 5.85%
- 测试集: 5.06%
[onlyNormalData=True] 训练集过滤异常数据: 377158 行 -> 339888 行 (移除 37270 个异常样本)

[PCA降维] 启用
  n_components=10
  PCA前特征维度: 27
  PCA后特征维度: 10
  解释方差比（前10个）: [0.51869311 0.15333047 0.1103832  0.07160594 0.0435558  0.02740393
 0.0225212  0.01900313 0.00983904 0.00835796]
  累积解释方差: 0.9847
  时间点数量: train=339888, val=80820, test=80820 (未改变)
[PCA降维] 完成
数据加载自: dataset/downsampleData_scratch_1minut/contact/contact_cleaned_1minut_20250928_172122.parquet
训练集形状: (339888, 10)
验证集形状: (80820, 10)
测试集形状: (80820, 10)
特征维度: 10
异常比例（行级）:
- 训练集: 原始 9.88% -> 现有 0.00%
- 验证集: 5.85%
- 测试集: 5.06%
	speed: 0.0505s/iter; left time: 530.8162s
	speed: 0.0416s/iter; left time: 433.1808s
	speed: 0.0460s/iter; left time: 474.5175s
	speed: 0.0501s/iter; left time: 511.6537s
	speed: 0.0501s/iter; left time: 507.3671s
	speed: 0.0497s/iter; left time: 497.6210s
	speed: 0.0490s/iter; left time: 486.4448s
	speed: 0.0492s/iter; left time: 483.1407s
	speed: 0.0495s/iter; left time: 480.8006s
	speed: 0.0494s/iter; left time: 475.2922s
	speed: 0.0494s/iter; left time: 469.9459s
	speed: 0.0491s/iter; left time: 462.5786s
	speed: 0.0499s/iter; left time: 465.2731s
	speed: 0.0502s/iter; left time: 463.0619s
	speed: 0.0506s/iter; left time: 461.4495s
	speed: 0.0503s/iter; left time: 453.6837s
	speed: 0.0499s/iter; left time: 445.4853s
	speed: 0.0502s/iter; left time: 442.5889s
	speed: 0.0478s/iter; left time: 416.6112s
	speed: 0.0477s/iter; left time: 411.1331s
	speed: 0.0476s/iter; left time: 405.7266s
	speed: 0.0478s/iter; left time: 402.1953s
	speed: 0.0478s/iter; left time: 397.7077s
	speed: 0.0480s/iter; left time: 394.7126s
	speed: 0.0480s/iter; left time: 390.1891s
	speed: 0.0477s/iter; left time: 382.7929s
	speed: 0.0482s/iter; left time: 381.5006s
	speed: 0.0473s/iter; left time: 370.0967s
	speed: 0.0474s/iter; left time: 365.6895s
	speed: 0.0477s/iter; left time: 363.3062s
	speed: 0.0485s/iter; left time: 364.6289s
	speed: 0.0478s/iter; left time: 355.0294s
	speed: 0.0481s/iter; left time: 351.9496s
	speed: 0.0478s/iter; left time: 344.8350s
	speed: 0.0476s/iter; left time: 338.7110s
	speed: 0.0478s/iter; left time: 335.3811s
	speed: 0.0484s/iter; left time: 335.2276s
	speed: 0.0483s/iter; left time: 329.6310s
	speed: 0.0478s/iter; left time: 321.3170s
	speed: 0.0480s/iter; left time: 318.0682s
	speed: 0.0484s/iter; left time: 315.7779s
	speed: 0.0480s/iter; left time: 308.1755s
	speed: 0.0479s/iter; left time: 302.8720s
	speed: 0.0477s/iter; left time: 296.4876s
	speed: 0.0479s/iter; left time: 293.2948s
	speed: 0.0476s/iter; left time: 286.6276s
	speed: 0.0445s/iter; left time: 263.3552s
	speed: 0.0447s/iter; left time: 259.9439s
	speed: 0.0442s/iter; left time: 252.6402s
	speed: 0.0445s/iter; left time: 250.0415s
	speed: 0.0439s/iter; left time: 242.2850s
	speed: 0.0443s/iter; left time: 240.3030s
	speed: 0.0441s/iter; left time: 234.4719s
	speed: 0.0445s/iter; left time: 232.1935s
	speed: 0.0442s/iter; left time: 226.5407s
	speed: 0.0446s/iter; left time: 224.1057s
	speed: 0.0446s/iter; left time: 219.5660s
	speed: 0.0444s/iter; left time: 214.2089s
	speed: 0.0442s/iter; left time: 208.8928s
	speed: 0.0441s/iter; left time: 203.7470s
	speed: 0.0442s/iter; left time: 199.6946s
	speed: 0.0443s/iter; left time: 195.7419s
	speed: 0.0444s/iter; left time: 191.8660s
	speed: 0.0448s/iter; left time: 188.9576s
	speed: 0.0449s/iter; left time: 185.2338s
	speed: 0.0451s/iter; left time: 181.5459s
	speed: 0.0443s/iter; left time: 173.5389s
	speed: 0.0454s/iter; left time: 173.2825s
	speed: 0.0446s/iter; left time: 165.9302s
	speed: 0.0437s/iter; left time: 158.3615s
	speed: 0.0408s/iter; left time: 143.7174s
	speed: 0.0395s/iter; left time: 135.1199s
	speed: 0.0389s/iter; left time: 129.1611s
	speed: 0.0390s/iter; left time: 125.6456s
	speed: 0.0394s/iter; left time: 122.9467s
	speed: 0.0392s/iter; left time: 118.5137s
	speed: 0.0393s/iter; left time: 114.9362s
	speed: 0.0396s/iter; left time: 111.6337s
	speed: 0.0392s/iter; left time: 106.6965s
	speed: 0.0391s/iter; left time: 102.3573s
	speed: 0.0399s/iter; left time: 100.6761s
	speed: 0.0390s/iter; left time: 94.4147s
	speed: 0.0392s/iter; left time: 91.0024s
	speed: 0.0388s/iter; left time: 86.1309s
	speed: 0.0360s/iter; left time: 76.4516s
	speed: 0.0345s/iter; left time: 69.6376s
	speed: 0.0339s/iter; left time: 65.0515s
	speed: 0.0338s/iter; left time: 61.5660s
	speed: 0.0339s/iter; left time: 58.2608s
	speed: 0.0357s/iter; left time: 57.8166s
	speed: 0.0423s/iter; left time: 64.3679s
	speed: 0.0419s/iter; left time: 59.5643s
	speed: 0.0396s/iter; left time: 52.2616s
	speed: 0.0398s/iter; left time: 48.5374s
	speed: 0.0398s/iter; left time: 44.6538s
	speed: 0.0404s/iter; left time: 41.2324s
	speed: 0.0397s/iter; left time: 36.5821s
	speed: 0.0394s/iter; left time: 32.3876s
	speed: 0.0396s/iter; left time: 28.5564s
	speed: 0.0396s/iter; left time: 24.6219s
	speed: 0.0402s/iter; left time: 20.9398s
	speed: 0.0392s/iter; left time: 16.5191s
	speed: 0.0393s/iter; left time: 12.6244s
	speed: 0.0394s/iter; left time: 8.7172s
	speed: 0.0395s/iter; left time: 4.7740s
	speed: 0.0397s/iter; left time: 0.8344s
2025-11-13 18:12:13,526 - INFO - 训练完成!
2025-11-13 18:12:13,527 - INFO - 开始测试模型...
Epoch: 1, Cost time: 542.921s 
Loading checkpoint from: checkpoints2_e_layers_analysis/contact_e_layers7_20251113_180306/contact_cleaned_1minut_20250928_172122_checkpoint_2025-11-13_18-12-13/model.pth
Threshold : 0.3402707278728485
2025-11-13 18:17:25,017 - INFO - 测试完成!
pa_accuracy           : 0.9520
pa_precision          : 0.5217
pa_recall             : 0.6366
pa_f_score            : 0.5735
MCC_score             : 0.5513
Affiliation precision : 0.5475
Affiliation recall    : 0.8158
R_AUC_ROC             : 0.6585
R_AUC_PR              : 0.5162
VUS_ROC               : 0.6592
VUS_PR                : 0.5116
Accuracy : 0.9520, Precision : 0.5217, Recall : 0.6366, F-score : 0.5735 
Test results saved to: checkpoints2_e_layers_analysis/contact_e_layers7_20251113_180306/contact_cleaned_1minut_20250928_172122_checkpoint_2025-11-13_18-12-13/result.json
/home/wanting/KDD2023-DCdetector/venv/lib/python3.12/site-packages/tsfresh/__init__.py:12: UserWarning: pkg_resources is deprecated as an API. See https://setuptools.pypa.io/en/latest/pkg_resources.html. The pkg_resources package is slated for removal as early as 2025-11-30. Refrain from using this package or pin to Setuptools<81.
  import pkg_resources
2025-11-13 18:17:27,666 - INFO - 开始使用自定义数据集运行DCdetector...
2025-11-13 18:17:27,666 - INFO - 数据集: Custom
2025-11-13 18:17:27,666 - INFO - 输入特征维度: 10
2025-11-13 18:17:27,666 - INFO - 窗口大小: 30
2025-11-13 18:17:27,666 - INFO - 批次大小: 32
2025-11-13 18:17:29,838 - INFO - 开始训练模型...
[onlyNormalData=True] 训练集过滤异常数据: 408309 行 -> 390335 行 (移除 17974 个异常样本)

[PCA降维] 启用
  n_components=10
  PCA前特征维度: 28
  PCA后特征维度: 10
  解释方差比（前10个）: [0.44531896 0.19176419 0.11007933 0.0892243  0.06624989 0.04059656
 0.01873708 0.00939986 0.00887274 0.00681558]
  累积解释方差: 0.9871
  时间点数量: train=390335, val=87495, test=87495 (未改变)
[PCA降维] 完成
数据加载自: dataset/downsampleData_scratch_1minut/ring/Ring_cleaned_1minut_20250928_170147.parquet
训练集形状: (390335, 10)
验证集形状: (87495, 10)
测试集形状: (87495, 10)
特征维度: 10
异常比例（行级）:
- 训练集: 原始 4.40% -> 现有 0.00%
- 验证集: 2.97%
- 测试集: 4.20%
[onlyNormalData=True] 训练集过滤异常数据: 408309 行 -> 390335 行 (移除 17974 个异常样本)

[PCA降维] 启用
  n_components=10
  PCA前特征维度: 28
  PCA后特征维度: 10
  解释方差比（前10个）: [0.44531896 0.19176419 0.11007933 0.0892243  0.06624989 0.04059656
 0.01873708 0.00939986 0.00887274 0.00681558]
  累积解释方差: 0.9871
  时间点数量: train=390335, val=87495, test=87495 (未改变)
[PCA降维] 完成
数据加载自: dataset/downsampleData_scratch_1minut/ring/Ring_cleaned_1minut_20250928_170147.parquet
训练集形状: (390335, 10)
验证集形状: (87495, 10)
测试集形状: (87495, 10)
特征维度: 10
异常比例（行级）:
- 训练集: 原始 4.40% -> 现有 0.00%
- 验证集: 2.97%
- 测试集: 4.20%
[onlyNormalData=True] 训练集过滤异常数据: 408309 行 -> 390335 行 (移除 17974 个异常样本)

[PCA降维] 启用
  n_components=10
  PCA前特征维度: 28
  PCA后特征维度: 10
  解释方差比（前10个）: [0.44531896 0.19176419 0.11007933 0.0892243  0.06624989 0.04059656
 0.01873708 0.00939986 0.00887274 0.00681558]
  累积解释方差: 0.9871
  时间点数量: train=390335, val=87495, test=87495 (未改变)
[PCA降维] 完成
数据加载自: dataset/downsampleData_scratch_1minut/ring/Ring_cleaned_1minut_20250928_170147.parquet
训练集形状: (390335, 10)
验证集形状: (87495, 10)
测试集形状: (87495, 10)
特征维度: 10
异常比例（行级）:
- 训练集: 原始 4.40% -> 现有 0.00%
- 验证集: 2.97%
- 测试集: 4.20%
[onlyNormalData=True] 训练集过滤异常数据: 408309 行 -> 390335 行 (移除 17974 个异常样本)

[PCA降维] 启用
  n_components=10
  PCA前特征维度: 28
  PCA后特征维度: 10
  解释方差比（前10个）: [0.44531896 0.19176419 0.11007933 0.0892243  0.06624989 0.04059656
 0.01873708 0.00939986 0.00887274 0.00681558]
  累积解释方差: 0.9871
  时间点数量: train=390335, val=87495, test=87495 (未改变)
[PCA降维] 完成
数据加载自: dataset/downsampleData_scratch_1minut/ring/Ring_cleaned_1minut_20250928_170147.parquet
训练集形状: (390335, 10)
验证集形状: (87495, 10)
测试集形状: (87495, 10)
特征维度: 10
异常比例（行级）:
- 训练集: 原始 4.40% -> 现有 0.00%
- 验证集: 2.97%
- 测试集: 4.20%
	speed: 0.0312s/iter; left time: 376.9317s
	speed: 0.0262s/iter; left time: 314.4969s
	speed: 0.0258s/iter; left time: 306.7465s
	speed: 0.0263s/iter; left time: 310.5491s
	speed: 0.0263s/iter; left time: 307.0792s
	speed: 0.0271s/iter; left time: 313.8592s
	speed: 0.0263s/iter; left time: 301.9966s
	speed: 0.0258s/iter; left time: 294.0554s
	speed: 0.0260s/iter; left time: 294.2646s
	speed: 0.0259s/iter; left time: 290.5492s
	speed: 0.0261s/iter; left time: 290.2038s
	speed: 0.0258s/iter; left time: 283.8294s
	speed: 0.0256s/iter; left time: 279.1180s
	speed: 0.0258s/iter; left time: 278.6673s
	speed: 0.0265s/iter; left time: 283.8937s
	speed: 0.0262s/iter; left time: 277.7576s
	speed: 0.0258s/iter; left time: 270.8435s
	speed: 0.0263s/iter; left time: 273.2695s
	speed: 0.0258s/iter; left time: 265.4805s
	speed: 0.0264s/iter; left time: 269.0372s
	speed: 0.0263s/iter; left time: 265.6198s
	speed: 0.0271s/iter; left time: 270.6404s
	speed: 0.0261s/iter; left time: 258.5735s
	speed: 0.0265s/iter; left time: 260.0707s
	speed: 0.0260s/iter; left time: 252.3094s
	speed: 0.0261s/iter; left time: 250.7526s
	speed: 0.0263s/iter; left time: 249.7611s
	speed: 0.0264s/iter; left time: 248.3523s
	speed: 0.0258s/iter; left time: 240.1423s
	speed: 0.0260s/iter; left time: 239.3786s
	speed: 0.0256s/iter; left time: 233.1482s
	speed: 0.0263s/iter; left time: 236.7061s
	speed: 0.0271s/iter; left time: 241.1294s
	speed: 0.0260s/iter; left time: 229.0906s
	speed: 0.0266s/iter; left time: 231.5445s
	speed: 0.0259s/iter; left time: 223.0882s
	speed: 0.0262s/iter; left time: 222.5085s
	speed: 0.0260s/iter; left time: 218.0153s
	speed: 0.0257s/iter; left time: 213.1150s
	speed: 0.0254s/iter; left time: 208.3972s
	speed: 0.0226s/iter; left time: 183.1393s
	speed: 0.0221s/iter; left time: 176.6551s
	speed: 0.0220s/iter; left time: 173.7742s
	speed: 0.0219s/iter; left time: 170.9954s
	speed: 0.0222s/iter; left time: 171.0507s
	speed: 0.0222s/iter; left time: 168.8996s
	speed: 0.0225s/iter; left time: 168.3853s
	speed: 0.0224s/iter; left time: 165.9028s
	speed: 0.0219s/iter; left time: 159.7937s
	speed: 0.0220s/iter; left time: 158.2914s
	speed: 0.0218s/iter; left time: 154.9500s
	speed: 0.0222s/iter; left time: 155.3939s
	speed: 0.0221s/iter; left time: 152.2115s
	speed: 0.0218s/iter; left time: 147.8848s
	speed: 0.0220s/iter; left time: 147.6489s
	speed: 0.0221s/iter; left time: 145.6879s
	speed: 0.0221s/iter; left time: 143.4242s
	speed: 0.0224s/iter; left time: 143.2860s
	speed: 0.0221s/iter; left time: 139.1676s
	speed: 0.0224s/iter; left time: 138.7343s
	speed: 0.0219s/iter; left time: 133.5141s
	speed: 0.0222s/iter; left time: 132.8678s
	speed: 0.0227s/iter; left time: 133.8156s
	speed: 0.0222s/iter; left time: 128.6537s
	speed: 0.0221s/iter; left time: 126.1994s
	speed: 0.0221s/iter; left time: 123.8343s
	speed: 0.0220s/iter; left time: 121.2166s
	speed: 0.0225s/iter; left time: 121.7240s
	speed: 0.0224s/iter; left time: 118.8761s
	speed: 0.0192s/iter; left time: 99.8270s
	speed: 0.0178s/iter; left time: 90.6260s
	speed: 0.0181s/iter; left time: 90.4925s
	speed: 0.0194s/iter; left time: 95.0069s
	speed: 0.0192s/iter; left time: 91.9030s
	speed: 0.0181s/iter; left time: 84.9786s
	speed: 0.0186s/iter; left time: 85.5389s
	speed: 0.0184s/iter; left time: 82.8447s
	speed: 0.0184s/iter; left time: 81.1241s
	speed: 0.0188s/iter; left time: 80.7962s
	speed: 0.0190s/iter; left time: 79.5633s
	speed: 0.0185s/iter; left time: 75.9702s
	speed: 0.0187s/iter; left time: 74.8024s
	speed: 0.0186s/iter; left time: 72.3140s
	speed: 0.0187s/iter; left time: 70.8990s
	speed: 0.0186s/iter; left time: 68.6276s
	speed: 0.0187s/iter; left time: 67.1951s
	speed: 0.0182s/iter; left time: 63.7576s
	speed: 0.0185s/iter; left time: 62.8029s
	speed: 0.0186s/iter; left time: 61.3641s
	speed: 0.0189s/iter; left time: 60.2986s
	speed: 0.0169s/iter; left time: 52.3715s
	speed: 0.0155s/iter; left time: 46.5833s
	speed: 0.0152s/iter; left time: 43.9298s
	speed: 0.0157s/iter; left time: 43.8888s
	speed: 0.0156s/iter; left time: 42.0866s
	speed: 0.0151s/iter; left time: 39.2482s
	speed: 0.0159s/iter; left time: 39.6519s
	speed: 0.0156s/iter; left time: 37.4869s
	speed: 0.0151s/iter; left time: 34.7109s
	speed: 0.0158s/iter; left time: 34.8307s
	speed: 0.0160s/iter; left time: 33.6688s
	speed: 0.0163s/iter; left time: 32.6255s
	speed: 0.0153s/iter; left time: 29.0554s
	speed: 0.0157s/iter; left time: 28.2369s
	speed: 0.0153s/iter; left time: 26.0353s
	speed: 0.0241s/iter; left time: 38.5116s
	speed: 0.0245s/iter; left time: 36.6734s
	speed: 0.0246s/iter; left time: 34.4441s
	speed: 0.0245s/iter; left time: 31.8545s
	speed: 0.0244s/iter; left time: 29.2525s
	speed: 0.0246s/iter; left time: 26.9645s
	speed: 0.0247s/iter; left time: 24.6387s
	speed: 0.0245s/iter; left time: 22.0143s
	speed: 0.0247s/iter; left time: 19.6966s
	speed: 0.0249s/iter; left time: 17.3601s
	speed: 0.0245s/iter; left time: 14.6729s
	speed: 0.0247s/iter; left time: 12.2881s
	speed: 0.0245s/iter; left time: 9.7588s
	speed: 0.0245s/iter; left time: 7.2904s
	speed: 0.0247s/iter; left time: 4.8920s
	speed: 0.0248s/iter; left time: 2.4279s
2025-11-13 18:23:06,168 - INFO - 训练完成!
2025-11-13 18:23:06,168 - INFO - 开始测试模型...
Epoch: 1, Cost time: 336.308s 
Loading checkpoint from: checkpoints2_e_layers_analysis/ring_e_layers1_20251113_181725/Ring_cleaned_1minut_20250928_170147_checkpoint_2025-11-13_18-23-06/model.pth
Threshold : 0.3357512354850769
2025-11-13 18:27:49,864 - INFO - 测试完成!
pa_accuracy           : 0.9574
pa_precision          : 0.4945
pa_recall             : 0.5220
pa_f_score            : 0.5079
MCC_score             : 0.4858
Affiliation precision : 0.5392
Affiliation recall    : 0.7161
R_AUC_ROC             : 0.6343
R_AUC_PR              : 0.4704
VUS_ROC               : 0.6329
VUS_PR                : 0.4638
Accuracy : 0.9574, Precision : 0.4945, Recall : 0.5220, F-score : 0.5079 
Test results saved to: checkpoints2_e_layers_analysis/ring_e_layers1_20251113_181725/Ring_cleaned_1minut_20250928_170147_checkpoint_2025-11-13_18-23-06/result.json
/home/wanting/KDD2023-DCdetector/venv/lib/python3.12/site-packages/tsfresh/__init__.py:12: UserWarning: pkg_resources is deprecated as an API. See https://setuptools.pypa.io/en/latest/pkg_resources.html. The pkg_resources package is slated for removal as early as 2025-11-30. Refrain from using this package or pin to Setuptools<81.
  import pkg_resources
2025-11-13 18:27:52,475 - INFO - 开始使用自定义数据集运行DCdetector...
2025-11-13 18:27:52,475 - INFO - 数据集: Custom
2025-11-13 18:27:52,475 - INFO - 输入特征维度: 10
2025-11-13 18:27:52,475 - INFO - 窗口大小: 30
2025-11-13 18:27:52,475 - INFO - 批次大小: 32
2025-11-13 18:27:54,748 - INFO - 开始训练模型...
[onlyNormalData=True] 训练集过滤异常数据: 408309 行 -> 390335 行 (移除 17974 个异常样本)

[PCA降维] 启用
  n_components=10
  PCA前特征维度: 28
  PCA后特征维度: 10
  解释方差比（前10个）: [0.44531896 0.19176419 0.11007933 0.0892243  0.06624989 0.04059656
 0.01873708 0.00939986 0.00887274 0.00681558]
  累积解释方差: 0.9871
  时间点数量: train=390335, val=87495, test=87495 (未改变)
[PCA降维] 完成
数据加载自: dataset/downsampleData_scratch_1minut/ring/Ring_cleaned_1minut_20250928_170147.parquet
训练集形状: (390335, 10)
验证集形状: (87495, 10)
测试集形状: (87495, 10)
特征维度: 10
异常比例（行级）:
- 训练集: 原始 4.40% -> 现有 0.00%
- 验证集: 2.97%
- 测试集: 4.20%
[onlyNormalData=True] 训练集过滤异常数据: 408309 行 -> 390335 行 (移除 17974 个异常样本)

[PCA降维] 启用
  n_components=10
  PCA前特征维度: 28
  PCA后特征维度: 10
  解释方差比（前10个）: [0.44531896 0.19176419 0.11007933 0.0892243  0.06624989 0.04059656
 0.01873708 0.00939986 0.00887274 0.00681558]
  累积解释方差: 0.9871
  时间点数量: train=390335, val=87495, test=87495 (未改变)
[PCA降维] 完成
数据加载自: dataset/downsampleData_scratch_1minut/ring/Ring_cleaned_1minut_20250928_170147.parquet
训练集形状: (390335, 10)
验证集形状: (87495, 10)
测试集形状: (87495, 10)
特征维度: 10
异常比例（行级）:
- 训练集: 原始 4.40% -> 现有 0.00%
- 验证集: 2.97%
- 测试集: 4.20%
[onlyNormalData=True] 训练集过滤异常数据: 408309 行 -> 390335 行 (移除 17974 个异常样本)

[PCA降维] 启用
  n_components=10
  PCA前特征维度: 28
  PCA后特征维度: 10
  解释方差比（前10个）: [0.44531896 0.19176419 0.11007933 0.0892243  0.06624989 0.04059656
 0.01873708 0.00939986 0.00887274 0.00681558]
  累积解释方差: 0.9871
  时间点数量: train=390335, val=87495, test=87495 (未改变)
[PCA降维] 完成
数据加载自: dataset/downsampleData_scratch_1minut/ring/Ring_cleaned_1minut_20250928_170147.parquet
训练集形状: (390335, 10)
验证集形状: (87495, 10)
测试集形状: (87495, 10)
特征维度: 10
异常比例（行级）:
- 训练集: 原始 4.40% -> 现有 0.00%
- 验证集: 2.97%
- 测试集: 4.20%
[onlyNormalData=True] 训练集过滤异常数据: 408309 行 -> 390335 行 (移除 17974 个异常样本)

[PCA降维] 启用
  n_components=10
  PCA前特征维度: 28
  PCA后特征维度: 10
  解释方差比（前10个）: [0.44531896 0.19176419 0.11007933 0.0892243  0.06624989 0.04059656
 0.01873708 0.00939986 0.00887274 0.00681558]
  累积解释方差: 0.9871
  时间点数量: train=390335, val=87495, test=87495 (未改变)
[PCA降维] 完成
数据加载自: dataset/downsampleData_scratch_1minut/ring/Ring_cleaned_1minut_20250928_170147.parquet
训练集形状: (390335, 10)
验证集形状: (87495, 10)
测试集形状: (87495, 10)
特征维度: 10
异常比例（行级）:
- 训练集: 原始 4.40% -> 现有 0.00%
- 验证集: 2.97%
- 测试集: 4.20%
	speed: 0.0377s/iter; left time: 456.6352s
	speed: 0.0318s/iter; left time: 382.0204s
	speed: 0.0320s/iter; left time: 381.1756s
	speed: 0.0320s/iter; left time: 377.8824s
	speed: 0.0299s/iter; left time: 349.6981s
	speed: 0.0302s/iter; left time: 350.8207s
	speed: 0.0300s/iter; left time: 345.2822s
	speed: 0.0302s/iter; left time: 344.2522s
	speed: 0.0300s/iter; left time: 339.0313s
	speed: 0.0309s/iter; left time: 345.6011s
	speed: 0.0301s/iter; left time: 333.6865s
	speed: 0.0309s/iter; left time: 339.6643s
	speed: 0.0314s/iter; left time: 342.3756s
	speed: 0.0303s/iter; left time: 327.2766s
	speed: 0.0309s/iter; left time: 330.1391s
	speed: 0.0301s/iter; left time: 319.3040s
	speed: 0.0289s/iter; left time: 303.1492s
	speed: 0.0284s/iter; left time: 294.8810s
	speed: 0.0288s/iter; left time: 296.8748s
	speed: 0.0289s/iter; left time: 294.2360s
	speed: 0.0292s/iter; left time: 294.7475s
	speed: 0.0301s/iter; left time: 301.3593s
	speed: 0.0299s/iter; left time: 296.0054s
	speed: 0.0325s/iter; left time: 318.5370s
	speed: 0.0344s/iter; left time: 333.9958s
	speed: 0.0341s/iter; left time: 327.4652s
	speed: 0.0342s/iter; left time: 324.7668s
	speed: 0.0343s/iter; left time: 321.9726s
	speed: 0.0346s/iter; left time: 321.7541s
	speed: 0.0337s/iter; left time: 310.1559s
	speed: 0.0343s/iter; left time: 312.2111s
	speed: 0.0346s/iter; left time: 311.3015s
	speed: 0.0355s/iter; left time: 315.5292s
	speed: 0.0340s/iter; left time: 299.2896s
	speed: 0.0343s/iter; left time: 298.5459s
	speed: 0.0347s/iter; left time: 297.9508s
	speed: 0.0341s/iter; left time: 290.0588s
	speed: 0.0339s/iter; left time: 284.3060s
	speed: 0.0349s/iter; left time: 289.4310s
	speed: 0.0346s/iter; left time: 283.3416s
	speed: 0.0349s/iter; left time: 282.5460s
	speed: 0.0349s/iter; left time: 279.0599s
	speed: 0.0349s/iter; left time: 275.6159s
	speed: 0.0343s/iter; left time: 267.7096s
	speed: 0.0337s/iter; left time: 259.1676s
	speed: 0.0348s/iter; left time: 264.7809s
	speed: 0.0338s/iter; left time: 253.3664s
	speed: 0.0338s/iter; left time: 250.1149s
	speed: 0.0339s/iter; left time: 247.6051s
	speed: 0.0337s/iter; left time: 242.3058s
	speed: 0.0336s/iter; left time: 238.7806s
	speed: 0.0339s/iter; left time: 237.2102s
	speed: 0.0343s/iter; left time: 236.8471s
	speed: 0.0341s/iter; left time: 232.0983s
	speed: 0.0336s/iter; left time: 224.8681s
	speed: 0.0344s/iter; left time: 226.9240s
	speed: 0.0346s/iter; left time: 224.5168s
	speed: 0.0336s/iter; left time: 215.2614s
	speed: 0.0337s/iter; left time: 212.1871s
	speed: 0.0347s/iter; left time: 215.1836s
	speed: 0.0348s/iter; left time: 211.9810s
	speed: 0.0345s/iter; left time: 206.8227s
	speed: 0.0341s/iter; left time: 200.8572s
	speed: 0.0339s/iter; left time: 196.6899s
	speed: 0.0342s/iter; left time: 195.0640s
	speed: 0.0338s/iter; left time: 189.0704s
	speed: 0.0341s/iter; left time: 187.4328s
	speed: 0.0347s/iter; left time: 187.4943s
	speed: 0.0348s/iter; left time: 184.1521s
	speed: 0.0336s/iter; left time: 174.7982s
	speed: 0.0347s/iter; left time: 176.7857s
	speed: 0.0345s/iter; left time: 172.6355s
	speed: 0.0345s/iter; left time: 168.9432s
	speed: 0.0335s/iter; left time: 160.9673s
	speed: 0.0343s/iter; left time: 160.9242s
	speed: 0.0345s/iter; left time: 158.4610s
	speed: 0.0344s/iter; left time: 154.5556s
	speed: 0.0348s/iter; left time: 152.9387s
	speed: 0.0344s/iter; left time: 147.6798s
	speed: 0.0348s/iter; left time: 145.9075s
	speed: 0.0342s/iter; left time: 139.9708s
	speed: 0.0337s/iter; left time: 134.7904s
	speed: 0.0328s/iter; left time: 127.7916s
	speed: 0.0306s/iter; left time: 116.2625s
	speed: 0.0294s/iter; left time: 108.8112s
	speed: 0.0295s/iter; left time: 106.0362s
	speed: 0.0306s/iter; left time: 107.0867s
	speed: 0.0312s/iter; left time: 106.1461s
	speed: 0.0307s/iter; left time: 101.2977s
	speed: 0.0314s/iter; left time: 100.2651s
	speed: 0.0310s/iter; left time: 96.0707s
	speed: 0.0313s/iter; left time: 93.8529s
	speed: 0.0308s/iter; left time: 89.2278s
	speed: 0.0302s/iter; left time: 84.4882s
	speed: 0.0298s/iter; left time: 80.3546s
	speed: 0.0304s/iter; left time: 78.8970s
	speed: 0.0310s/iter; left time: 77.4483s
	speed: 0.0293s/iter; left time: 70.3680s
	speed: 0.0253s/iter; left time: 58.1439s
	speed: 0.0266s/iter; left time: 58.4644s
	speed: 0.0259s/iter; left time: 54.3090s
	speed: 0.0257s/iter; left time: 51.3279s
	speed: 0.0258s/iter; left time: 49.0301s
	speed: 0.0250s/iter; left time: 45.0014s
	speed: 0.0256s/iter; left time: 43.4620s
	speed: 0.0262s/iter; left time: 41.8085s
	speed: 0.0266s/iter; left time: 39.7750s
	speed: 0.0269s/iter; left time: 37.5390s
	speed: 0.0251s/iter; left time: 32.5786s
	speed: 0.0217s/iter; left time: 25.9878s
	speed: 0.0212s/iter; left time: 23.3223s
	speed: 0.0213s/iter; left time: 21.2178s
	speed: 0.0199s/iter; left time: 17.8907s
	speed: 0.0211s/iter; left time: 16.8498s
	speed: 0.0208s/iter; left time: 14.5172s
	speed: 0.0206s/iter; left time: 12.3467s
	speed: 0.0213s/iter; left time: 10.6206s
	speed: 0.0215s/iter; left time: 8.5551s
	speed: 0.0251s/iter; left time: 7.4869s
	speed: 0.0253s/iter; left time: 5.0112s
	speed: 0.0273s/iter; left time: 2.6735s
2025-11-13 18:35:21,256 - INFO - 训练完成!
2025-11-13 18:35:21,257 - INFO - 开始测试模型...
Epoch: 1, Cost time: 446.484s 
Loading checkpoint from: checkpoints2_e_layers_analysis/ring_e_layers3_20251113_182750/Ring_cleaned_1minut_20250928_170147_checkpoint_2025-11-13_18-35-21/model.pth
Threshold : 0.3374205088615416
2025-11-13 18:39:01,830 - INFO - 测试完成!
pa_accuracy           : 0.9598
pa_precision          : 0.5189
pa_recall             : 0.6305
pa_f_score            : 0.5693
MCC_score             : 0.5513
Affiliation precision : 0.5271
Affiliation recall    : 0.7526
R_AUC_ROC             : 0.6523
R_AUC_PR              : 0.4944
VUS_ROC               : 0.6558
VUS_PR                : 0.4927
Accuracy : 0.9598, Precision : 0.5189, Recall : 0.6305, F-score : 0.5693 
Test results saved to: checkpoints2_e_layers_analysis/ring_e_layers3_20251113_182750/Ring_cleaned_1minut_20250928_170147_checkpoint_2025-11-13_18-35-21/result.json
/home/wanting/KDD2023-DCdetector/venv/lib/python3.12/site-packages/tsfresh/__init__.py:12: UserWarning: pkg_resources is deprecated as an API. See https://setuptools.pypa.io/en/latest/pkg_resources.html. The pkg_resources package is slated for removal as early as 2025-11-30. Refrain from using this package or pin to Setuptools<81.
  import pkg_resources
2025-11-13 18:39:04,480 - INFO - 开始使用自定义数据集运行DCdetector...
2025-11-13 18:39:04,480 - INFO - 数据集: Custom
2025-11-13 18:39:04,480 - INFO - 输入特征维度: 10
2025-11-13 18:39:04,480 - INFO - 窗口大小: 30
2025-11-13 18:39:04,480 - INFO - 批次大小: 32
2025-11-13 18:39:06,705 - INFO - 开始训练模型...
[onlyNormalData=True] 训练集过滤异常数据: 408309 行 -> 390335 行 (移除 17974 个异常样本)

[PCA降维] 启用
  n_components=10
  PCA前特征维度: 28
  PCA后特征维度: 10
  解释方差比（前10个）: [0.44531896 0.19176419 0.11007933 0.0892243  0.06624989 0.04059656
 0.01873708 0.00939986 0.00887274 0.00681558]
  累积解释方差: 0.9871
  时间点数量: train=390335, val=87495, test=87495 (未改变)
[PCA降维] 完成
数据加载自: dataset/downsampleData_scratch_1minut/ring/Ring_cleaned_1minut_20250928_170147.parquet
训练集形状: (390335, 10)
验证集形状: (87495, 10)
测试集形状: (87495, 10)
特征维度: 10
异常比例（行级）:
- 训练集: 原始 4.40% -> 现有 0.00%
- 验证集: 2.97%
- 测试集: 4.20%
[onlyNormalData=True] 训练集过滤异常数据: 408309 行 -> 390335 行 (移除 17974 个异常样本)

[PCA降维] 启用
  n_components=10
  PCA前特征维度: 28
  PCA后特征维度: 10
  解释方差比（前10个）: [0.44531896 0.19176419 0.11007933 0.0892243  0.06624989 0.04059656
 0.01873708 0.00939986 0.00887274 0.00681558]
  累积解释方差: 0.9871
  时间点数量: train=390335, val=87495, test=87495 (未改变)
[PCA降维] 完成
数据加载自: dataset/downsampleData_scratch_1minut/ring/Ring_cleaned_1minut_20250928_170147.parquet
训练集形状: (390335, 10)
验证集形状: (87495, 10)
测试集形状: (87495, 10)
特征维度: 10
异常比例（行级）:
- 训练集: 原始 4.40% -> 现有 0.00%
- 验证集: 2.97%
- 测试集: 4.20%
[onlyNormalData=True] 训练集过滤异常数据: 408309 行 -> 390335 行 (移除 17974 个异常样本)

[PCA降维] 启用
  n_components=10
  PCA前特征维度: 28
  PCA后特征维度: 10
  解释方差比（前10个）: [0.44531896 0.19176419 0.11007933 0.0892243  0.06624989 0.04059656
 0.01873708 0.00939986 0.00887274 0.00681558]
  累积解释方差: 0.9871
  时间点数量: train=390335, val=87495, test=87495 (未改变)
[PCA降维] 完成
数据加载自: dataset/downsampleData_scratch_1minut/ring/Ring_cleaned_1minut_20250928_170147.parquet
训练集形状: (390335, 10)
验证集形状: (87495, 10)
测试集形状: (87495, 10)
特征维度: 10
异常比例（行级）:
- 训练集: 原始 4.40% -> 现有 0.00%
- 验证集: 2.97%
- 测试集: 4.20%
[onlyNormalData=True] 训练集过滤异常数据: 408309 行 -> 390335 行 (移除 17974 个异常样本)

[PCA降维] 启用
  n_components=10
  PCA前特征维度: 28
  PCA后特征维度: 10
  解释方差比（前10个）: [0.44531896 0.19176419 0.11007933 0.0892243  0.06624989 0.04059656
 0.01873708 0.00939986 0.00887274 0.00681558]
  累积解释方差: 0.9871
  时间点数量: train=390335, val=87495, test=87495 (未改变)
[PCA降维] 完成
数据加载自: dataset/downsampleData_scratch_1minut/ring/Ring_cleaned_1minut_20250928_170147.parquet
训练集形状: (390335, 10)
验证集形状: (87495, 10)
测试集形状: (87495, 10)
特征维度: 10
异常比例（行级）:
- 训练集: 原始 4.40% -> 现有 0.00%
- 验证集: 2.97%
- 测试集: 4.20%
	speed: 0.0351s/iter; left time: 424.3979s
	speed: 0.0303s/iter; left time: 364.0095s
	speed: 0.0306s/iter; left time: 363.6975s
	speed: 0.0302s/iter; left time: 356.8383s
	speed: 0.0296s/iter; left time: 346.4092s
	speed: 0.0299s/iter; left time: 347.0577s
	speed: 0.0304s/iter; left time: 349.0399s
	speed: 0.0306s/iter; left time: 348.6778s
	speed: 0.0302s/iter; left time: 341.2190s
	speed: 0.0298s/iter; left time: 333.5146s
	speed: 0.0299s/iter; left time: 331.8920s
	speed: 0.0278s/iter; left time: 305.2476s
	speed: 0.0275s/iter; left time: 299.3493s
	speed: 0.0280s/iter; left time: 302.0291s
	speed: 0.0277s/iter; left time: 295.8162s
	speed: 0.0272s/iter; left time: 288.0817s
	speed: 0.0281s/iter; left time: 294.6523s
	speed: 0.0316s/iter; left time: 328.6562s
	speed: 0.0329s/iter; left time: 338.5841s
	speed: 0.0348s/iter; left time: 355.1750s
	speed: 0.0356s/iter; left time: 359.1052s
	speed: 0.0353s/iter; left time: 353.2405s
	speed: 0.0350s/iter; left time: 346.4398s
	speed: 0.0355s/iter; left time: 348.0955s
	speed: 0.0350s/iter; left time: 339.3297s
	speed: 0.0352s/iter; left time: 337.6780s
	speed: 0.0356s/iter; left time: 338.3107s
	speed: 0.0356s/iter; left time: 334.9440s
	speed: 0.0349s/iter; left time: 324.7382s
	speed: 0.0349s/iter; left time: 321.0154s
	speed: 0.0354s/iter; left time: 322.1407s
	speed: 0.0353s/iter; left time: 317.5065s
	speed: 0.0347s/iter; left time: 308.8256s
	speed: 0.0351s/iter; left time: 309.0354s
	speed: 0.0347s/iter; left time: 301.9047s
	speed: 0.0354s/iter; left time: 304.2243s
	speed: 0.0348s/iter; left time: 295.4308s
	speed: 0.0355s/iter; left time: 297.7720s
	speed: 0.0354s/iter; left time: 293.6449s
	speed: 0.0353s/iter; left time: 289.1780s
	speed: 0.0356s/iter; left time: 288.4755s
	speed: 0.0353s/iter; left time: 281.9526s
	speed: 0.0350s/iter; left time: 276.7839s
	speed: 0.0358s/iter; left time: 279.2003s
	speed: 0.0353s/iter; left time: 271.4890s
	speed: 0.0351s/iter; left time: 266.8158s
	speed: 0.0354s/iter; left time: 265.6646s
	speed: 0.0349s/iter; left time: 258.1092s
	speed: 0.0354s/iter; left time: 258.3738s
	speed: 0.0351s/iter; left time: 252.8532s
	speed: 0.0358s/iter; left time: 254.3569s
	speed: 0.0356s/iter; left time: 249.4536s
	speed: 0.0357s/iter; left time: 245.9291s
	speed: 0.0357s/iter; left time: 242.7016s
	speed: 0.0361s/iter; left time: 241.5451s
	speed: 0.0349s/iter; left time: 230.2319s
	speed: 0.0356s/iter; left time: 231.4109s
	speed: 0.0355s/iter; left time: 227.0519s
	speed: 0.0356s/iter; left time: 224.3369s
	speed: 0.0353s/iter; left time: 218.6470s
	speed: 0.0354s/iter; left time: 215.8981s
	speed: 0.0356s/iter; left time: 213.5192s
	speed: 0.0346s/iter; left time: 203.9167s
	speed: 0.0321s/iter; left time: 186.1288s
	speed: 0.0333s/iter; left time: 189.9177s
	speed: 0.0332s/iter; left time: 185.9330s
	speed: 0.0317s/iter; left time: 174.3689s
	speed: 0.0322s/iter; left time: 173.6947s
	speed: 0.0323s/iter; left time: 171.1281s
	speed: 0.0336s/iter; left time: 174.3995s
	speed: 0.0342s/iter; left time: 174.4099s
	speed: 0.0325s/iter; left time: 162.3081s
	speed: 0.0335s/iter; left time: 163.8598s
	speed: 0.0339s/iter; left time: 162.7797s
	speed: 0.0330s/iter; left time: 154.8302s
	speed: 0.0324s/iter; left time: 148.9890s
	speed: 0.0325s/iter; left time: 146.1385s
	speed: 0.0336s/iter; left time: 147.6571s
	speed: 0.0319s/iter; left time: 137.0551s
	speed: 0.0326s/iter; left time: 136.7113s
	speed: 0.0333s/iter; left time: 136.3075s
	speed: 0.0320s/iter; left time: 128.0751s
	speed: 0.0342s/iter; left time: 133.4381s
	speed: 0.0322s/iter; left time: 122.1410s
	speed: 0.0325s/iter; left time: 120.0230s
	speed: 0.0332s/iter; left time: 119.2822s
	speed: 0.0334s/iter; left time: 116.6711s
	speed: 0.0339s/iter; left time: 115.1900s
	speed: 0.0340s/iter; left time: 112.0622s
	speed: 0.0336s/iter; left time: 107.5123s
	speed: 0.0338s/iter; left time: 104.6763s
	speed: 0.0338s/iter; left time: 101.2528s
	speed: 0.0339s/iter; left time: 98.2305s
	speed: 0.0329s/iter; left time: 91.9460s
	speed: 0.0289s/iter; left time: 77.9715s
	speed: 0.0293s/iter; left time: 76.1936s
	speed: 0.0285s/iter; left time: 71.2448s
	speed: 0.0283s/iter; left time: 67.8383s
	speed: 0.0249s/iter; left time: 57.1093s
	speed: 0.0242s/iter; left time: 53.0831s
	speed: 0.0247s/iter; left time: 51.8590s
	speed: 0.0237s/iter; left time: 47.2651s
	speed: 0.0234s/iter; left time: 44.3392s
	speed: 0.0240s/iter; left time: 43.1777s
	speed: 0.0254s/iter; left time: 43.1839s
	speed: 0.0297s/iter; left time: 47.4719s
	speed: 0.0330s/iter; left time: 49.4127s
	speed: 0.0357s/iter; left time: 49.8738s
	speed: 0.0354s/iter; left time: 45.9153s
	speed: 0.0355s/iter; left time: 42.4755s
	speed: 0.0353s/iter; left time: 38.7520s
	speed: 0.0351s/iter; left time: 35.0385s
	speed: 0.0347s/iter; left time: 31.1850s
	speed: 0.0347s/iter; left time: 27.6541s
	speed: 0.0349s/iter; left time: 24.3639s
	speed: 0.0352s/iter; left time: 21.0624s
	speed: 0.0352s/iter; left time: 17.5163s
	speed: 0.0329s/iter; left time: 13.1036s
	speed: 0.0346s/iter; left time: 10.3205s
	speed: 0.0347s/iter; left time: 6.8662s
	speed: 0.0352s/iter; left time: 3.4450s
2025-11-13 18:46:47,034 - INFO - 训练完成!
2025-11-13 18:46:47,034 - INFO - 开始测试模型...
Epoch: 1, Cost time: 460.303s 
Loading checkpoint from: checkpoints2_e_layers_analysis/ring_e_layers5_20251113_183902/Ring_cleaned_1minut_20250928_170147_checkpoint_2025-11-13_18-46-47/model.pth
Threshold : 0.3400856852531433
2025-11-13 18:51:13,362 - INFO - 测试完成!
pa_accuracy           : 0.9558
pa_precision          : 0.4787
pa_recall             : 0.5549
pa_f_score            : 0.5140
MCC_score             : 0.4924
Affiliation precision : 0.5404
Affiliation recall    : 0.7599
R_AUC_ROC             : 0.6411
R_AUC_PR              : 0.4685
VUS_ROC               : 0.6405
VUS_PR                : 0.4621
Accuracy : 0.9558, Precision : 0.4787, Recall : 0.5549, F-score : 0.5140 
Test results saved to: checkpoints2_e_layers_analysis/ring_e_layers5_20251113_183902/Ring_cleaned_1minut_20250928_170147_checkpoint_2025-11-13_18-46-47/result.json

================================================================================
ANOMALY TRANSFORMER - PARAMETER ANALYSIS
================================================================================
Parameter to analyze: e_layers
Parameter values: [1, 3, 5, 7]
Datasets: ['contact', 'ring', 'pcb']
Fixed parameters: {'num_epochs': 1, 'batch_size': 32, 'lr': 0.0001, 'win_size': 30, 'n_heads': 1, 'e_layers': 3, 'patch_size': '3,6,10', 'anormly_ratio': 3.0}
================================================================================

Working directory: /home/wanting/KDD2023-DCdetector


Starting experiments...

################################################################################
# Experiment 1/12
# Dataset: contact, e_layers: 1
################################################################################


================================================================================
Running: contact | e_layers=1
================================================================================
Command: python run_custom_dataset.py --dataset Custom --data_path dataset/downsampleData_scratch_1minut/contact/contact_cleaned_1minut_20250928_172122.parquet --num_epochs 1 --win_size 30 --batch_size 32 --mode train --input_c 10 --output_c 10 --lr 0.0001 --anormly_ratio 3.0 --index 0 --patience 3 --patch_size 3,6,10 --n_heads 1 --d_model 256 --e_layers 1 --d_ff 512 --activation gelu --output_attention True --model_save_path checkpoints2_e_layers_analysis/contact_e_layers1_20251113_173236
================================================================================


✓ Results: Precision=0.5318, Recall=0.6672, F-score=0.5918

################################################################################
# Experiment 2/12
# Dataset: contact, e_layers: 3
################################################################################


================================================================================
Running: contact | e_layers=3
================================================================================
Command: python run_custom_dataset.py --dataset Custom --data_path dataset/downsampleData_scratch_1minut/contact/contact_cleaned_1minut_20250928_172122.parquet --num_epochs 1 --win_size 30 --batch_size 32 --mode train --input_c 10 --output_c 10 --lr 0.0001 --anormly_ratio 3.0 --index 0 --patience 3 --patch_size 3,6,10 --n_heads 1 --d_model 256 --e_layers 3 --d_ff 512 --activation gelu --output_attention True --model_save_path checkpoints2_e_layers_analysis/contact_e_layers3_20251113_174159
================================================================================


✓ Results: Precision=0.5148, Recall=0.6283, F-score=0.5659

################################################################################
# Experiment 3/12
# Dataset: contact, e_layers: 5
################################################################################


================================================================================
Running: contact | e_layers=5
================================================================================
Command: python run_custom_dataset.py --dataset Custom --data_path dataset/downsampleData_scratch_1minut/contact/contact_cleaned_1minut_20250928_172122.parquet --num_epochs 1 --win_size 30 --batch_size 32 --mode train --input_c 10 --output_c 10 --lr 0.0001 --anormly_ratio 3.0 --index 0 --patience 3 --patch_size 3,6,10 --n_heads 1 --d_model 256 --e_layers 5 --d_ff 512 --activation gelu --output_attention True --model_save_path checkpoints2_e_layers_analysis/contact_e_layers5_20251113_175200
================================================================================


✓ Results: Precision=0.5262, Recall=0.6530, F-score=0.5828

################################################################################
# Experiment 4/12
# Dataset: contact, e_layers: 7
################################################################################


================================================================================
Running: contact | e_layers=7
================================================================================
Command: python run_custom_dataset.py --dataset Custom --data_path dataset/downsampleData_scratch_1minut/contact/contact_cleaned_1minut_20250928_172122.parquet --num_epochs 1 --win_size 30 --batch_size 32 --mode train --input_c 10 --output_c 10 --lr 0.0001 --anormly_ratio 3.0 --index 0 --patience 3 --patch_size 3,6,10 --n_heads 1 --d_model 256 --e_layers 7 --d_ff 512 --activation gelu --output_attention True --model_save_path checkpoints2_e_layers_analysis/contact_e_layers7_20251113_180306
================================================================================


✓ Results: Precision=0.5217, Recall=0.6366, F-score=0.5735

################################################################################
# Experiment 5/12
# Dataset: ring, e_layers: 1
################################################################################


================================================================================
Running: ring | e_layers=1
================================================================================
Command: python run_custom_dataset.py --dataset Custom --data_path dataset/downsampleData_scratch_1minut/ring/Ring_cleaned_1minut_20250928_170147.parquet --num_epochs 1 --win_size 30 --batch_size 32 --mode train --input_c 10 --output_c 10 --lr 0.0001 --anormly_ratio 3.0 --index 0 --patience 3 --patch_size 3,6,10 --n_heads 1 --d_model 256 --e_layers 1 --d_ff 512 --activation gelu --output_attention True --model_save_path checkpoints2_e_layers_analysis/ring_e_layers1_20251113_181725
================================================================================


✓ Results: Precision=0.4945, Recall=0.5220, F-score=0.5079

################################################################################
# Experiment 6/12
# Dataset: ring, e_layers: 3
################################################################################


================================================================================
Running: ring | e_layers=3
================================================================================
Command: python run_custom_dataset.py --dataset Custom --data_path dataset/downsampleData_scratch_1minut/ring/Ring_cleaned_1minut_20250928_170147.parquet --num_epochs 1 --win_size 30 --batch_size 32 --mode train --input_c 10 --output_c 10 --lr 0.0001 --anormly_ratio 3.0 --index 0 --patience 3 --patch_size 3,6,10 --n_heads 1 --d_model 256 --e_layers 3 --d_ff 512 --activation gelu --output_attention True --model_save_path checkpoints2_e_layers_analysis/ring_e_layers3_20251113_182750
================================================================================


✓ Results: Precision=0.5189, Recall=0.6305, F-score=0.5693

################################################################################
# Experiment 7/12
# Dataset: ring, e_layers: 5
################################################################################


================================================================================
Running: ring | e_layers=5
================================================================================
Command: python run_custom_dataset.py --dataset Custom --data_path dataset/downsampleData_scratch_1minut/ring/Ring_cleaned_1minut_20250928_170147.parquet --num_epochs 1 --win_size 30 --batch_size 32 --mode train --input_c 10 --output_c 10 --lr 0.0001 --anormly_ratio 3.0 --index 0 --patience 3 --patch_size 3,6,10 --n_heads 1 --d_model 256 --e_layers 5 --d_ff 512 --activation gelu --output_attention True --model_save_path checkpoints2_e_layers_analysis/ring_e_layers5_20251113_183902
================================================================================


✓ Results: Precision=0.4787, Recall=0.5549, F-score=0.5140

################################################################################
# Experiment 8/12
# Dataset: ring, e_layers: 7
################################################################################


================================================================================
/home/wanting/KDD2023-DCdetector/venv/lib/python3.12/site-packages/tsfresh/__init__.py:12: UserWarning: pkg_resources is deprecated as an API. See https://setuptools.pypa.io/en/latest/pkg_resources.html. The pkg_resources package is slated for removal as early as 2025-11-30. Refrain from using this package or pin to Setuptools<81.
  import pkg_resources
2025-11-13 18:51:16,003 - INFO - 开始使用自定义数据集运行DCdetector...
2025-11-13 18:51:16,003 - INFO - 数据集: Custom
2025-11-13 18:51:16,004 - INFO - 输入特征维度: 10
2025-11-13 18:51:16,004 - INFO - 窗口大小: 30
2025-11-13 18:51:16,004 - INFO - 批次大小: 32
2025-11-13 18:51:18,365 - INFO - 开始训练模型...
[onlyNormalData=True] 训练集过滤异常数据: 408309 行 -> 390335 行 (移除 17974 个异常样本)

[PCA降维] 启用
  n_components=10
  PCA前特征维度: 28
  PCA后特征维度: 10
  解释方差比（前10个）: [0.44531896 0.19176419 0.11007933 0.0892243  0.06624989 0.04059656
 0.01873708 0.00939986 0.00887274 0.00681558]
  累积解释方差: 0.9871
  时间点数量: train=390335, val=87495, test=87495 (未改变)
[PCA降维] 完成
数据加载自: dataset/downsampleData_scratch_1minut/ring/Ring_cleaned_1minut_20250928_170147.parquet
训练集形状: (390335, 10)
验证集形状: (87495, 10)
测试集形状: (87495, 10)
特征维度: 10
异常比例（行级）:
- 训练集: 原始 4.40% -> 现有 0.00%
- 验证集: 2.97%
- 测试集: 4.20%
[onlyNormalData=True] 训练集过滤异常数据: 408309 行 -> 390335 行 (移除 17974 个异常样本)

[PCA降维] 启用
  n_components=10
  PCA前特征维度: 28
  PCA后特征维度: 10
  解释方差比（前10个）: [0.44531896 0.19176419 0.11007933 0.0892243  0.06624989 0.04059656
 0.01873708 0.00939986 0.00887274 0.00681558]
  累积解释方差: 0.9871
  时间点数量: train=390335, val=87495, test=87495 (未改变)
[PCA降维] 完成
数据加载自: dataset/downsampleData_scratch_1minut/ring/Ring_cleaned_1minut_20250928_170147.parquet
训练集形状: (390335, 10)
验证集形状: (87495, 10)
测试集形状: (87495, 10)
特征维度: 10
异常比例（行级）:
- 训练集: 原始 4.40% -> 现有 0.00%
- 验证集: 2.97%
- 测试集: 4.20%
[onlyNormalData=True] 训练集过滤异常数据: 408309 行 -> 390335 行 (移除 17974 个异常样本)

[PCA降维] 启用
  n_components=10
  PCA前特征维度: 28
  PCA后特征维度: 10
  解释方差比（前10个）: [0.44531896 0.19176419 0.11007933 0.0892243  0.06624989 0.04059656
 0.01873708 0.00939986 0.00887274 0.00681558]
  累积解释方差: 0.9871
  时间点数量: train=390335, val=87495, test=87495 (未改变)
[PCA降维] 完成
数据加载自: dataset/downsampleData_scratch_1minut/ring/Ring_cleaned_1minut_20250928_170147.parquet
训练集形状: (390335, 10)
验证集形状: (87495, 10)
测试集形状: (87495, 10)
特征维度: 10
异常比例（行级）:
- 训练集: 原始 4.40% -> 现有 0.00%
- 验证集: 2.97%
- 测试集: 4.20%
[onlyNormalData=True] 训练集过滤异常数据: 408309 行 -> 390335 行 (移除 17974 个异常样本)

[PCA降维] 启用
  n_components=10
  PCA前特征维度: 28
  PCA后特征维度: 10
  解释方差比（前10个）: [0.44531896 0.19176419 0.11007933 0.0892243  0.06624989 0.04059656
 0.01873708 0.00939986 0.00887274 0.00681558]
  累积解释方差: 0.9871
  时间点数量: train=390335, val=87495, test=87495 (未改变)
[PCA降维] 完成
数据加载自: dataset/downsampleData_scratch_1minut/ring/Ring_cleaned_1minut_20250928_170147.parquet
训练集形状: (390335, 10)
验证集形状: (87495, 10)
测试集形状: (87495, 10)
特征维度: 10
异常比例（行级）:
- 训练集: 原始 4.40% -> 现有 0.00%
- 验证集: 2.97%
- 测试集: 4.20%
	speed: 0.0513s/iter; left time: 621.0935s
	speed: 0.0465s/iter; left time: 557.4489s
	speed: 0.0471s/iter; left time: 560.7881s
	speed: 0.0464s/iter; left time: 547.3548s
	speed: 0.0469s/iter; left time: 548.6378s
	speed: 0.0465s/iter; left time: 539.1353s
	speed: 0.0472s/iter; left time: 542.3244s
	speed: 0.0463s/iter; left time: 527.7793s
	speed: 0.0616s/iter; left time: 696.0030s
	speed: 0.0681s/iter; left time: 762.8704s
	speed: 0.0694s/iter; left time: 770.5747s
	speed: 0.0707s/iter; left time: 777.8656s
	speed: 0.0709s/iter; left time: 773.0883s
	speed: 0.0690s/iter; left time: 745.2163s
	speed: 0.0683s/iter; left time: 730.1754s
	speed: 0.0729s/iter; left time: 772.7853s
	speed: 0.0724s/iter; left time: 759.5320s
	speed: 0.0729s/iter; left time: 757.6157s
	speed: 0.0719s/iter; left time: 740.7974s
	speed: 0.0676s/iter; left time: 689.0508s
	speed: 0.0699s/iter; left time: 706.1263s
	speed: 0.0727s/iter; left time: 726.7092s
	speed: 0.0734s/iter; left time: 726.8530s
	speed: 0.0719s/iter; left time: 704.5361s
	speed: 0.0713s/iter; left time: 691.4670s
	speed: 0.0736s/iter; left time: 706.8240s
	speed: 0.0700s/iter; left time: 665.2191s
	speed: 0.0715s/iter; left time: 671.8534s
	speed: 0.0725s/iter; left time: 673.9134s
	speed: 0.0720s/iter; left time: 661.9895s
	speed: 0.0724s/iter; left time: 658.3835s
	speed: 0.0742s/iter; left time: 667.8140s
	speed: 0.0761s/iter; left time: 677.0658s
	speed: 0.0738s/iter; left time: 649.2136s
	speed: 0.0760s/iter; left time: 661.2935s
	speed: 0.0706s/iter; left time: 607.0967s
	speed: 0.0695s/iter; left time: 590.4855s
	speed: 0.0721s/iter; left time: 605.2704s
	speed: 0.0736s/iter; left time: 610.3821s
	speed: 0.0741s/iter; left time: 607.5996s
	speed: 0.0712s/iter; left time: 576.7099s
	speed: 0.0732s/iter; left time: 585.1773s
	speed: 0.0738s/iter; left time: 582.5090s
	speed: 0.0729s/iter; left time: 568.4079s
	speed: 0.0743s/iter; left time: 572.0809s
	speed: 0.0747s/iter; left time: 567.9484s
	speed: 0.0738s/iter; left time: 553.4598s
	speed: 0.0712s/iter; left time: 526.6481s
	speed: 0.0753s/iter; left time: 549.7146s
	speed: 0.0732s/iter; left time: 527.0935s
	speed: 0.0745s/iter; left time: 528.9640s
	speed: 0.0705s/iter; left time: 493.2228s
	speed: 0.0754s/iter; left time: 519.9822s
	speed: 0.0717s/iter; left time: 487.3266s
	speed: 0.0744s/iter; left time: 498.5851s
	speed: 0.0760s/iter; left time: 501.5145s
	speed: 0.0706s/iter; left time: 458.7192s
	speed: 0.0690s/iter; left time: 441.2278s
	speed: 0.0719s/iter; left time: 452.9245s
	speed: 0.0741s/iter; left time: 459.5708s
	speed: 0.0746s/iter; left time: 454.9723s
	speed: 0.0733s/iter; left time: 439.6454s
	speed: 0.0728s/iter; left time: 429.2289s
	speed: 0.0761s/iter; left time: 441.0459s
	speed: 0.0711s/iter; left time: 405.3681s
	speed: 0.0677s/iter; left time: 379.1536s
	speed: 0.0676s/iter; left time: 371.4533s
	speed: 0.0623s/iter; left time: 336.5567s
	speed: 0.0701s/iter; left time: 371.3864s
	speed: 0.0740s/iter; left time: 384.6946s
	speed: 0.0759s/iter; left time: 386.9314s
	speed: 0.0791s/iter; left time: 395.3254s
	speed: 0.0732s/iter; left time: 358.7116s
	speed: 0.0725s/iter; left time: 347.6449s
	speed: 0.0705s/iter; left time: 331.3480s
	speed: 0.0750s/iter; left time: 344.9954s
	speed: 0.0734s/iter; left time: 330.3101s
	speed: 0.0758s/iter; left time: 333.4794s
	speed: 0.0675s/iter; left time: 289.9728s
	speed: 0.0750s/iter; left time: 314.7837s
	speed: 0.0736s/iter; left time: 301.7848s
	speed: 0.0685s/iter; left time: 273.7449s
	speed: 0.0696s/iter; left time: 271.3836s
	speed: 0.0738s/iter; left time: 280.1618s
	speed: 0.0733s/iter; left time: 271.1464s
	speed: 0.0707s/iter; left time: 254.4424s
	speed: 0.0704s/iter; left time: 246.2166s
	speed: 0.0711s/iter; left time: 241.7418s
	speed: 0.0753s/iter; left time: 248.4259s
	speed: 0.0751s/iter; left time: 240.1184s
	speed: 0.0714s/iter; left time: 221.2024s
	speed: 0.0722s/iter; left time: 216.4088s
	speed: 0.0730s/iter; left time: 211.6976s
	speed: 0.0747s/iter; left time: 208.9199s
	speed: 0.0700s/iter; left time: 188.9929s
	speed: 0.0710s/iter; left time: 184.4816s
	speed: 0.0765s/iter; left time: 191.1171s
	speed: 0.0709s/iter; left time: 170.0000s
	speed: 0.0743s/iter; left time: 170.7396s
	speed: 0.0729s/iter; left time: 160.3251s
	speed: 0.0759s/iter; left time: 159.3414s
	speed: 0.0727s/iter; left time: 145.2904s
	speed: 0.0720s/iter; left time: 136.6860s
	speed: 0.0787s/iter; left time: 141.4546s
	speed: 0.0698s/iter; left time: 118.5019s
	speed: 0.0645s/iter; left time: 102.9975s
	speed: 0.0722s/iter; left time: 108.1222s
	speed: 0.0718s/iter; left time: 100.3224s
	speed: 0.0753s/iter; left time: 97.7018s
	speed: 0.0722s/iter; left time: 86.4759s
	speed: 0.0750s/iter; left time: 82.3884s
	speed: 0.0738s/iter; left time: 73.6159s
	speed: 0.0701s/iter; left time: 62.9387s
	speed: 0.0744s/iter; left time: 59.3759s
	speed: 0.0661s/iter; left time: 46.1548s
	speed: 0.0448s/iter; left time: 26.7920s
	speed: 0.0402s/iter; left time: 20.0115s
	speed: 0.0413s/iter; left time: 16.4312s
	speed: 0.0410s/iter; left time: 12.2253s
	speed: 0.0459s/iter; left time: 9.0944s
	speed: 0.1301s/iter; left time: 12.7508s
2025-11-13 19:07:10,068 - INFO - 训练完成!
2025-11-13 19:07:10,069 - INFO - 开始测试模型...
Epoch: 1, Cost time: 951.665s 
Loading checkpoint from: checkpoints2_e_layers_analysis/ring_e_layers7_20251113_185114/Ring_cleaned_1minut_20250928_170147_checkpoint_2025-11-13_19-07-10/model.pth
Threshold : 0.3500213027000427
2025-11-13 19:12:31,016 - INFO - 测试完成!
pa_accuracy           : 0.9529
pa_precision          : 0.4507
pa_recall             : 0.5378
pa_f_score            : 0.4904
MCC_score             : 0.4679
Affiliation precision : 0.5343
Affiliation recall    : 0.7451
R_AUC_ROC             : 0.6348
R_AUC_PR              : 0.4450
VUS_ROC               : 0.6337
VUS_PR                : 0.4389
Accuracy : 0.9529, Precision : 0.4507, Recall : 0.5378, F-score : 0.4904 
Test results saved to: checkpoints2_e_layers_analysis/ring_e_layers7_20251113_185114/Ring_cleaned_1minut_20250928_170147_checkpoint_2025-11-13_19-07-10/result.json
/home/wanting/KDD2023-DCdetector/venv/lib/python3.12/site-packages/tsfresh/__init__.py:12: UserWarning: pkg_resources is deprecated as an API. See https://setuptools.pypa.io/en/latest/pkg_resources.html. The pkg_resources package is slated for removal as early as 2025-11-30. Refrain from using this package or pin to Setuptools<81.
  import pkg_resources
2025-11-13 19:12:33,874 - INFO - 开始使用自定义数据集运行DCdetector...
2025-11-13 19:12:33,874 - INFO - 数据集: Custom
2025-11-13 19:12:33,874 - INFO - 输入特征维度: 10
2025-11-13 19:12:33,874 - INFO - 窗口大小: 30
2025-11-13 19:12:33,874 - INFO - 批次大小: 32
2025-11-13 19:12:36,310 - INFO - 开始训练模型...
[onlyNormalData=True] 训练集过滤异常数据: 408340 行 -> 391922 行 (移除 16418 个异常样本)

[PCA降维] 启用
  n_components=10
  PCA前特征维度: 31
  PCA后特征维度: 10
  解释方差比（前10个）: [0.32616914 0.16267314 0.1372184  0.11142357 0.06736721 0.04779601
 0.02843967 0.0252639  0.02060194 0.01696907]
  累积解释方差: 0.9439
  时间点数量: train=391922, val=87502, test=87502 (未改变)
[PCA降维] 完成
数据加载自: dataset/downsampleData_scratch_1minut/pcb/pcb_cleaned_1minut_20250928_161509.parquet
训练集形状: (391922, 10)
验证集形状: (87502, 10)
测试集形状: (87502, 10)
特征维度: 10
异常比例（行级）:
- 训练集: 原始 4.02% -> 现有 0.00%
- 验证集: 1.52%
- 测试集: 2.10%
[onlyNormalData=True] 训练集过滤异常数据: 408340 行 -> 391922 行 (移除 16418 个异常样本)

[PCA降维] 启用
  n_components=10
  PCA前特征维度: 31
  PCA后特征维度: 10
  解释方差比（前10个）: [0.32616914 0.16267314 0.1372184  0.11142357 0.06736721 0.04779601
 0.02843967 0.0252639  0.02060194 0.01696907]
  累积解释方差: 0.9439
  时间点数量: train=391922, val=87502, test=87502 (未改变)
[PCA降维] 完成
数据加载自: dataset/downsampleData_scratch_1minut/pcb/pcb_cleaned_1minut_20250928_161509.parquet
训练集形状: (391922, 10)
验证集形状: (87502, 10)
测试集形状: (87502, 10)
特征维度: 10
异常比例（行级）:
- 训练集: 原始 4.02% -> 现有 0.00%
- 验证集: 1.52%
- 测试集: 2.10%
[onlyNormalData=True] 训练集过滤异常数据: 408340 行 -> 391922 行 (移除 16418 个异常样本)

[PCA降维] 启用
  n_components=10
  PCA前特征维度: 31
  PCA后特征维度: 10
  解释方差比（前10个）: [0.32616914 0.16267314 0.1372184  0.11142357 0.06736721 0.04779601
 0.02843967 0.0252639  0.02060194 0.01696907]
  累积解释方差: 0.9439
  时间点数量: train=391922, val=87502, test=87502 (未改变)
[PCA降维] 完成
数据加载自: dataset/downsampleData_scratch_1minut/pcb/pcb_cleaned_1minut_20250928_161509.parquet
训练集形状: (391922, 10)
验证集形状: (87502, 10)
测试集形状: (87502, 10)
特征维度: 10
异常比例（行级）:
- 训练集: 原始 4.02% -> 现有 0.00%
- 验证集: 1.52%
- 测试集: 2.10%
[onlyNormalData=True] 训练集过滤异常数据: 408340 行 -> 391922 行 (移除 16418 个异常样本)

[PCA降维] 启用
  n_components=10
  PCA前特征维度: 31
  PCA后特征维度: 10
  解释方差比（前10个）: [0.32616914 0.16267314 0.1372184  0.11142357 0.06736721 0.04779601
 0.02843967 0.0252639  0.02060194 0.01696907]
  累积解释方差: 0.9439
  时间点数量: train=391922, val=87502, test=87502 (未改变)
[PCA降维] 完成
数据加载自: dataset/downsampleData_scratch_1minut/pcb/pcb_cleaned_1minut_20250928_161509.parquet
训练集形状: (391922, 10)
验证集形状: (87502, 10)
测试集形状: (87502, 10)
特征维度: 10
异常比例（行级）:
- 训练集: 原始 4.02% -> 现有 0.00%
- 验证集: 1.52%
- 测试集: 2.10%
	speed: 0.0223s/iter; left time: 271.2134s
	speed: 0.0175s/iter; left time: 210.8169s
	speed: 0.0174s/iter; left time: 207.7123s
	speed: 0.0173s/iter; left time: 204.7480s
	speed: 0.0174s/iter; left time: 204.7851s
	speed: 0.0171s/iter; left time: 198.6894s
	speed: 0.0173s/iter; left time: 200.1116s
	speed: 0.0174s/iter; left time: 198.6831s
	speed: 0.0174s/iter; left time: 197.2646s
	speed: 0.0182s/iter; left time: 204.2142s
	speed: 0.0188s/iter; left time: 209.0923s
	speed: 0.0239s/iter; left time: 264.0872s
	speed: 0.0246s/iter; left time: 269.0489s
	speed: 0.0251s/iter; left time: 271.8221s
	speed: 0.0250s/iter; left time: 268.9751s
	speed: 0.0248s/iter; left time: 263.5782s
	speed: 0.0246s/iter; left time: 259.7795s
	speed: 0.0249s/iter; left time: 260.4929s
	speed: 0.0251s/iter; left time: 259.3982s
	speed: 0.0249s/iter; left time: 254.8824s
	speed: 0.0251s/iter; left time: 254.5509s
	speed: 0.0246s/iter; left time: 246.9781s
	speed: 0.0248s/iter; left time: 246.8499s
	speed: 0.0249s/iter; left time: 245.0916s
	speed: 0.0250s/iter; left time: 243.5117s
	speed: 0.0251s/iter; left time: 242.5353s
	speed: 0.0247s/iter; left time: 236.1533s
	speed: 0.0250s/iter; left time: 235.8313s
	speed: 0.0251s/iter; left time: 234.2688s
	speed: 0.0248s/iter; left time: 228.9266s
	speed: 0.0251s/iter; left time: 229.5691s
	speed: 0.0247s/iter; left time: 223.8127s
	speed: 0.0248s/iter; left time: 222.1954s
	speed: 0.0248s/iter; left time: 219.3668s
	speed: 0.0249s/iter; left time: 217.9139s
	speed: 0.0249s/iter; left time: 215.0572s
	speed: 0.0247s/iter; left time: 211.4119s
	speed: 0.0252s/iter; left time: 212.8759s
	speed: 0.0247s/iter; left time: 206.0489s
	speed: 0.0248s/iter; left time: 204.3768s
	speed: 0.0253s/iter; left time: 206.4396s
	speed: 0.0251s/iter; left time: 201.5905s
	speed: 0.0248s/iter; left time: 197.3885s
	speed: 0.0250s/iter; left time: 195.9054s
	speed: 0.0248s/iter; left time: 192.4219s
	speed: 0.0251s/iter; left time: 191.7006s
	speed: 0.0250s/iter; left time: 189.0420s
	speed: 0.0247s/iter; left time: 184.0425s
	speed: 0.0251s/iter; left time: 184.1599s
	speed: 0.0253s/iter; left time: 183.0589s
	speed: 0.0248s/iter; left time: 177.3315s
	speed: 0.0251s/iter; left time: 176.6238s
	speed: 0.0249s/iter; left time: 172.8244s
	speed: 0.0254s/iter; left time: 173.5811s
	speed: 0.0250s/iter; left time: 168.8315s
	speed: 0.0250s/iter; left time: 166.0117s
	speed: 0.0248s/iter; left time: 162.4402s
	speed: 0.0250s/iter; left time: 161.4867s
	speed: 0.0248s/iter; left time: 157.6366s
	speed: 0.0249s/iter; left time: 155.3831s
	speed: 0.0248s/iter; left time: 152.6424s
	speed: 0.0250s/iter; left time: 151.4303s
	speed: 0.0250s/iter; left time: 148.6829s
	speed: 0.0252s/iter; left time: 147.1872s
	speed: 0.0250s/iter; left time: 143.4471s
	speed: 0.0251s/iter; left time: 141.5396s
	speed: 0.0250s/iter; left time: 138.6754s
	speed: 0.0247s/iter; left time: 134.4089s
	speed: 0.0252s/iter; left time: 134.8576s
	speed: 0.0247s/iter; left time: 129.6659s
	speed: 0.0253s/iter; left time: 130.1322s
	speed: 0.0249s/iter; left time: 125.8600s
	speed: 0.0246s/iter; left time: 121.7805s
	speed: 0.0253s/iter; left time: 122.5721s
	speed: 0.0251s/iter; left time: 119.1692s
	speed: 0.0246s/iter; left time: 114.1823s
	speed: 0.0251s/iter; left time: 113.9951s
	speed: 0.0223s/iter; left time: 99.2000s
	speed: 0.0222s/iter; left time: 96.6394s
	speed: 0.0221s/iter; left time: 93.9146s
	speed: 0.0221s/iter; left time: 91.5121s
	speed: 0.0223s/iter; left time: 90.0877s
	speed: 0.0221s/iter; left time: 87.0866s
	speed: 0.0223s/iter; left time: 85.8615s
	speed: 0.0226s/iter; left time: 84.6118s
	speed: 0.0240s/iter; left time: 87.5949s
	speed: 0.0267s/iter; left time: 94.7569s
	speed: 0.0293s/iter; left time: 100.8838s
	speed: 0.0292s/iter; left time: 97.7302s
	speed: 0.0294s/iter; left time: 95.4240s
	speed: 0.0294s/iter; left time: 92.6083s
	speed: 0.0295s/iter; left time: 89.9823s
	speed: 0.0293s/iter; left time: 86.2055s
	speed: 0.0294s/iter; left time: 83.7297s
	speed: 0.0292s/iter; left time: 80.2663s
	speed: 0.0302s/iter; left time: 79.8421s
	speed: 0.0292s/iter; left time: 74.3991s
	speed: 0.0295s/iter; left time: 72.2296s
	speed: 0.0293s/iter; left time: 68.7058s
	speed: 0.0295s/iter; left time: 66.3952s
	speed: 0.0293s/iter; left time: 62.9104s
	speed: 0.0299s/iter; left time: 61.1242s
	speed: 0.0295s/iter; left time: 57.5101s
	speed: 0.0295s/iter; left time: 54.5135s
	speed: 0.0296s/iter; left time: 51.7509s
	speed: 0.0297s/iter; left time: 48.8698s
	speed: 0.0290s/iter; left time: 44.8441s
	speed: 0.0259s/iter; left time: 37.4441s
	speed: 0.0266s/iter; left time: 35.7976s
	speed: 0.0275s/iter; left time: 34.2564s
	speed: 0.0265s/iter; left time: 30.3992s
	speed: 0.0227s/iter; left time: 23.7386s
	speed: 0.0223s/iter; left time: 21.1482s
	speed: 0.0275s/iter; left time: 23.3023s
	speed: 0.0338s/iter; left time: 25.2277s
	speed: 0.0316s/iter; left time: 20.4411s
	speed: 0.0342s/iter; left time: 18.7164s
	speed: 0.0321s/iter; left time: 14.3470s
	speed: 0.0316s/iter; left time: 10.9537s
	speed: 0.0315s/iter; left time: 7.7848s
	speed: 0.0334s/iter; left time: 4.9155s
	speed: 0.0336s/iter; left time: 1.5794s
2025-11-13 19:19:17,391 - INFO - 训练完成!
2025-11-13 19:19:17,391 - INFO - 开始测试模型...
Epoch: 1, Cost time: 401.058s 
Loading checkpoint from: checkpoints2_e_layers_analysis/pcb_e_layers1_20251113_191231/pcb_cleaned_1minut_20250928_161509_checkpoint_2025-11-13_19-19-17/model.pth
Threshold : 0.33632221817970276
2025-11-13 19:23:34,615 - INFO - 测试完成!
pa_accuracy           : 0.9574
pa_precision          : 0.2422
pa_recall             : 0.4831
pa_f_score            : 0.3227
MCC_score             : 0.3226
Affiliation precision : 0.5023
Affiliation recall    : 0.8573
R_AUC_ROC             : 0.6024
R_AUC_PR              : 0.3048
VUS_ROC               : 0.6012
VUS_PR                : 0.2993
Accuracy : 0.9574, Precision : 0.2422, Recall : 0.4831, F-score : 0.3227 
Test results saved to: checkpoints2_e_layers_analysis/pcb_e_layers1_20251113_191231/pcb_cleaned_1minut_20250928_161509_checkpoint_2025-11-13_19-19-17/result.json
/home/wanting/KDD2023-DCdetector/venv/lib/python3.12/site-packages/tsfresh/__init__.py:12: UserWarning: pkg_resources is deprecated as an API. See https://setuptools.pypa.io/en/latest/pkg_resources.html. The pkg_resources package is slated for removal as early as 2025-11-30. Refrain from using this package or pin to Setuptools<81.
  import pkg_resources
2025-11-13 19:23:37,222 - INFO - 开始使用自定义数据集运行DCdetector...
2025-11-13 19:23:37,222 - INFO - 数据集: Custom
2025-11-13 19:23:37,222 - INFO - 输入特征维度: 10
2025-11-13 19:23:37,222 - INFO - 窗口大小: 30
2025-11-13 19:23:37,222 - INFO - 批次大小: 32
2025-11-13 19:23:39,595 - INFO - 开始训练模型...
[onlyNormalData=True] 训练集过滤异常数据: 408340 行 -> 391922 行 (移除 16418 个异常样本)

[PCA降维] 启用
  n_components=10
  PCA前特征维度: 31
  PCA后特征维度: 10
  解释方差比（前10个）: [0.32616914 0.16267314 0.1372184  0.11142357 0.06736721 0.04779601
 0.02843967 0.0252639  0.02060194 0.01696907]
  累积解释方差: 0.9439
  时间点数量: train=391922, val=87502, test=87502 (未改变)
[PCA降维] 完成
数据加载自: dataset/downsampleData_scratch_1minut/pcb/pcb_cleaned_1minut_20250928_161509.parquet
训练集形状: (391922, 10)
验证集形状: (87502, 10)
测试集形状: (87502, 10)
特征维度: 10
异常比例（行级）:
- 训练集: 原始 4.02% -> 现有 0.00%
- 验证集: 1.52%
- 测试集: 2.10%
[onlyNormalData=True] 训练集过滤异常数据: 408340 行 -> 391922 行 (移除 16418 个异常样本)

[PCA降维] 启用
  n_components=10
  PCA前特征维度: 31
  PCA后特征维度: 10
  解释方差比（前10个）: [0.32616914 0.16267314 0.1372184  0.11142357 0.06736721 0.04779601
 0.02843967 0.0252639  0.02060194 0.01696907]
  累积解释方差: 0.9439
  时间点数量: train=391922, val=87502, test=87502 (未改变)
[PCA降维] 完成
数据加载自: dataset/downsampleData_scratch_1minut/pcb/pcb_cleaned_1minut_20250928_161509.parquet
训练集形状: (391922, 10)
验证集形状: (87502, 10)
测试集形状: (87502, 10)
特征维度: 10
异常比例（行级）:
- 训练集: 原始 4.02% -> 现有 0.00%
- 验证集: 1.52%
- 测试集: 2.10%
[onlyNormalData=True] 训练集过滤异常数据: 408340 行 -> 391922 行 (移除 16418 个异常样本)

[PCA降维] 启用
  n_components=10
  PCA前特征维度: 31
  PCA后特征维度: 10
  解释方差比（前10个）: [0.32616914 0.16267314 0.1372184  0.11142357 0.06736721 0.04779601
 0.02843967 0.0252639  0.02060194 0.01696907]
  累积解释方差: 0.9439
  时间点数量: train=391922, val=87502, test=87502 (未改变)
[PCA降维] 完成
数据加载自: dataset/downsampleData_scratch_1minut/pcb/pcb_cleaned_1minut_20250928_161509.parquet
训练集形状: (391922, 10)
验证集形状: (87502, 10)
测试集形状: (87502, 10)
特征维度: 10
异常比例（行级）:
- 训练集: 原始 4.02% -> 现有 0.00%
- 验证集: 1.52%
- 测试集: 2.10%
[onlyNormalData=True] 训练集过滤异常数据: 408340 行 -> 391922 行 (移除 16418 个异常样本)

[PCA降维] 启用
  n_components=10
  PCA前特征维度: 31
  PCA后特征维度: 10
  解释方差比（前10个）: [0.32616914 0.16267314 0.1372184  0.11142357 0.06736721 0.04779601
 0.02843967 0.0252639  0.02060194 0.01696907]
  累积解释方差: 0.9439
  时间点数量: train=391922, val=87502, test=87502 (未改变)
[PCA降维] 完成
数据加载自: dataset/downsampleData_scratch_1minut/pcb/pcb_cleaned_1minut_20250928_161509.parquet
训练集形状: (391922, 10)
验证集形状: (87502, 10)
测试集形状: (87502, 10)
特征维度: 10
异常比例（行级）:
- 训练集: 原始 4.02% -> 现有 0.00%
- 验证集: 1.52%
- 测试集: 2.10%
	speed: 0.0333s/iter; left time: 404.4734s
	speed: 0.0287s/iter; left time: 345.5613s
	speed: 0.0277s/iter; left time: 331.1948s
	speed: 0.0269s/iter; left time: 319.2592s
	speed: 0.0268s/iter; left time: 314.5783s
	speed: 0.0264s/iter; left time: 307.4182s
	speed: 0.0272s/iter; left time: 314.2806s
	speed: 0.0260s/iter; left time: 297.9424s
	speed: 0.0279s/iter; left time: 316.4036s
	speed: 0.0271s/iter; left time: 304.8348s
	speed: 0.0270s/iter; left time: 301.1583s
	speed: 0.0269s/iter; left time: 297.4065s
	speed: 0.0271s/iter; left time: 296.6662s
	speed: 0.0272s/iter; left time: 294.6707s
	speed: 0.0281s/iter; left time: 302.4313s
	speed: 0.0265s/iter; left time: 281.9054s
	speed: 0.0265s/iter; left time: 279.3697s
	speed: 0.0267s/iter; left time: 278.5593s
	speed: 0.0275s/iter; left time: 284.8810s
	speed: 0.0278s/iter; left time: 284.7534s
	speed: 0.0277s/iter; left time: 281.2392s
	speed: 0.0264s/iter; left time: 265.4501s
	speed: 0.0276s/iter; left time: 274.1914s
	speed: 0.0272s/iter; left time: 267.8195s
	speed: 0.0277s/iter; left time: 270.4230s
	speed: 0.0272s/iter; left time: 262.2412s
	speed: 0.0271s/iter; left time: 259.0998s
	speed: 0.0261s/iter; left time: 246.2459s
	speed: 0.0265s/iter; left time: 247.7782s
	speed: 0.0272s/iter; left time: 251.3646s
	speed: 0.0277s/iter; left time: 253.7066s
	speed: 0.0273s/iter; left time: 247.0944s
	speed: 0.0281s/iter; left time: 251.3064s
	speed: 0.0280s/iter; left time: 247.4961s
	speed: 0.0271s/iter; left time: 236.8852s
	speed: 0.0277s/iter; left time: 239.5037s
	speed: 0.0267s/iter; left time: 228.3402s
	speed: 0.0264s/iter; left time: 223.1861s
	speed: 0.0273s/iter; left time: 228.1194s
	speed: 0.0271s/iter; left time: 223.7800s
	speed: 0.0276s/iter; left time: 224.8972s
	speed: 0.0274s/iter; left time: 220.8235s
	speed: 0.0270s/iter; left time: 214.4464s
	speed: 0.0266s/iter; left time: 209.0624s
	speed: 0.0268s/iter; left time: 207.7300s
	speed: 0.0266s/iter; left time: 203.1402s
	speed: 0.0258s/iter; left time: 194.8474s
	speed: 0.0263s/iter; left time: 195.4844s
	speed: 0.0262s/iter; left time: 192.7550s
	speed: 0.0267s/iter; left time: 193.6564s
	speed: 0.0258s/iter; left time: 184.1536s
	speed: 0.0264s/iter; left time: 185.7352s
	speed: 0.0265s/iter; left time: 183.7807s
	speed: 0.0266s/iter; left time: 182.1672s
	speed: 0.0272s/iter; left time: 183.3065s
	speed: 0.0269s/iter; left time: 178.9978s
	speed: 0.0268s/iter; left time: 175.7033s
	speed: 0.0259s/iter; left time: 167.0443s
	speed: 0.0262s/iter; left time: 166.4235s
	speed: 0.0262s/iter; left time: 163.3660s
	speed: 0.0274s/iter; left time: 168.7231s
	speed: 0.0267s/iter; left time: 161.4423s
	speed: 0.0261s/iter; left time: 155.4584s
	speed: 0.0273s/iter; left time: 159.7308s
	speed: 0.0273s/iter; left time: 156.9237s
	speed: 0.0274s/iter; left time: 154.7085s
	speed: 0.0268s/iter; left time: 148.7906s
	speed: 0.0263s/iter; left time: 143.0655s
	speed: 0.0263s/iter; left time: 140.6282s
	speed: 0.0260s/iter; left time: 136.5215s
	speed: 0.0266s/iter; left time: 137.0986s
	speed: 0.0264s/iter; left time: 133.1285s
	speed: 0.0265s/iter; left time: 131.0323s
	speed: 0.0265s/iter; left time: 128.3688s
	speed: 0.0267s/iter; left time: 126.7588s
	speed: 0.0262s/iter; left time: 121.9192s
	speed: 0.0267s/iter; left time: 121.3037s
	speed: 0.0264s/iter; left time: 117.4665s
	speed: 0.0269s/iter; left time: 116.9361s
	speed: 0.0262s/iter; left time: 111.4622s
	speed: 0.0265s/iter; left time: 109.7454s
	speed: 0.0262s/iter; left time: 106.1831s
	speed: 0.0263s/iter; left time: 103.6583s
	speed: 0.0262s/iter; left time: 100.6615s
	speed: 0.0263s/iter; left time: 98.4689s
	speed: 0.0275s/iter; left time: 100.2345s
	speed: 0.0265s/iter; left time: 94.1104s
	speed: 0.0264s/iter; left time: 90.8333s
	speed: 0.0258s/iter; left time: 86.4222s
	speed: 0.0261s/iter; left time: 84.5969s
	speed: 0.0276s/iter; left time: 86.7937s
	speed: 0.0263s/iter; left time: 80.0803s
	speed: 0.0264s/iter; left time: 77.8190s
	speed: 0.0268s/iter; left time: 76.1678s
	speed: 0.0267s/iter; left time: 73.3061s
	speed: 0.0247s/iter; left time: 65.4366s
	speed: 0.0248s/iter; left time: 63.1635s
	speed: 0.0248s/iter; left time: 60.6564s
	speed: 0.0250s/iter; left time: 58.6120s
	speed: 0.0249s/iter; left time: 55.8735s
	speed: 0.0249s/iter; left time: 53.3663s
	speed: 0.0253s/iter; left time: 51.8177s
	speed: 0.0272s/iter; left time: 52.9221s
	speed: 0.0276s/iter; left time: 50.9703s
	speed: 0.0275s/iter; left time: 48.0501s
	speed: 0.0273s/iter; left time: 44.9547s
	speed: 0.0274s/iter; left time: 42.4141s
	speed: 0.0275s/iter; left time: 39.7919s
	speed: 0.0273s/iter; left time: 36.7768s
	speed: 0.0274s/iter; left time: 34.1112s
	speed: 0.0275s/iter; left time: 31.5710s
	speed: 0.0273s/iter; left time: 28.5753s
	speed: 0.0275s/iter; left time: 26.0336s
	speed: 0.0274s/iter; left time: 23.2270s
	speed: 0.0278s/iter; left time: 20.7558s
	speed: 0.0276s/iter; left time: 17.8276s
	speed: 0.0276s/iter; left time: 15.1019s
	speed: 0.0290s/iter; left time: 12.9535s
	speed: 0.0290s/iter; left time: 10.0548s
	speed: 0.0290s/iter; left time: 7.1564s
	speed: 0.0290s/iter; left time: 4.2585s
	speed: 0.0290s/iter; left time: 1.3629s
2025-11-13 19:30:19,635 - INFO - 训练完成!
2025-11-13 19:30:19,635 - INFO - 开始测试模型...
Epoch: 1, Cost time: 400.016s 
Loading checkpoint from: checkpoints2_e_layers_analysis/pcb_e_layers3_20251113_192335/pcb_cleaned_1minut_20250928_161509_checkpoint_2025-11-13_19-30-19/model.pth
Threshold : 0.3387138247489929
2025-11-13 19:34:27,052 - INFO - 测试完成!
pa_accuracy           : 0.9595
pa_precision          : 0.2753
pa_recall             : 0.5686
pa_f_score            : 0.3710
MCC_score             : 0.3777
Affiliation precision : 0.5111
Affiliation recall    : 0.8788
R_AUC_ROC             : 0.6135
R_AUC_PR              : 0.3283
VUS_ROC               : 0.6179
VUS_PR                : 0.3293
Accuracy : 0.9595, Precision : 0.2753, Recall : 0.5686, F-score : 0.3710 
Test results saved to: checkpoints2_e_layers_analysis/pcb_e_layers3_20251113_192335/pcb_cleaned_1minut_20250928_161509_checkpoint_2025-11-13_19-30-19/result.json
/home/wanting/KDD2023-DCdetector/venv/lib/python3.12/site-packages/tsfresh/__init__.py:12: UserWarning: pkg_resources is deprecated as an API. See https://setuptools.pypa.io/en/latest/pkg_resources.html. The pkg_resources package is slated for removal as early as 2025-11-30. Refrain from using this package or pin to Setuptools<81.
  import pkg_resources
2025-11-13 19:34:29,663 - INFO - 开始使用自定义数据集运行DCdetector...
2025-11-13 19:34:29,663 - INFO - 数据集: Custom
2025-11-13 19:34:29,663 - INFO - 输入特征维度: 10
2025-11-13 19:34:29,663 - INFO - 窗口大小: 30
2025-11-13 19:34:29,663 - INFO - 批次大小: 32
2025-11-13 19:34:31,939 - INFO - 开始训练模型...
[onlyNormalData=True] 训练集过滤异常数据: 408340 行 -> 391922 行 (移除 16418 个异常样本)

[PCA降维] 启用
  n_components=10
  PCA前特征维度: 31
  PCA后特征维度: 10
  解释方差比（前10个）: [0.32616914 0.16267314 0.1372184  0.11142357 0.06736721 0.04779601
 0.02843967 0.0252639  0.02060194 0.01696907]
  累积解释方差: 0.9439
  时间点数量: train=391922, val=87502, test=87502 (未改变)
[PCA降维] 完成
数据加载自: dataset/downsampleData_scratch_1minut/pcb/pcb_cleaned_1minut_20250928_161509.parquet
训练集形状: (391922, 10)
验证集形状: (87502, 10)
测试集形状: (87502, 10)
特征维度: 10
异常比例（行级）:
- 训练集: 原始 4.02% -> 现有 0.00%
- 验证集: 1.52%
- 测试集: 2.10%
[onlyNormalData=True] 训练集过滤异常数据: 408340 行 -> 391922 行 (移除 16418 个异常样本)

[PCA降维] 启用
  n_components=10
  PCA前特征维度: 31
  PCA后特征维度: 10
  解释方差比（前10个）: [0.32616914 0.16267314 0.1372184  0.11142357 0.06736721 0.04779601
 0.02843967 0.0252639  0.02060194 0.01696907]
  累积解释方差: 0.9439
  时间点数量: train=391922, val=87502, test=87502 (未改变)
[PCA降维] 完成
数据加载自: dataset/downsampleData_scratch_1minut/pcb/pcb_cleaned_1minut_20250928_161509.parquet
训练集形状: (391922, 10)
验证集形状: (87502, 10)
测试集形状: (87502, 10)
特征维度: 10
异常比例（行级）:
- 训练集: 原始 4.02% -> 现有 0.00%
- 验证集: 1.52%
- 测试集: 2.10%
[onlyNormalData=True] 训练集过滤异常数据: 408340 行 -> 391922 行 (移除 16418 个异常样本)

[PCA降维] 启用
  n_components=10
  PCA前特征维度: 31
  PCA后特征维度: 10
  解释方差比（前10个）: [0.32616914 0.16267314 0.1372184  0.11142357 0.06736721 0.04779601
 0.02843967 0.0252639  0.02060194 0.01696907]
  累积解释方差: 0.9439
  时间点数量: train=391922, val=87502, test=87502 (未改变)
[PCA降维] 完成
数据加载自: dataset/downsampleData_scratch_1minut/pcb/pcb_cleaned_1minut_20250928_161509.parquet
训练集形状: (391922, 10)
验证集形状: (87502, 10)
测试集形状: (87502, 10)
特征维度: 10
异常比例（行级）:
- 训练集: 原始 4.02% -> 现有 0.00%
- 验证集: 1.52%
- 测试集: 2.10%
[onlyNormalData=True] 训练集过滤异常数据: 408340 行 -> 391922 行 (移除 16418 个异常样本)

[PCA降维] 启用
  n_components=10
  PCA前特征维度: 31
  PCA后特征维度: 10
  解释方差比（前10个）: [0.32616914 0.16267314 0.1372184  0.11142357 0.06736721 0.04779601
 0.02843967 0.0252639  0.02060194 0.01696907]
  累积解释方差: 0.9439
  时间点数量: train=391922, val=87502, test=87502 (未改变)
[PCA降维] 完成
数据加载自: dataset/downsampleData_scratch_1minut/pcb/pcb_cleaned_1minut_20250928_161509.parquet
训练集形状: (391922, 10)
验证集形状: (87502, 10)
测试集形状: (87502, 10)
特征维度: 10
异常比例（行级）:
- 训练集: 原始 4.02% -> 现有 0.00%
- 验证集: 1.52%
- 测试集: 2.10%
	speed: 0.0254s/iter; left time: 308.6594s
	speed: 0.0211s/iter; left time: 253.6729s
	speed: 0.0207s/iter; left time: 247.1787s
	speed: 0.0206s/iter; left time: 244.0151s
	speed: 0.0207s/iter; left time: 243.0711s
	speed: 0.0216s/iter; left time: 251.9686s
	speed: 0.0232s/iter; left time: 268.2487s
	speed: 0.0243s/iter; left time: 278.0312s
	speed: 0.0258s/iter; left time: 292.5829s
	speed: 0.0256s/iter; left time: 287.5618s
	speed: 0.0256s/iter; left time: 285.5312s
	speed: 0.0256s/iter; left time: 283.2350s
	speed: 0.0259s/iter; left time: 283.1421s
	speed: 0.0257s/iter; left time: 278.4415s
	speed: 0.0253s/iter; left time: 272.2966s
	speed: 0.0257s/iter; left time: 273.9515s
	speed: 0.0255s/iter; left time: 268.7054s
	speed: 0.0258s/iter; left time: 269.0300s
	speed: 0.0254s/iter; left time: 262.9253s
	speed: 0.0255s/iter; left time: 261.4514s
	speed: 0.0254s/iter; left time: 257.8688s
	speed: 0.0256s/iter; left time: 257.0707s
	speed: 0.0259s/iter; left time: 257.7901s
	speed: 0.0255s/iter; left time: 251.0052s
	speed: 0.0257s/iter; left time: 250.6710s
	speed: 0.0259s/iter; left time: 250.1541s
	speed: 0.0256s/iter; left time: 244.7832s
	speed: 0.0257s/iter; left time: 242.9987s
	speed: 0.0258s/iter; left time: 241.4739s
	speed: 0.0255s/iter; left time: 236.2562s
	speed: 0.0256s/iter; left time: 234.2873s
	speed: 0.0258s/iter; left time: 233.7251s
	speed: 0.0254s/iter; left time: 227.6298s
	speed: 0.0254s/iter; left time: 225.0780s
	speed: 0.0259s/iter; left time: 226.2497s
	speed: 0.0254s/iter; left time: 219.5882s
	speed: 0.0257s/iter; left time: 219.5515s
	speed: 0.0262s/iter; left time: 221.1193s
	speed: 0.0256s/iter; left time: 213.7477s
	speed: 0.0254s/iter; left time: 209.6904s
	speed: 0.0258s/iter; left time: 210.1455s
	speed: 0.0257s/iter; left time: 206.8847s
	speed: 0.0255s/iter; left time: 202.8132s
	speed: 0.0257s/iter; left time: 201.8651s
	speed: 0.0256s/iter; left time: 198.5293s
	speed: 0.0255s/iter; left time: 195.1238s
	speed: 0.0258s/iter; left time: 194.7526s
	speed: 0.0257s/iter; left time: 191.1578s
	speed: 0.0257s/iter; left time: 189.0229s
	speed: 0.0258s/iter; left time: 186.7179s
	speed: 0.0258s/iter; left time: 184.1495s
	speed: 0.0256s/iter; left time: 180.7517s
	speed: 0.0259s/iter; left time: 179.8453s
	speed: 0.0256s/iter; left time: 175.1394s
	speed: 0.0260s/iter; left time: 175.5854s
	speed: 0.0258s/iter; left time: 171.3382s
	speed: 0.0260s/iter; left time: 170.0526s
	speed: 0.0254s/iter; left time: 163.7485s
	speed: 0.0243s/iter; left time: 154.5390s
	speed: 0.0205s/iter; left time: 128.1145s
	speed: 0.0207s/iter; left time: 127.2386s
	speed: 0.0200s/iter; left time: 120.9842s
	speed: 0.0209s/iter; left time: 124.5808s
	speed: 0.0206s/iter; left time: 120.6542s
	speed: 0.0197s/iter; left time: 112.9967s
	speed: 0.0205s/iter; left time: 115.7900s
	speed: 0.0212s/iter; left time: 117.8064s
	speed: 0.0239s/iter; left time: 129.9858s
	speed: 0.0266s/iter; left time: 141.9893s
	speed: 0.0313s/iter; left time: 164.1311s
	speed: 0.0314s/iter; left time: 161.6725s
	speed: 0.0308s/iter; left time: 155.4178s
	speed: 0.0310s/iter; left time: 153.3765s
	speed: 0.0253s/iter; left time: 122.4963s
	speed: 0.0249s/iter; left time: 118.1217s
	speed: 0.0249s/iter; left time: 115.6862s
	speed: 0.0249s/iter; left time: 113.0508s
	speed: 0.0247s/iter; left time: 109.9022s
	speed: 0.0250s/iter; left time: 108.4785s
	speed: 0.0267s/iter; left time: 113.4315s
	speed: 0.0302s/iter; left time: 125.3580s
	speed: 0.0358s/iter; left time: 144.9482s
	speed: 0.0355s/iter; left time: 140.2012s
	speed: 0.0356s/iter; left time: 137.0943s
	speed: 0.0353s/iter; left time: 132.4071s
	speed: 0.0356s/iter; left time: 129.7584s
	speed: 0.0356s/iter; left time: 126.2021s
	speed: 0.0356s/iter; left time: 122.7305s
	speed: 0.0361s/iter; left time: 120.7122s
	speed: 0.0356s/iter; left time: 115.6940s
	speed: 0.0356s/iter; left time: 112.0732s
	speed: 0.0358s/iter; left time: 108.9597s
	speed: 0.0360s/iter; left time: 106.0504s
	speed: 0.0358s/iter; left time: 101.9152s
	speed: 0.0357s/iter; left time: 97.9367s
	speed: 0.0355s/iter; left time: 93.9892s
	speed: 0.0356s/iter; left time: 90.6070s
	speed: 0.0357s/iter; left time: 87.2479s
	speed: 0.0355s/iter; left time: 83.2624s
	speed: 0.0356s/iter; left time: 79.9721s
	speed: 0.0355s/iter; left time: 76.2629s
	speed: 0.0356s/iter; left time: 72.8044s
	speed: 0.0357s/iter; left time: 69.5511s
	speed: 0.0355s/iter; left time: 65.5087s
	speed: 0.0355s/iter; left time: 62.0197s
	speed: 0.0356s/iter; left time: 58.6818s
	speed: 0.0354s/iter; left time: 54.7099s
	speed: 0.0356s/iter; left time: 51.5323s
	speed: 0.0355s/iter; left time: 47.8181s
	speed: 0.0358s/iter; left time: 44.5971s
	speed: 0.0357s/iter; left time: 40.9984s
	speed: 0.0355s/iter; left time: 37.1470s
	speed: 0.0317s/iter; left time: 30.0617s
	speed: 0.0309s/iter; left time: 26.2145s
	speed: 0.0311s/iter; left time: 23.2472s
	speed: 0.0311s/iter; left time: 20.1173s
	speed: 0.0314s/iter; left time: 17.1501s
	speed: 0.0311s/iter; left time: 13.8797s
	speed: 0.0311s/iter; left time: 10.7840s
	speed: 0.0312s/iter; left time: 7.7187s
	speed: 0.0311s/iter; left time: 4.5708s
	speed: 0.0311s/iter; left time: 1.4636s
2025-11-13 19:41:18,566 - INFO - 训练完成!
2025-11-13 19:41:18,566 - INFO - 开始测试模型...
Epoch: 1, Cost time: 406.602s 
Loading checkpoint from: checkpoints2_e_layers_analysis/pcb_e_layers5_20251113_193427/pcb_cleaned_1minut_20250928_161509_checkpoint_2025-11-13_19-41-18/model.pth
Threshold : 0.3396560549736023
2025-11-13 19:44:38,331 - INFO - 测试完成!
pa_accuracy           : 0.9614
pa_precision          : 0.3045
pa_recall             : 0.6520
pa_f_score            : 0.4151
MCC_score             : 0.4290
Affiliation precision : 0.5168
Affiliation recall    : 0.9001
R_AUC_ROC             : 0.6247
R_AUC_PR              : 0.3507
VUS_ROC               : 0.6320
VUS_PR                : 0.3547
Accuracy : 0.9614, Precision : 0.3045, Recall : 0.6520, F-score : 0.4151 
Test results saved to: checkpoints2_e_layers_analysis/pcb_e_layers5_20251113_193427/pcb_cleaned_1minut_20250928_161509_checkpoint_2025-11-13_19-41-18/result.json
/home/wanting/KDD2023-DCdetector/venv/lib/python3.12/site-packages/tsfresh/__init__.py:12: UserWarning: pkg_resources is deprecated as an API. See https://setuptools.pypa.io/en/latest/pkg_resources.html. The pkg_resources package is slated for removal as early as 2025-11-30. Refrain from using this package or pin to Setuptools<81.
  import pkg_resources
2025-11-13 19:44:40,916 - INFO - 开始使用自定义数据集运行DCdetector...
2025-11-13 19:44:40,916 - INFO - 数据集: Custom
2025-11-13 19:44:40,916 - INFO - 输入特征维度: 10
2025-11-13 19:44:40,916 - INFO - 窗口大小: 30
2025-11-13 19:44:40,916 - INFO - 批次大小: 32
2025-11-13 19:44:43,223 - INFO - 开始训练模型...
[onlyNormalData=True] 训练集过滤异常数据: 408340 行 -> 391922 行 (移除 16418 个异常样本)

[PCA降维] 启用
  n_components=10
  PCA前特征维度: 31
  PCA后特征维度: 10
  解释方差比（前10个）: [0.32616914 0.16267314 0.1372184  0.11142357 0.06736721 0.04779601
 0.02843967 0.0252639  0.02060194 0.01696907]
  累积解释方差: 0.9439
  时间点数量: train=391922, val=87502, test=87502 (未改变)
[PCA降维] 完成
数据加载自: dataset/downsampleData_scratch_1minut/pcb/pcb_cleaned_1minut_20250928_161509.parquet
训练集形状: (391922, 10)
验证集形状: (87502, 10)
测试集形状: (87502, 10)
特征维度: 10
异常比例（行级）:
- 训练集: 原始 4.02% -> 现有 0.00%
- 验证集: 1.52%
- 测试集: 2.10%
[onlyNormalData=True] 训练集过滤异常数据: 408340 行 -> 391922 行 (移除 16418 个异常样本)

[PCA降维] 启用
  n_components=10
  PCA前特征维度: 31
  PCA后特征维度: 10
  解释方差比（前10个）: [0.32616914 0.16267314 0.1372184  0.11142357 0.06736721 0.04779601
 0.02843967 0.0252639  0.02060194 0.01696907]
  累积解释方差: 0.9439
  时间点数量: train=391922, val=87502, test=87502 (未改变)
[PCA降维] 完成
数据加载自: dataset/downsampleData_scratch_1minut/pcb/pcb_cleaned_1minut_20250928_161509.parquet
训练集形状: (391922, 10)
验证集形状: (87502, 10)
测试集形状: (87502, 10)
特征维度: 10
异常比例（行级）:
- 训练集: 原始 4.02% -> 现有 0.00%
- 验证集: 1.52%
- 测试集: 2.10%
[onlyNormalData=True] 训练集过滤异常数据: 408340 行 -> 391922 行 (移除 16418 个异常样本)

[PCA降维] 启用
  n_components=10
  PCA前特征维度: 31
  PCA后特征维度: 10
  解释方差比（前10个）: [0.32616914 0.16267314 0.1372184  0.11142357 0.06736721 0.04779601
 0.02843967 0.0252639  0.02060194 0.01696907]
  累积解释方差: 0.9439
  时间点数量: train=391922, val=87502, test=87502 (未改变)
[PCA降维] 完成
数据加载自: dataset/downsampleData_scratch_1minut/pcb/pcb_cleaned_1minut_20250928_161509.parquet
训练集形状: (391922, 10)
验证集形状: (87502, 10)
测试集形状: (87502, 10)
特征维度: 10
异常比例（行级）:
- 训练集: 原始 4.02% -> 现有 0.00%
- 验证集: 1.52%
- 测试集: 2.10%
[onlyNormalData=True] 训练集过滤异常数据: 408340 行 -> 391922 行 (移除 16418 个异常样本)

[PCA降维] 启用
  n_components=10
  PCA前特征维度: 31
  PCA后特征维度: 10
  解释方差比（前10个）: [0.32616914 0.16267314 0.1372184  0.11142357 0.06736721 0.04779601
 0.02843967 0.0252639  0.02060194 0.01696907]
  累积解释方差: 0.9439
  时间点数量: train=391922, val=87502, test=87502 (未改变)
[PCA降维] 完成
数据加载自: dataset/downsampleData_scratch_1minut/pcb/pcb_cleaned_1minut_20250928_161509.parquet
训练集形状: (391922, 10)
验证集形状: (87502, 10)
测试集形状: (87502, 10)
特征维度: 10
异常比例（行级）:
- 训练集: 原始 4.02% -> 现有 0.00%
- 验证集: 1.52%
- 测试集: 2.10%
	speed: 0.0378s/iter; left time: 459.0340s
	speed: 0.0331s/iter; left time: 398.6142s
	speed: 0.0327s/iter; left time: 390.2894s
	speed: 0.0329s/iter; left time: 390.0730s
	speed: 0.0331s/iter; left time: 389.0007s
	speed: 0.0329s/iter; left time: 382.9566s
	speed: 0.0334s/iter; left time: 386.1215s
	speed: 0.0329s/iter; left time: 377.1147s
	speed: 0.0327s/iter; left time: 370.8258s
	speed: 0.0328s/iter; left time: 368.4040s
	speed: 0.0327s/iter; left time: 365.0254s
	speed: 0.0327s/iter; left time: 361.3903s
	speed: 0.0326s/iter; left time: 356.8146s
	speed: 0.0327s/iter; left time: 354.5358s
	speed: 0.0329s/iter; left time: 353.9228s
	speed: 0.0328s/iter; left time: 349.2151s
	speed: 0.0328s/iter; left time: 345.4726s
	speed: 0.0330s/iter; left time: 344.6485s
	speed: 0.0330s/iter; left time: 341.4988s
	speed: 0.0327s/iter; left time: 334.6780s
	speed: 0.0316s/iter; left time: 320.4259s
	speed: 0.0309s/iter; left time: 310.1690s
	speed: 0.0305s/iter; left time: 302.9407s
	speed: 0.0306s/iter; left time: 301.7839s
	speed: 0.0306s/iter; left time: 298.6258s
	speed: 0.0321s/iter; left time: 309.7188s
	speed: 0.0358s/iter; left time: 341.4090s
	speed: 0.0400s/iter; left time: 378.1930s
	speed: 0.0397s/iter; left time: 370.6632s
	speed: 0.0393s/iter; left time: 363.2764s
	speed: 0.0378s/iter; left time: 345.5694s
	speed: 0.0359s/iter; left time: 324.9322s
	speed: 0.0361s/iter; left time: 323.2811s
	speed: 0.0359s/iter; left time: 317.9425s
	speed: 0.0342s/iter; left time: 298.7455s
	speed: 0.0378s/iter; left time: 326.6869s
	speed: 0.0482s/iter; left time: 412.3344s
	speed: 0.0484s/iter; left time: 409.1453s
	speed: 0.0482s/iter; left time: 402.3347s
	speed: 0.0484s/iter; left time: 398.8838s
	speed: 0.0479s/iter; left time: 390.2987s
	speed: 0.0484s/iter; left time: 389.3615s
	speed: 0.0483s/iter; left time: 383.9884s
	speed: 0.0475s/iter; left time: 372.9808s
	speed: 0.0482s/iter; left time: 373.1986s
	speed: 0.0482s/iter; left time: 368.7222s
	speed: 0.0479s/iter; left time: 361.5829s
	speed: 0.0481s/iter; left time: 358.5708s
	speed: 0.0482s/iter; left time: 354.3266s
	speed: 0.0479s/iter; left time: 347.0098s
	speed: 0.0484s/iter; left time: 346.1217s
	speed: 0.0483s/iter; left time: 340.2194s
	speed: 0.0481s/iter; left time: 334.4080s
	speed: 0.0488s/iter; left time: 334.0102s
	speed: 0.0479s/iter; left time: 323.0092s
	speed: 0.0479s/iter; left time: 318.1218s
	speed: 0.0482s/iter; left time: 315.5589s
	speed: 0.0480s/iter; left time: 309.4882s
	speed: 0.0483s/iter; left time: 306.3663s
	speed: 0.0481s/iter; left time: 300.3070s
	speed: 0.0485s/iter; left time: 298.0075s
	speed: 0.0485s/iter; left time: 293.0553s
	speed: 0.0481s/iter; left time: 286.2512s
	speed: 0.0481s/iter; left time: 281.1881s
	speed: 0.0479s/iter; left time: 275.2972s
	speed: 0.0483s/iter; left time: 272.6271s
	speed: 0.0484s/iter; left time: 268.3268s
	speed: 0.0485s/iter; left time: 263.9742s
	speed: 0.0478s/iter; left time: 255.5116s
	speed: 0.0478s/iter; left time: 250.9916s
	speed: 0.0484s/iter; left time: 249.1733s
	speed: 0.0480s/iter; left time: 242.4735s
	speed: 0.0483s/iter; left time: 238.9520s
	speed: 0.0484s/iter; left time: 234.7322s
	speed: 0.0469s/iter; left time: 222.6812s
	speed: 0.0402s/iter; left time: 187.0412s
	speed: 0.0407s/iter; left time: 185.1484s
	speed: 0.0401s/iter; left time: 178.4419s
	speed: 0.0402s/iter; left time: 174.7765s
	speed: 0.0399s/iter; left time: 169.3316s
	speed: 0.0400s/iter; left time: 166.0306s
	speed: 0.0401s/iter; left time: 162.2310s
	speed: 0.0412s/iter; left time: 162.5255s
	speed: 0.0403s/iter; left time: 155.0447s
	speed: 0.0410s/iter; left time: 153.6126s
	speed: 0.0405s/iter; left time: 147.6270s
	speed: 0.0406s/iter; left time: 143.9534s
	speed: 0.0400s/iter; left time: 137.9221s
	speed: 0.0406s/iter; left time: 135.9629s
	speed: 0.0403s/iter; left time: 130.8814s
	speed: 0.0409s/iter; left time: 128.6079s
	speed: 0.0399s/iter; left time: 121.6381s
	speed: 0.0407s/iter; left time: 119.8577s
	speed: 0.0390s/iter; left time: 111.0409s
	speed: 0.0385s/iter; left time: 105.6309s
	speed: 0.0381s/iter; left time: 100.7530s
	speed: 0.0379s/iter; left time: 96.5075s
	speed: 0.0381s/iter; left time: 93.3089s
	speed: 0.0382s/iter; left time: 89.6735s
	speed: 0.0384s/iter; left time: 86.2633s
	speed: 0.0384s/iter; left time: 82.5013s
	speed: 0.0383s/iter; left time: 78.4558s
	speed: 0.0379s/iter; left time: 73.8013s
	speed: 0.0389s/iter; left time: 71.7727s
	speed: 0.0389s/iter; left time: 68.0014s
	speed: 0.0387s/iter; left time: 63.8065s
	speed: 0.0385s/iter; left time: 59.5270s
	speed: 0.0383s/iter; left time: 55.4191s
	speed: 0.0385s/iter; left time: 51.8453s
	speed: 0.0388s/iter; left time: 48.3403s
	speed: 0.0383s/iter; left time: 43.9376s
	speed: 0.0389s/iter; left time: 40.6878s
	speed: 0.0376s/iter; left time: 35.5631s
	speed: 0.0338s/iter; left time: 28.5927s
	speed: 0.0338s/iter; left time: 25.2493s
	speed: 0.0334s/iter; left time: 21.6420s
	speed: 0.0334s/iter; left time: 18.2627s
	speed: 0.0335s/iter; left time: 14.9832s
	speed: 0.0335s/iter; left time: 11.6407s
	speed: 0.0335s/iter; left time: 8.2805s
	speed: 0.0339s/iter; left time: 4.9814s
	speed: 0.0314s/iter; left time: 1.4751s
2025-11-13 19:53:48,051 - INFO - 训练完成!
2025-11-13 19:53:48,052 - INFO - 开始测试模型...
Epoch: 1, Cost time: 544.802s 
Loading checkpoint from: checkpoints2_e_layers_analysis/pcb_e_layers7_20251113_194438/pcb_cleaned_1minut_20250928_161509_checkpoint_2025-11-13_19-53-48/model.pth
Threshold : 0.3446257412433624
2025-11-13 19:58:00,125 - INFO - 测试完成!
pa_accuracy           : 0.9596
pa_precision          : 0.2702
pa_recall             : 0.5408
pa_f_score            : 0.3604
MCC_score             : 0.3641
Affiliation precision : 0.5135
Affiliation recall    : 0.8750
R_AUC_ROC             : 0.6083
R_AUC_PR              : 0.3190
VUS_ROC               : 0.6096
VUS_PR                : 0.3177
Accuracy : 0.9596, Precision : 0.2702, Recall : 0.5408, F-score : 0.3604 
Test results saved to: checkpoints2_e_layers_analysis/pcb_e_layers7_20251113_194438/pcb_cleaned_1minut_20250928_161509_checkpoint_2025-11-13_19-53-48/result.json
Running: ring | e_layers=7
================================================================================
Command: python run_custom_dataset.py --dataset Custom --data_path dataset/downsampleData_scratch_1minut/ring/Ring_cleaned_1minut_20250928_170147.parquet --num_epochs 1 --win_size 30 --batch_size 32 --mode train --input_c 10 --output_c 10 --lr 0.0001 --anormly_ratio 3.0 --index 0 --patience 3 --patch_size 3,6,10 --n_heads 1 --d_model 256 --e_layers 7 --d_ff 512 --activation gelu --output_attention True --model_save_path checkpoints2_e_layers_analysis/ring_e_layers7_20251113_185114
================================================================================


✓ Results: Precision=0.4507, Recall=0.5378, F-score=0.4904

################################################################################
# Experiment 9/12
# Dataset: pcb, e_layers: 1
################################################################################


================================================================================
Running: pcb | e_layers=1
================================================================================
Command: python run_custom_dataset.py --dataset Custom --data_path dataset/downsampleData_scratch_1minut/pcb/pcb_cleaned_1minut_20250928_161509.parquet --num_epochs 1 --win_size 30 --batch_size 32 --mode train --input_c 10 --output_c 10 --lr 0.0001 --anormly_ratio 3.0 --index 0 --patience 3 --patch_size 3,6,10 --n_heads 1 --d_model 256 --e_layers 1 --d_ff 512 --activation gelu --output_attention True --model_save_path checkpoints2_e_layers_analysis/pcb_e_layers1_20251113_191231
================================================================================


✓ Results: Precision=0.2422, Recall=0.4831, F-score=0.3227

################################################################################
# Experiment 10/12
# Dataset: pcb, e_layers: 3
################################################################################


================================================================================
Running: pcb | e_layers=3
================================================================================
Command: python run_custom_dataset.py --dataset Custom --data_path dataset/downsampleData_scratch_1minut/pcb/pcb_cleaned_1minut_20250928_161509.parquet --num_epochs 1 --win_size 30 --batch_size 32 --mode train --input_c 10 --output_c 10 --lr 0.0001 --anormly_ratio 3.0 --index 0 --patience 3 --patch_size 3,6,10 --n_heads 1 --d_model 256 --e_layers 3 --d_ff 512 --activation gelu --output_attention True --model_save_path checkpoints2_e_layers_analysis/pcb_e_layers3_20251113_192335
================================================================================


✓ Results: Precision=0.2753, Recall=0.5686, F-score=0.3710

################################################################################
# Experiment 11/12
# Dataset: pcb, e_layers: 5
################################################################################


================================================================================
Running: pcb | e_layers=5
================================================================================
Command: python run_custom_dataset.py --dataset Custom --data_path dataset/downsampleData_scratch_1minut/pcb/pcb_cleaned_1minut_20250928_161509.parquet --num_epochs 1 --win_size 30 --batch_size 32 --mode train --input_c 10 --output_c 10 --lr 0.0001 --anormly_ratio 3.0 --index 0 --patience 3 --patch_size 3,6,10 --n_heads 1 --d_model 256 --e_layers 5 --d_ff 512 --activation gelu --output_attention True --model_save_path checkpoints2_e_layers_analysis/pcb_e_layers5_20251113_193427
================================================================================


✓ Results: Precision=0.3045, Recall=0.6520, F-score=0.4151

################################################################################
# Experiment 12/12
# Dataset: pcb, e_layers: 7
################################################################################


================================================================================
Running: pcb | e_layers=7
================================================================================
Command: python run_custom_dataset.py --dataset Custom --data_path dataset/downsampleData_scratch_1minut/pcb/pcb_cleaned_1minut_20250928_161509.parquet --num_epochs 1 --win_size 30 --batch_size 32 --mode train --input_c 10 --output_c 10 --lr 0.0001 --anormly_ratio 3.0 --index 0 --patience 3 --patch_size 3,6,10 --n_heads 1 --d_model 256 --e_layers 7 --d_ff 512 --activation gelu --output_attention True --model_save_path checkpoints2_e_layers_analysis/pcb_e_layers7_20251113_194438
================================================================================


✓ Results: Precision=0.2702, Recall=0.5408, F-score=0.3604

Saving results...
Results saved to JSON: experiments/results_pca/e_layers_results.json

Generating plots...

================================================================================
Plot saved:
  PNG: experiments/results_pca/e_layers_f1_scores.png
  PDF: experiments/results_pca/e_layers_f1_scores.pdf
================================================================================


================================================================================
ANALYSIS COMPLETE!
================================================================================
All results saved in: experiments/results_pca
================================================================================

