/home/wanting/KDD2023-DCdetector/venv/lib/python3.12/site-packages/tsfresh/__init__.py:12: UserWarning: pkg_resources is deprecated as an API. See https://setuptools.pypa.io/en/latest/pkg_resources.html. The pkg_resources package is slated for removal as early as 2025-11-30. Refrain from using this package or pin to Setuptools<81.
  import pkg_resources
2025-11-13 17:08:41,421 - INFO - 开始使用自定义数据集运行DCdetector...
2025-11-13 17:08:41,421 - INFO - 数据集: Custom
2025-11-13 17:08:41,421 - INFO - 输入特征维度: 10
2025-11-13 17:08:41,421 - INFO - 窗口大小: 30
2025-11-13 17:08:41,421 - INFO - 批次大小: 32
2025-11-13 17:08:49,363 - INFO - 开始训练模型...
[onlyNormalData=True] 训练集过滤异常数据: 377158 行 -> 339888 行 (移除 37270 个异常样本)

[PCA降维] 启用
  n_components=10
  PCA前特征维度: 27
  PCA后特征维度: 10
  解释方差比（前10个）: [0.51869311 0.15333047 0.1103832  0.07160594 0.0435558  0.02740393
 0.0225212  0.01900313 0.00983904 0.00835796]
  累积解释方差: 0.9847
  时间点数量: train=339888, val=80820, test=80820 (未改变)
[PCA降维] 完成
数据加载自: dataset/downsampleData_scratch_1minut/contact/contact_cleaned_1minut_20250928_172122.parquet
训练集形状: (339888, 10)
验证集形状: (80820, 10)
测试集形状: (80820, 10)
特征维度: 10
异常比例（行级）:
- 训练集: 原始 9.88% -> 现有 0.00%
- 验证集: 5.85%
- 测试集: 5.06%
[onlyNormalData=True] 训练集过滤异常数据: 377158 行 -> 339888 行 (移除 37270 个异常样本)

[PCA降维] 启用
  n_components=10
  PCA前特征维度: 27
  PCA后特征维度: 10
  解释方差比（前10个）: [0.51869311 0.15333047 0.1103832  0.07160594 0.0435558  0.02740393
 0.0225212  0.01900313 0.00983904 0.00835796]
  累积解释方差: 0.9847
  时间点数量: train=339888, val=80820, test=80820 (未改变)
[PCA降维] 完成
数据加载自: dataset/downsampleData_scratch_1minut/contact/contact_cleaned_1minut_20250928_172122.parquet
训练集形状: (339888, 10)
验证集形状: (80820, 10)
测试集形状: (80820, 10)
特征维度: 10
异常比例（行级）:
- 训练集: 原始 9.88% -> 现有 0.00%
- 验证集: 5.85%
- 测试集: 5.06%
[onlyNormalData=True] 训练集过滤异常数据: 377158 行 -> 339888 行 (移除 37270 个异常样本)

[PCA降维] 启用
  n_components=10
  PCA前特征维度: 27
  PCA后特征维度: 10
  解释方差比（前10个）: [0.51869311 0.15333047 0.1103832  0.07160594 0.0435558  0.02740393
 0.0225212  0.01900313 0.00983904 0.00835796]
  累积解释方差: 0.9847
  时间点数量: train=339888, val=80820, test=80820 (未改变)
[PCA降维] 完成
数据加载自: dataset/downsampleData_scratch_1minut/contact/contact_cleaned_1minut_20250928_172122.parquet
训练集形状: (339888, 10)
验证集形状: (80820, 10)
测试集形状: (80820, 10)
特征维度: 10
异常比例（行级）:
- 训练集: 原始 9.88% -> 现有 0.00%
- 验证集: 5.85%
- 测试集: 5.06%
[onlyNormalData=True] 训练集过滤异常数据: 377158 行 -> 339888 行 (移除 37270 个异常样本)

[PCA降维] 启用
  n_components=10
  PCA前特征维度: 27
  PCA后特征维度: 10
  解释方差比（前10个）: [0.51869311 0.15333047 0.1103832  0.07160594 0.0435558  0.02740393
 0.0225212  0.01900313 0.00983904 0.00835796]
  累积解释方差: 0.9847
  时间点数量: train=339888, val=80820, test=80820 (未改变)
[PCA降维] 完成
数据加载自: dataset/downsampleData_scratch_1minut/contact/contact_cleaned_1minut_20250928_172122.parquet
训练集形状: (339888, 10)
验证集形状: (80820, 10)
测试集形状: (80820, 10)
特征维度: 10
异常比例（行级）:
- 训练集: 原始 9.88% -> 现有 0.00%
- 验证集: 5.85%
- 测试集: 5.06%
	speed: 0.0336s/iter; left time: 353.0687s
	speed: 0.0127s/iter; left time: 132.6887s
	speed: 0.0135s/iter; left time: 138.9888s
	speed: 0.0128s/iter; left time: 130.7606s
	speed: 0.0132s/iter; left time: 133.9189s
	speed: 0.0136s/iter; left time: 135.8292s
	speed: 0.0141s/iter; left time: 139.7028s
	speed: 0.0138s/iter; left time: 135.9204s
	speed: 0.0134s/iter; left time: 130.6296s
	speed: 0.0138s/iter; left time: 132.9762s
	speed: 0.0134s/iter; left time: 127.1208s
	speed: 0.0141s/iter; left time: 132.9505s
	speed: 0.0145s/iter; left time: 135.3443s
	speed: 0.0129s/iter; left time: 119.2214s
	speed: 0.0134s/iter; left time: 121.7764s
	speed: 0.0134s/iter; left time: 120.9696s
	speed: 0.0130s/iter; left time: 116.0020s
	speed: 0.0133s/iter; left time: 117.1035s
	speed: 0.0129s/iter; left time: 112.3994s
	speed: 0.0131s/iter; left time: 112.6770s
	speed: 0.0132s/iter; left time: 112.5098s
	speed: 0.0132s/iter; left time: 110.7910s
	speed: 0.0129s/iter; left time: 107.3668s
	speed: 0.0129s/iter; left time: 106.3314s
	speed: 0.0130s/iter; left time: 105.7240s
	speed: 0.0129s/iter; left time: 103.2031s
	speed: 0.0129s/iter; left time: 102.4955s
	speed: 0.0129s/iter; left time: 101.2007s
	speed: 0.0132s/iter; left time: 102.2254s
	speed: 0.0130s/iter; left time: 98.7266s
	speed: 0.0129s/iter; left time: 97.3448s
	speed: 0.0131s/iter; left time: 97.3109s
	speed: 0.0135s/iter; left time: 98.7198s
	speed: 0.0125s/iter; left time: 90.3259s
	speed: 0.0125s/iter; left time: 88.9771s
	speed: 0.0111s/iter; left time: 77.5836s
	speed: 0.0111s/iter; left time: 76.7299s
	speed: 0.0109s/iter; left time: 74.3392s
	speed: 0.0110s/iter; left time: 73.5975s
	speed: 0.0110s/iter; left time: 72.5163s
	speed: 0.0110s/iter; left time: 71.7251s
	speed: 0.0109s/iter; left time: 69.9476s
	speed: 0.0112s/iter; left time: 70.8143s
	speed: 0.0110s/iter; left time: 68.1772s
	speed: 0.0110s/iter; left time: 67.0657s
	speed: 0.0109s/iter; left time: 65.7276s
	speed: 0.0109s/iter; left time: 64.5681s
	speed: 0.0109s/iter; left time: 63.7327s
	speed: 0.0109s/iter; left time: 62.6151s
	speed: 0.0122s/iter; left time: 68.5348s
	speed: 0.0117s/iter; left time: 64.3992s
	speed: 0.0144s/iter; left time: 78.3155s
	speed: 0.0139s/iter; left time: 73.9669s
	speed: 0.0150s/iter; left time: 78.2151s
	speed: 0.0152s/iter; left time: 77.6900s
	speed: 0.0152s/iter; left time: 76.2536s
	speed: 0.0150s/iter; left time: 73.6851s
	speed: 0.0150s/iter; left time: 72.4386s
	speed: 0.0151s/iter; left time: 71.0890s
	speed: 0.0152s/iter; left time: 70.1998s
	speed: 0.0151s/iter; left time: 68.3378s
	speed: 0.0151s/iter; left time: 66.9115s
	speed: 0.0150s/iter; left time: 64.7980s
	speed: 0.0150s/iter; left time: 63.2215s
	speed: 0.0150s/iter; left time: 61.6200s
	speed: 0.0158s/iter; left time: 63.6807s
	speed: 0.0159s/iter; left time: 62.1570s
	speed: 0.0171s/iter; left time: 65.1522s
	speed: 0.0200s/iter; left time: 74.5460s
	speed: 0.0175s/iter; left time: 63.3237s
	speed: 0.0175s/iter; left time: 61.7327s
	speed: 0.0176s/iter; left time: 60.0505s
	speed: 0.0176s/iter; left time: 58.5652s
	speed: 0.0175s/iter; left time: 56.3887s
	speed: 0.0175s/iter; left time: 54.6805s
	speed: 0.0176s/iter; left time: 53.3074s
	speed: 0.0176s/iter; left time: 51.5417s
	speed: 0.0175s/iter; left time: 49.4059s
	speed: 0.0182s/iter; left time: 49.6010s
	speed: 0.0176s/iter; left time: 46.0524s
	speed: 0.0178s/iter; left time: 44.8842s
	speed: 0.0175s/iter; left time: 42.2979s
	speed: 0.0176s/iter; left time: 40.7379s
	speed: 0.0176s/iter; left time: 39.1620s
	speed: 0.0176s/iter; left time: 37.3058s
	speed: 0.0177s/iter; left time: 35.8079s
	speed: 0.0176s/iter; left time: 33.8048s
	speed: 0.0173s/iter; left time: 31.5164s
	speed: 0.0176s/iter; left time: 30.2728s
	speed: 0.0174s/iter; left time: 28.1375s
	speed: 0.0175s/iter; left time: 26.5520s
	speed: 0.0176s/iter; left time: 25.0152s
	speed: 0.0177s/iter; left time: 23.3830s
	speed: 0.0175s/iter; left time: 21.3831s
	speed: 0.0177s/iter; left time: 19.8091s
	speed: 0.0176s/iter; left time: 17.9805s
	speed: 0.0176s/iter; left time: 16.2067s
	speed: 0.0175s/iter; left time: 14.3415s
	speed: 0.0177s/iter; left time: 12.7807s
	speed: 0.0177s/iter; left time: 10.9708s
	speed: 0.0179s/iter; left time: 9.3026s
	speed: 0.0180s/iter; left time: 7.5570s
	speed: 0.0167s/iter; left time: 5.3714s
	speed: 0.0166s/iter; left time: 3.6756s
	speed: 0.0168s/iter; left time: 2.0329s
	speed: 0.0170s/iter; left time: 0.3562s
2025-11-13 17:12:10,542 - INFO - 训练完成!
2025-11-13 17:12:10,547 - INFO - 开始测试模型...
Epoch: 1, Cost time: 200.990s 
Loading checkpoint from: checkpoints2_n_heads_analysis/contact_n_heads1_20251113_170839/contact_cleaned_1minut_20250928_172122_checkpoint_2025-11-13_17-12-10/model.pth
Threshold : 0.3386017978191376
2025-11-13 17:16:12,546 - INFO - 测试完成!
pa_accuracy           : 0.9491
pa_precision          : 0.4986
pa_recall             : 0.5904
pa_f_score            : 0.5406
MCC_score             : 0.5159
Affiliation precision : 0.5277
Affiliation recall    : 0.8085
R_AUC_ROC             : 0.6496
R_AUC_PR              : 0.4993
VUS_ROC               : 0.6488
VUS_PR                : 0.4934
Accuracy : 0.9491, Precision : 0.4986, Recall : 0.5904, F-score : 0.5406 
Test results saved to: checkpoints2_n_heads_analysis/contact_n_heads1_20251113_170839/contact_cleaned_1minut_20250928_172122_checkpoint_2025-11-13_17-12-10/result.json
/home/wanting/KDD2023-DCdetector/venv/lib/python3.12/site-packages/tsfresh/__init__.py:12: UserWarning: pkg_resources is deprecated as an API. See https://setuptools.pypa.io/en/latest/pkg_resources.html. The pkg_resources package is slated for removal as early as 2025-11-30. Refrain from using this package or pin to Setuptools<81.
  import pkg_resources
2025-11-13 17:16:21,328 - INFO - 开始使用自定义数据集运行DCdetector...
2025-11-13 17:16:21,328 - INFO - 数据集: Custom
2025-11-13 17:16:21,328 - INFO - 输入特征维度: 10
2025-11-13 17:16:21,328 - INFO - 窗口大小: 30
2025-11-13 17:16:21,328 - INFO - 批次大小: 32
2025-11-13 17:16:27,131 - INFO - 开始训练模型...
[onlyNormalData=True] 训练集过滤异常数据: 377158 行 -> 339888 行 (移除 37270 个异常样本)

[PCA降维] 启用
  n_components=10
  PCA前特征维度: 27
  PCA后特征维度: 10
  解释方差比（前10个）: [0.51869311 0.15333047 0.1103832  0.07160594 0.0435558  0.02740393
 0.0225212  0.01900313 0.00983904 0.00835796]
  累积解释方差: 0.9847
  时间点数量: train=339888, val=80820, test=80820 (未改变)
[PCA降维] 完成
数据加载自: dataset/downsampleData_scratch_1minut/contact/contact_cleaned_1minut_20250928_172122.parquet
训练集形状: (339888, 10)
验证集形状: (80820, 10)
测试集形状: (80820, 10)
特征维度: 10
异常比例（行级）:
- 训练集: 原始 9.88% -> 现有 0.00%
- 验证集: 5.85%
- 测试集: 5.06%
[onlyNormalData=True] 训练集过滤异常数据: 377158 行 -> 339888 行 (移除 37270 个异常样本)

[PCA降维] 启用
  n_components=10
  PCA前特征维度: 27
  PCA后特征维度: 10
  解释方差比（前10个）: [0.51869311 0.15333047 0.1103832  0.07160594 0.0435558  0.02740393
 0.0225212  0.01900313 0.00983904 0.00835796]
  累积解释方差: 0.9847
  时间点数量: train=339888, val=80820, test=80820 (未改变)
[PCA降维] 完成
数据加载自: dataset/downsampleData_scratch_1minut/contact/contact_cleaned_1minut_20250928_172122.parquet
训练集形状: (339888, 10)
验证集形状: (80820, 10)
测试集形状: (80820, 10)
特征维度: 10
异常比例（行级）:
- 训练集: 原始 9.88% -> 现有 0.00%
- 验证集: 5.85%
- 测试集: 5.06%
[onlyNormalData=True] 训练集过滤异常数据: 377158 行 -> 339888 行 (移除 37270 个异常样本)

[PCA降维] 启用
  n_components=10
  PCA前特征维度: 27
  PCA后特征维度: 10
  解释方差比（前10个）: [0.51869311 0.15333047 0.1103832  0.07160594 0.0435558  0.02740393
 0.0225212  0.01900313 0.00983904 0.00835796]
  累积解释方差: 0.9847
  时间点数量: train=339888, val=80820, test=80820 (未改变)
[PCA降维] 完成
数据加载自: dataset/downsampleData_scratch_1minut/contact/contact_cleaned_1minut_20250928_172122.parquet
训练集形状: (339888, 10)
验证集形状: (80820, 10)
测试集形状: (80820, 10)
特征维度: 10
异常比例（行级）:
- 训练集: 原始 9.88% -> 现有 0.00%
- 验证集: 5.85%
- 测试集: 5.06%
[onlyNormalData=True] 训练集过滤异常数据: 377158 行 -> 339888 行 (移除 37270 个异常样本)

[PCA降维] 启用
  n_components=10
  PCA前特征维度: 27
  PCA后特征维度: 10
  解释方差比（前10个）: [0.51869311 0.15333047 0.1103832  0.07160594 0.0435558  0.02740393
 0.0225212  0.01900313 0.00983904 0.00835796]
  累积解释方差: 0.9847
  时间点数量: train=339888, val=80820, test=80820 (未改变)
[PCA降维] 完成
数据加载自: dataset/downsampleData_scratch_1minut/contact/contact_cleaned_1minut_20250928_172122.parquet
训练集形状: (339888, 10)
验证集形状: (80820, 10)
测试集形状: (80820, 10)
特征维度: 10
异常比例（行级）:
- 训练集: 原始 9.88% -> 现有 0.00%
- 验证集: 5.85%
- 测试集: 5.06%
	speed: 0.0386s/iter; left time: 406.5131s
	speed: 0.0405s/iter; left time: 421.5902s
	speed: 0.0399s/iter; left time: 412.2775s
	speed: 0.0381s/iter; left time: 388.9134s
	speed: 0.0388s/iter; left time: 392.7915s
	speed: 0.0392s/iter; left time: 392.8895s
	speed: 0.0316s/iter; left time: 313.7671s
	speed: 0.0340s/iter; left time: 334.2406s
	speed: 0.0367s/iter; left time: 356.8504s
	speed: 0.0306s/iter; left time: 294.0857s
	speed: 0.0326s/iter; left time: 310.3508s
	speed: 0.0392s/iter; left time: 369.6788s
	speed: 0.0289s/iter; left time: 269.7860s
	speed: 0.0426s/iter; left time: 392.8906s
	speed: 0.0371s/iter; left time: 338.0562s
	speed: 0.0410s/iter; left time: 369.4304s
	speed: 0.0417s/iter; left time: 372.2706s
	speed: 0.0397s/iter; left time: 350.3997s
	speed: 0.0403s/iter; left time: 351.3437s
	speed: 0.0409s/iter; left time: 352.4544s
	speed: 0.0412s/iter; left time: 350.9984s
	speed: 0.0423s/iter; left time: 355.8570s
	speed: 0.0418s/iter; left time: 347.6853s
	speed: 0.0405s/iter; left time: 333.1588s
	speed: 0.0419s/iter; left time: 340.0026s
	speed: 0.0300s/iter; left time: 240.9051s
	speed: 0.0403s/iter; left time: 319.1807s
	speed: 0.0395s/iter; left time: 309.2456s
	speed: 0.0387s/iter; left time: 299.0966s
	speed: 0.0320s/iter; left time: 244.2159s
	speed: 0.0321s/iter; left time: 241.7256s
	speed: 0.0328s/iter; left time: 243.2871s
	speed: 0.0381s/iter; left time: 279.2821s
	speed: 0.0391s/iter; left time: 282.4957s
	speed: 0.0374s/iter; left time: 266.3861s
	speed: 0.0348s/iter; left time: 244.4567s
	speed: 0.0383s/iter; left time: 265.1119s
	speed: 0.0432s/iter; left time: 294.5121s
	speed: 0.0392s/iter; left time: 263.3799s
	speed: 0.0403s/iter; left time: 267.0195s
	speed: 0.0415s/iter; left time: 270.8108s
	speed: 0.0406s/iter; left time: 261.0033s
	speed: 0.0382s/iter; left time: 241.5400s
	speed: 0.0401s/iter; left time: 249.4442s
	speed: 0.0407s/iter; left time: 249.3268s
	speed: 0.0403s/iter; left time: 242.6888s
	speed: 0.0401s/iter; left time: 237.6808s
	speed: 0.0413s/iter; left time: 240.6831s
	speed: 0.0405s/iter; left time: 231.5859s
	speed: 0.0409s/iter; left time: 229.9987s
	speed: 0.0412s/iter; left time: 227.2694s
	speed: 0.0406s/iter; left time: 219.8527s
	speed: 0.0402s/iter; left time: 213.6829s
	speed: 0.0416s/iter; left time: 217.1129s
	speed: 0.0370s/iter; left time: 189.3233s
	speed: 0.0349s/iter; left time: 175.0751s
	speed: 0.0413s/iter; left time: 203.1875s
	speed: 0.0388s/iter; left time: 187.0687s
	speed: 0.0362s/iter; left time: 170.8975s
	speed: 0.0373s/iter; left time: 172.4854s
	speed: 0.0226s/iter; left time: 102.3570s
	speed: 0.0326s/iter; left time: 143.9418s
	speed: 0.0391s/iter; left time: 168.9629s
	speed: 0.0364s/iter; left time: 153.7802s
	speed: 0.0417s/iter; left time: 172.0178s
	speed: 0.0344s/iter; left time: 138.3675s
	speed: 0.0326s/iter; left time: 127.8679s
	speed: 0.0252s/iter; left time: 96.2312s
	speed: 0.0292s/iter; left time: 108.8369s
	speed: 0.0366s/iter; left time: 132.5396s
	speed: 0.0402s/iter; left time: 141.5006s
	speed: 0.0417s/iter; left time: 142.5596s
	speed: 0.0394s/iter; left time: 130.7468s
	speed: 0.0322s/iter; left time: 103.7050s
	speed: 0.0371s/iter; left time: 115.6545s
	speed: 0.0392s/iter; left time: 118.3886s
	speed: 0.0288s/iter; left time: 84.0970s
	speed: 0.0302s/iter; left time: 85.2982s
	speed: 0.0419s/iter; left time: 114.1274s
	speed: 0.0393s/iter; left time: 102.9221s
	speed: 0.0327s/iter; left time: 82.3126s
	speed: 0.0318s/iter; left time: 77.0787s
	speed: 0.0399s/iter; left time: 92.6632s
	speed: 0.0381s/iter; left time: 84.6284s
	speed: 0.0395s/iter; left time: 83.8093s
	speed: 0.0413s/iter; left time: 83.5187s
	speed: 0.0417s/iter; left time: 80.1593s
	speed: 0.0391s/iter; left time: 71.2023s
	speed: 0.0404s/iter; left time: 69.5900s
	speed: 0.0379s/iter; left time: 61.4424s
	speed: 0.0371s/iter; left time: 56.4488s
	speed: 0.0195s/iter; left time: 27.7294s
	speed: 0.0212s/iter; left time: 27.9914s
	speed: 0.0330s/iter; left time: 40.3137s
	speed: 0.0396s/iter; left time: 44.3800s
	speed: 0.0392s/iter; left time: 40.0253s
	speed: 0.0317s/iter; left time: 29.2374s
	speed: 0.0319s/iter; left time: 26.1528s
	speed: 0.0308s/iter; left time: 22.1871s
	speed: 0.0353s/iter; left time: 21.9472s
	speed: 0.0374s/iter; left time: 19.4880s
	speed: 0.0277s/iter; left time: 11.6538s
	speed: 0.0296s/iter; left time: 9.5046s
	speed: 0.0368s/iter; left time: 8.1247s
	speed: 0.0360s/iter; left time: 4.3514s
	speed: 0.0366s/iter; left time: 0.7694s
2025-11-13 17:23:42,592 - INFO - 训练完成!
2025-11-13 17:23:42,593 - INFO - 开始测试模型...
Epoch: 1, Cost time: 435.426s 
Loading checkpoint from: checkpoints2_n_heads_analysis/contact_n_heads3_20251113_171616/contact_cleaned_1minut_20250928_172122_checkpoint_2025-11-13_17-23-42/model.pth
Threshold : 0.33692291378974915
2025-11-13 17:27:29,569 - INFO - 测试完成!
pa_accuracy           : 0.9491
pa_precision          : 0.4983
pa_recall             : 0.5811
pa_f_score            : 0.5365
MCC_score             : 0.5114
Affiliation precision : 0.5166
Affiliation recall    : 0.7988
R_AUC_ROC             : 0.6489
R_AUC_PR              : 0.4978
VUS_ROC               : 0.6462
VUS_PR                : 0.4902
Accuracy : 0.9491, Precision : 0.4983, Recall : 0.5811, F-score : 0.5365 
Test results saved to: checkpoints2_n_heads_analysis/contact_n_heads3_20251113_171616/contact_cleaned_1minut_20250928_172122_checkpoint_2025-11-13_17-23-42/result.json
/home/wanting/KDD2023-DCdetector/venv/lib/python3.12/site-packages/tsfresh/__init__.py:12: UserWarning: pkg_resources is deprecated as an API. See https://setuptools.pypa.io/en/latest/pkg_resources.html. The pkg_resources package is slated for removal as early as 2025-11-30. Refrain from using this package or pin to Setuptools<81.
  import pkg_resources
2025-11-13 17:27:33,701 - INFO - 开始使用自定义数据集运行DCdetector...
2025-11-13 17:27:33,701 - INFO - 数据集: Custom
2025-11-13 17:27:33,701 - INFO - 输入特征维度: 10
2025-11-13 17:27:33,701 - INFO - 窗口大小: 30
2025-11-13 17:27:33,701 - INFO - 批次大小: 32
2025-11-13 17:27:37,174 - INFO - 开始训练模型...
[onlyNormalData=True] 训练集过滤异常数据: 377158 行 -> 339888 行 (移除 37270 个异常样本)

[PCA降维] 启用
  n_components=10
  PCA前特征维度: 27
  PCA后特征维度: 10
  解释方差比（前10个）: [0.51869311 0.15333047 0.1103832  0.07160594 0.0435558  0.02740393
 0.0225212  0.01900313 0.00983904 0.00835796]
  累积解释方差: 0.9847
  时间点数量: train=339888, val=80820, test=80820 (未改变)
[PCA降维] 完成
数据加载自: dataset/downsampleData_scratch_1minut/contact/contact_cleaned_1minut_20250928_172122.parquet
训练集形状: (339888, 10)
验证集形状: (80820, 10)
测试集形状: (80820, 10)
特征维度: 10
异常比例（行级）:
- 训练集: 原始 9.88% -> 现有 0.00%
- 验证集: 5.85%
- 测试集: 5.06%
[onlyNormalData=True] 训练集过滤异常数据: 377158 行 -> 339888 行 (移除 37270 个异常样本)

[PCA降维] 启用
  n_components=10
  PCA前特征维度: 27
  PCA后特征维度: 10
  解释方差比（前10个）: [0.51869311 0.15333047 0.1103832  0.07160594 0.0435558  0.02740393
 0.0225212  0.01900313 0.00983904 0.00835796]
  累积解释方差: 0.9847
  时间点数量: train=339888, val=80820, test=80820 (未改变)
[PCA降维] 完成
数据加载自: dataset/downsampleData_scratch_1minut/contact/contact_cleaned_1minut_20250928_172122.parquet
训练集形状: (339888, 10)
验证集形状: (80820, 10)
测试集形状: (80820, 10)
特征维度: 10
异常比例（行级）:
- 训练集: 原始 9.88% -> 现有 0.00%
- 验证集: 5.85%
- 测试集: 5.06%
[onlyNormalData=True] 训练集过滤异常数据: 377158 行 -> 339888 行 (移除 37270 个异常样本)

[PCA降维] 启用
  n_components=10
  PCA前特征维度: 27
  PCA后特征维度: 10
  解释方差比（前10个）: [0.51869311 0.15333047 0.1103832  0.07160594 0.0435558  0.02740393
 0.0225212  0.01900313 0.00983904 0.00835796]
  累积解释方差: 0.9847
  时间点数量: train=339888, val=80820, test=80820 (未改变)
[PCA降维] 完成
数据加载自: dataset/downsampleData_scratch_1minut/contact/contact_cleaned_1minut_20250928_172122.parquet
训练集形状: (339888, 10)
验证集形状: (80820, 10)
测试集形状: (80820, 10)
特征维度: 10
异常比例（行级）:
- 训练集: 原始 9.88% -> 现有 0.00%
- 验证集: 5.85%
- 测试集: 5.06%
[onlyNormalData=True] 训练集过滤异常数据: 377158 行 -> 339888 行 (移除 37270 个异常样本)

[PCA降维] 启用
  n_components=10
  PCA前特征维度: 27
  PCA后特征维度: 10
  解释方差比（前10个）: [0.51869311 0.15333047 0.1103832  0.07160594 0.0435558  0.02740393
 0.0225212  0.01900313 0.00983904 0.00835796]
  累积解释方差: 0.9847
  时间点数量: train=339888, val=80820, test=80820 (未改变)
[PCA降维] 完成
数据加载自: dataset/downsampleData_scratch_1minut/contact/contact_cleaned_1minut_20250928_172122.parquet
训练集形状: (339888, 10)
验证集形状: (80820, 10)
测试集形状: (80820, 10)
特征维度: 10
异常比例（行级）:
- 训练集: 原始 9.88% -> 现有 0.00%
- 验证集: 5.85%
- 测试集: 5.06%
	speed: 0.0390s/iter; left time: 410.7622s
	speed: 0.0403s/iter; left time: 420.2189s
	speed: 0.0401s/iter; left time: 414.1810s
	speed: 0.0396s/iter; left time: 404.9793s
	speed: 0.0404s/iter; left time: 408.9555s
	speed: 0.0393s/iter; left time: 393.9001s
	speed: 0.0255s/iter; left time: 253.0348s
	speed: 0.0287s/iter; left time: 281.4058s
	speed: 0.0329s/iter; left time: 319.6859s
	speed: 0.0340s/iter; left time: 327.3409s
	speed: 0.0389s/iter; left time: 370.0108s
	speed: 0.0400s/iter; left time: 377.2983s
	speed: 0.0400s/iter; left time: 372.5484s
	speed: 0.0386s/iter; left time: 355.9290s
	speed: 0.0383s/iter; left time: 349.7644s
	speed: 0.0395s/iter; left time: 356.2271s
	speed: 0.0393s/iter; left time: 350.1873s
	speed: 0.0403s/iter; left time: 355.7650s
	speed: 0.0396s/iter; left time: 344.9865s
	speed: 0.0399s/iter; left time: 343.6291s
	speed: 0.0357s/iter; left time: 304.1262s
	speed: 0.0358s/iter; left time: 301.0581s
	speed: 0.0390s/iter; left time: 324.3922s
	speed: 0.0398s/iter; left time: 327.3901s
	speed: 0.0309s/iter; left time: 251.1494s
	speed: 0.0336s/iter; left time: 269.8102s
	speed: 0.0346s/iter; left time: 273.9685s
	speed: 0.0324s/iter; left time: 253.2270s
	speed: 0.0359s/iter; left time: 276.8592s
	speed: 0.0340s/iter; left time: 258.9871s
	speed: 0.0253s/iter; left time: 190.6521s
	speed: 0.0299s/iter; left time: 222.0446s
	speed: 0.0347s/iter; left time: 254.1496s
	speed: 0.0354s/iter; left time: 255.7027s
	speed: 0.0363s/iter; left time: 258.5697s
	speed: 0.0367s/iter; left time: 257.9333s
	speed: 0.0301s/iter; left time: 208.1718s
	speed: 0.0379s/iter; left time: 258.4026s
	speed: 0.0313s/iter; left time: 210.1174s
	speed: 0.0237s/iter; left time: 156.9935s
	speed: 0.0268s/iter; left time: 175.0547s
	speed: 0.0298s/iter; left time: 191.6632s
	speed: 0.0336s/iter; left time: 212.4768s
	speed: 0.0418s/iter; left time: 260.3252s
	speed: 0.0415s/iter; left time: 253.8777s
	speed: 0.0410s/iter; left time: 247.1506s
	speed: 0.0398s/iter; left time: 235.6706s
	speed: 0.0393s/iter; left time: 228.6050s
	speed: 0.0399s/iter; left time: 227.9874s
	speed: 0.0319s/iter; left time: 179.3812s
	speed: 0.0279s/iter; left time: 154.2461s
	speed: 0.0347s/iter; left time: 188.2253s
	speed: 0.0367s/iter; left time: 195.2550s
	speed: 0.0396s/iter; left time: 206.7223s
	speed: 0.0402s/iter; left time: 205.7636s
	speed: 0.0413s/iter; left time: 207.2336s
	speed: 0.0444s/iter; left time: 218.5309s
	speed: 0.0380s/iter; left time: 183.4358s
	speed: 0.0355s/iter; left time: 167.5436s
	speed: 0.0355s/iter; left time: 164.0816s
	speed: 0.0381s/iter; left time: 172.0566s
	speed: 0.0408s/iter; left time: 180.2073s
	speed: 0.0364s/iter; left time: 157.1538s
	speed: 0.0421s/iter; left time: 177.7469s
	speed: 0.0428s/iter; left time: 176.1995s
	speed: 0.0427s/iter; left time: 171.7429s
	speed: 0.0371s/iter; left time: 145.5513s
	speed: 0.0408s/iter; left time: 156.0543s
	speed: 0.0407s/iter; left time: 151.6076s
	speed: 0.0381s/iter; left time: 137.9024s
	speed: 0.0376s/iter; left time: 132.5486s
	speed: 0.0419s/iter; left time: 143.2238s
	speed: 0.0410s/iter; left time: 136.1071s
	speed: 0.0392s/iter; left time: 126.2618s
	speed: 0.0412s/iter; left time: 128.4463s
	speed: 0.0411s/iter; left time: 124.1380s
	speed: 0.0408s/iter; left time: 119.0324s
	speed: 0.0372s/iter; left time: 105.0295s
	speed: 0.0397s/iter; left time: 107.9879s
	speed: 0.0409s/iter; left time: 107.1237s
	speed: 0.0411s/iter; left time: 103.5313s
	speed: 0.0456s/iter; left time: 110.4220s
	speed: 0.0431s/iter; left time: 100.0769s
	speed: 0.0440s/iter; left time: 97.7563s
	speed: 0.0427s/iter; left time: 90.5608s
	speed: 0.0414s/iter; left time: 83.6012s
	speed: 0.0452s/iter; left time: 86.8025s
	speed: 0.0447s/iter; left time: 81.4059s
	speed: 0.0446s/iter; left time: 76.8160s
	speed: 0.0424s/iter; left time: 68.7105s
	speed: 0.0435s/iter; left time: 66.1563s
	speed: 0.0448s/iter; left time: 63.6122s
	speed: 0.0399s/iter; left time: 52.7521s
	speed: 0.0446s/iter; left time: 54.3956s
	speed: 0.0441s/iter; left time: 49.4635s
	speed: 0.0438s/iter; left time: 44.7459s
	speed: 0.0426s/iter; left time: 39.2006s
	speed: 0.0434s/iter; left time: 35.6398s
	speed: 0.0444s/iter; left time: 32.0338s
	speed: 0.0452s/iter; left time: 28.0841s
	speed: 0.0439s/iter; left time: 22.8706s
	speed: 0.0353s/iter; left time: 14.8674s
	speed: 0.0470s/iter; left time: 15.0729s
	speed: 0.0489s/iter; left time: 10.7990s
	speed: 0.0499s/iter; left time: 6.0415s
	speed: 0.0477s/iter; left time: 1.0025s
2025-11-13 17:36:03,989 - INFO - 训练完成!
2025-11-13 17:36:03,989 - INFO - 开始测试模型...
Epoch: 1, Cost time: 506.780s 
Loading checkpoint from: checkpoints2_n_heads_analysis/contact_n_heads5_20251113_172730/contact_cleaned_1minut_20250928_172122_checkpoint_2025-11-13_17-36-03/model.pth
Threshold : 0.3365955054759979
2025-11-13 17:40:46,652 - INFO - 测试完成!
pa_accuracy           : 0.9524
pa_precision          : 0.5249
pa_recall             : 0.6530
pa_f_score            : 0.5820
MCC_score             : 0.5608
Affiliation precision : 0.5465
Affiliation recall    : 0.8222
R_AUC_ROC             : 0.6611
R_AUC_PR              : 0.5196
VUS_ROC               : 0.6612
VUS_PR                : 0.5142
Accuracy : 0.9524, Precision : 0.5249, Recall : 0.6530, F-score : 0.5820 
Test results saved to: checkpoints2_n_heads_analysis/contact_n_heads5_20251113_172730/contact_cleaned_1minut_20250928_172122_checkpoint_2025-11-13_17-36-03/result.json
/home/wanting/KDD2023-DCdetector/venv/lib/python3.12/site-packages/tsfresh/__init__.py:12: UserWarning: pkg_resources is deprecated as an API. See https://setuptools.pypa.io/en/latest/pkg_resources.html. The pkg_resources package is slated for removal as early as 2025-11-30. Refrain from using this package or pin to Setuptools<81.
  import pkg_resources
2025-11-13 17:40:49,456 - INFO - 开始使用自定义数据集运行DCdetector...
2025-11-13 17:40:49,456 - INFO - 数据集: Custom
2025-11-13 17:40:49,456 - INFO - 输入特征维度: 10
2025-11-13 17:40:49,456 - INFO - 窗口大小: 30
2025-11-13 17:40:49,456 - INFO - 批次大小: 32
2025-11-13 17:40:51,644 - INFO - 开始训练模型...
[onlyNormalData=True] 训练集过滤异常数据: 377158 行 -> 339888 行 (移除 37270 个异常样本)

[PCA降维] 启用
  n_components=10
  PCA前特征维度: 27
  PCA后特征维度: 10
  解释方差比（前10个）: [0.51869311 0.15333047 0.1103832  0.07160594 0.0435558  0.02740393
 0.0225212  0.01900313 0.00983904 0.00835796]
  累积解释方差: 0.9847
  时间点数量: train=339888, val=80820, test=80820 (未改变)
[PCA降维] 完成
数据加载自: dataset/downsampleData_scratch_1minut/contact/contact_cleaned_1minut_20250928_172122.parquet
训练集形状: (339888, 10)
验证集形状: (80820, 10)
测试集形状: (80820, 10)
特征维度: 10
异常比例（行级）:
- 训练集: 原始 9.88% -> 现有 0.00%
- 验证集: 5.85%
- 测试集: 5.06%
[onlyNormalData=True] 训练集过滤异常数据: 377158 行 -> 339888 行 (移除 37270 个异常样本)

[PCA降维] 启用
  n_components=10
  PCA前特征维度: 27
  PCA后特征维度: 10
  解释方差比（前10个）: [0.51869311 0.15333047 0.1103832  0.07160594 0.0435558  0.02740393
 0.0225212  0.01900313 0.00983904 0.00835796]
  累积解释方差: 0.9847
  时间点数量: train=339888, val=80820, test=80820 (未改变)
[PCA降维] 完成
数据加载自: dataset/downsampleData_scratch_1minut/contact/contact_cleaned_1minut_20250928_172122.parquet
训练集形状: (339888, 10)
验证集形状: (80820, 10)
测试集形状: (80820, 10)
特征维度: 10
异常比例（行级）:
- 训练集: 原始 9.88% -> 现有 0.00%
- 验证集: 5.85%
- 测试集: 5.06%
[onlyNormalData=True] 训练集过滤异常数据: 377158 行 -> 339888 行 (移除 37270 个异常样本)

[PCA降维] 启用
  n_components=10
  PCA前特征维度: 27
  PCA后特征维度: 10
  解释方差比（前10个）: [0.51869311 0.15333047 0.1103832  0.07160594 0.0435558  0.02740393
 0.0225212  0.01900313 0.00983904 0.00835796]
  累积解释方差: 0.9847
  时间点数量: train=339888, val=80820, test=80820 (未改变)
[PCA降维] 完成
数据加载自: dataset/downsampleData_scratch_1minut/contact/contact_cleaned_1minut_20250928_172122.parquet
训练集形状: (339888, 10)
验证集形状: (80820, 10)
测试集形状: (80820, 10)
特征维度: 10
异常比例（行级）:
- 训练集: 原始 9.88% -> 现有 0.00%
- 验证集: 5.85%
- 测试集: 5.06%
[onlyNormalData=True] 训练集过滤异常数据: 377158 行 -> 339888 行 (移除 37270 个异常样本)

[PCA降维] 启用
  n_components=10
  PCA前特征维度: 27
  PCA后特征维度: 10
  解释方差比（前10个）: [0.51869311 0.15333047 0.1103832  0.07160594 0.0435558  0.02740393
 0.0225212  0.01900313 0.00983904 0.00835796]
  累积解释方差: 0.9847
  时间点数量: train=339888, val=80820, test=80820 (未改变)
[PCA降维] 完成
数据加载自: dataset/downsampleData_scratch_1minut/contact/contact_cleaned_1minut_20250928_172122.parquet
训练集形状: (339888, 10)
验证集形状: (80820, 10)
测试集形状: (80820, 10)
特征维度: 10
异常比例（行级）:
- 训练集: 原始 9.88% -> 现有 0.00%
- 验证集: 5.85%
- 测试集: 5.06%
	speed: 0.0417s/iter; left time: 438.8036s
	speed: 0.0355s/iter; left time: 369.4712s
	speed: 0.0364s/iter; left time: 375.5568s
	speed: 0.0358s/iter; left time: 365.7207s
	speed: 0.0379s/iter; left time: 383.3072s
	speed: 0.0371s/iter; left time: 371.2815s
	speed: 0.0368s/iter; left time: 364.9368s
	speed: 0.0353s/iter; left time: 346.5497s
	speed: 0.0350s/iter; left time: 339.8795s
	speed: 0.0352s/iter; left time: 338.6575s
	speed: 0.0340s/iter; left time: 323.6406s
	speed: 0.0336s/iter; left time: 316.9225s
	speed: 0.0325s/iter; left time: 302.5157s
	speed: 0.0332s/iter; left time: 306.0573s
	speed: 0.0319s/iter; left time: 290.7150s
	speed: 0.0320s/iter; left time: 288.4542s
	speed: 0.0326s/iter; left time: 290.7902s
	speed: 0.0311s/iter; left time: 273.9722s
	speed: 0.0319s/iter; left time: 278.1140s
	speed: 0.0331s/iter; left time: 285.6295s
	speed: 0.0339s/iter; left time: 288.6987s
	speed: 0.0380s/iter; left time: 319.8532s
	speed: 0.0378s/iter; left time: 314.7472s
	speed: 0.0380s/iter; left time: 312.6017s
	speed: 0.0375s/iter; left time: 304.1838s
	speed: 0.0378s/iter; left time: 302.9837s
	speed: 0.0382s/iter; left time: 302.2871s
	speed: 0.0370s/iter; left time: 289.2318s
	speed: 0.0374s/iter; left time: 288.3940s
	speed: 0.0387s/iter; left time: 294.5647s
	speed: 0.0373s/iter; left time: 280.7850s
	speed: 0.0384s/iter; left time: 285.0236s
	speed: 0.0383s/iter; left time: 280.2867s
	speed: 0.0382s/iter; left time: 275.5413s
	speed: 0.0354s/iter; left time: 251.9571s
	speed: 0.0343s/iter; left time: 240.6282s
	speed: 0.0340s/iter; left time: 235.0141s
	speed: 0.0351s/iter; left time: 239.7486s
	speed: 0.0354s/iter; left time: 237.8253s
	speed: 0.0355s/iter; left time: 235.3156s
	speed: 0.0361s/iter; left time: 235.2727s
	speed: 0.0425s/iter; left time: 273.1921s
	speed: 0.0418s/iter; left time: 264.0302s
	speed: 0.0406s/iter; left time: 252.4167s
	speed: 0.0383s/iter; left time: 234.3026s
	speed: 0.0376s/iter; left time: 226.2162s
	speed: 0.0387s/iter; left time: 229.4092s
	speed: 0.0392s/iter; left time: 228.1587s
	speed: 0.0381s/iter; left time: 217.8404s
	speed: 0.0382s/iter; left time: 214.5036s
	speed: 0.0384s/iter; left time: 212.0368s
	speed: 0.0388s/iter; left time: 210.3622s
	speed: 0.0381s/iter; left time: 202.8930s
	speed: 0.0378s/iter; left time: 197.2078s
	speed: 0.0383s/iter; left time: 195.9666s
	speed: 0.0380s/iter; left time: 190.6869s
	speed: 0.0382s/iter; left time: 188.0624s
	speed: 0.0391s/iter; left time: 188.6710s
	speed: 0.0386s/iter; left time: 182.3721s
	speed: 0.0378s/iter; left time: 174.8245s
	speed: 0.0382s/iter; left time: 172.8142s
	speed: 0.0382s/iter; left time: 168.9711s
	speed: 0.0385s/iter; left time: 166.5451s
	speed: 0.0377s/iter; left time: 159.0152s
	speed: 0.0349s/iter; left time: 143.9408s
	speed: 0.0348s/iter; left time: 140.0775s
	speed: 0.0349s/iter; left time: 136.7040s
	speed: 0.0349s/iter; left time: 133.1715s
	speed: 0.0347s/iter; left time: 129.1388s
	speed: 0.0348s/iter; left time: 125.9080s
	speed: 0.0352s/iter; left time: 124.0091s
	speed: 0.0352s/iter; left time: 120.4619s
	speed: 0.0348s/iter; left time: 115.4461s
	speed: 0.0351s/iter; left time: 112.9408s
	speed: 0.0351s/iter; left time: 109.4551s
	speed: 0.0349s/iter; left time: 105.5305s
	speed: 0.0346s/iter; left time: 101.0566s
	speed: 0.0350s/iter; left time: 98.7552s
	speed: 0.0318s/iter; left time: 86.4319s
	speed: 0.0299s/iter; left time: 78.2448s
	speed: 0.0299s/iter; left time: 75.2802s
	speed: 0.0301s/iter; left time: 72.7773s
	speed: 0.0301s/iter; left time: 69.9490s
	speed: 0.0300s/iter; left time: 66.6573s
	speed: 0.0294s/iter; left time: 62.4095s
	speed: 0.0295s/iter; left time: 59.6925s
	speed: 0.0295s/iter; left time: 56.7462s
	speed: 0.0294s/iter; left time: 53.5557s
	speed: 0.0294s/iter; left time: 50.6577s
	speed: 0.0294s/iter; left time: 47.7372s
	speed: 0.0294s/iter; left time: 44.7436s
	speed: 0.0297s/iter; left time: 42.2380s
	speed: 0.0299s/iter; left time: 39.5126s
	speed: 0.0294s/iter; left time: 35.9014s
	speed: 0.0295s/iter; left time: 33.0357s
	speed: 0.0294s/iter; left time: 30.0469s
	speed: 0.0295s/iter; left time: 27.2047s
	speed: 0.0297s/iter; left time: 24.3535s
	speed: 0.0295s/iter; left time: 21.2742s
	speed: 0.0295s/iter; left time: 18.2928s
	speed: 0.0296s/iter; left time: 15.4169s
	speed: 0.0299s/iter; left time: 12.5701s
	speed: 0.0294s/iter; left time: 9.4529s
	speed: 0.0295s/iter; left time: 6.5091s
	speed: 0.0307s/iter; left time: 3.7129s
	speed: 0.0314s/iter; left time: 0.6591s
2025-11-13 17:48:01,891 - INFO - 训练完成!
2025-11-13 17:48:01,891 - INFO - 开始测试模型...
Epoch: 1, Cost time: 430.222s 
Loading checkpoint from: checkpoints2_n_heads_analysis/contact_n_heads7_20251113_174047/contact_cleaned_1minut_20250928_172122_checkpoint_2025-11-13_17-48-01/model.pth
Threshold : 0.3364852964878082
2025-11-13 17:51:39,162 - INFO - 测试完成!
pa_accuracy           : 0.9495
pa_precision          : 0.5021
pa_recall             : 0.5918
pa_f_score            : 0.5433
MCC_score             : 0.5187
Affiliation precision : 0.5304
Affiliation recall    : 0.8036
R_AUC_ROC             : 0.6507
R_AUC_PR              : 0.5034
VUS_ROC               : 0.6509
VUS_PR                : 0.4982
Accuracy : 0.9495, Precision : 0.5021, Recall : 0.5918, F-score : 0.5433 
Test results saved to: checkpoints2_n_heads_analysis/contact_n_heads7_20251113_174047/contact_cleaned_1minut_20250928_172122_checkpoint_2025-11-13_17-48-01/result.json
/home/wanting/KDD2023-DCdetector/venv/lib/python3.12/site-packages/tsfresh/__init__.py:12: UserWarning: pkg_resources is deprecated as an API. See https://setuptools.pypa.io/en/latest/pkg_resources.html. The pkg_resources package is slated for removal as early as 2025-11-30. Refrain from using this package or pin to Setuptools<81.
  import pkg_resources
2025-11-13 17:51:41,836 - INFO - 开始使用自定义数据集运行DCdetector...
2025-11-13 17:51:41,837 - INFO - 数据集: Custom
2025-11-13 17:51:41,837 - INFO - 输入特征维度: 10
2025-11-13 17:51:41,837 - INFO - 窗口大小: 30
2025-11-13 17:51:41,837 - INFO - 批次大小: 32
2025-11-13 17:51:43,868 - INFO - 开始训练模型...
[onlyNormalData=True] 训练集过滤异常数据: 377158 行 -> 339888 行 (移除 37270 个异常样本)

[PCA降维] 启用
  n_components=10
  PCA前特征维度: 27
  PCA后特征维度: 10
  解释方差比（前10个）: [0.51869311 0.15333047 0.1103832  0.07160594 0.0435558  0.02740393
 0.0225212  0.01900313 0.00983904 0.00835796]
  累积解释方差: 0.9847
  时间点数量: train=339888, val=80820, test=80820 (未改变)
[PCA降维] 完成
数据加载自: dataset/downsampleData_scratch_1minut/contact/contact_cleaned_1minut_20250928_172122.parquet
训练集形状: (339888, 10)
验证集形状: (80820, 10)
测试集形状: (80820, 10)
特征维度: 10
异常比例（行级）:
- 训练集: 原始 9.88% -> 现有 0.00%
- 验证集: 5.85%
- 测试集: 5.06%
[onlyNormalData=True] 训练集过滤异常数据: 377158 行 -> 339888 行 (移除 37270 个异常样本)

[PCA降维] 启用
  n_components=10
  PCA前特征维度: 27
  PCA后特征维度: 10
  解释方差比（前10个）: [0.51869311 0.15333047 0.1103832  0.07160594 0.0435558  0.02740393
 0.0225212  0.01900313 0.00983904 0.00835796]
  累积解释方差: 0.9847
  时间点数量: train=339888, val=80820, test=80820 (未改变)
[PCA降维] 完成
数据加载自: dataset/downsampleData_scratch_1minut/contact/contact_cleaned_1minut_20250928_172122.parquet
训练集形状: (339888, 10)
验证集形状: (80820, 10)
测试集形状: (80820, 10)
特征维度: 10
异常比例（行级）:
- 训练集: 原始 9.88% -> 现有 0.00%
- 验证集: 5.85%
- 测试集: 5.06%
[onlyNormalData=True] 训练集过滤异常数据: 377158 行 -> 339888 行 (移除 37270 个异常样本)

[PCA降维] 启用
  n_components=10
  PCA前特征维度: 27
  PCA后特征维度: 10
  解释方差比（前10个）: [0.51869311 0.15333047 0.1103832  0.07160594 0.0435558  0.02740393
 0.0225212  0.01900313 0.00983904 0.00835796]
  累积解释方差: 0.9847
  时间点数量: train=339888, val=80820, test=80820 (未改变)
[PCA降维] 完成
数据加载自: dataset/downsampleData_scratch_1minut/contact/contact_cleaned_1minut_20250928_172122.parquet
训练集形状: (339888, 10)
验证集形状: (80820, 10)
测试集形状: (80820, 10)
特征维度: 10
异常比例（行级）:
- 训练集: 原始 9.88% -> 现有 0.00%
- 验证集: 5.85%
- 测试集: 5.06%
[onlyNormalData=True] 训练集过滤异常数据: 377158 行 -> 339888 行 (移除 37270 个异常样本)

[PCA降维] 启用
  n_components=10
  PCA前特征维度: 27
  PCA后特征维度: 10
  解释方差比（前10个）: [0.51869311 0.15333047 0.1103832  0.07160594 0.0435558  0.02740393
 0.0225212  0.01900313 0.00983904 0.00835796]
  累积解释方差: 0.9847
  时间点数量: train=339888, val=80820, test=80820 (未改变)
[PCA降维] 完成
数据加载自: dataset/downsampleData_scratch_1minut/contact/contact_cleaned_1minut_20250928_172122.parquet
训练集形状: (339888, 10)
验证集形状: (80820, 10)
测试集形状: (80820, 10)
特征维度: 10
异常比例（行级）:
- 训练集: 原始 9.88% -> 现有 0.00%
- 验证集: 5.85%
- 测试集: 5.06%
	speed: 0.0286s/iter; left time: 300.6841s
	speed: 0.0238s/iter; left time: 248.0454s
	speed: 0.0244s/iter; left time: 251.3825s
	speed: 0.0240s/iter; left time: 244.8957s
	speed: 0.0237s/iter; left time: 239.4830s
	speed: 0.0237s/iter; left time: 237.4601s
	speed: 0.0254s/iter; left time: 252.4340s
	speed: 0.0257s/iter; left time: 252.1176s
	speed: 0.0287s/iter; left time: 279.3196s
	speed: 0.0331s/iter; left time: 318.7040s
	speed: 0.0336s/iter; left time: 319.8543s
	speed: 0.0329s/iter; left time: 310.3447s
	speed: 0.0317s/iter; left time: 295.5494s
	speed: 0.0307s/iter; left time: 283.4173s
	speed: 0.0304s/iter; left time: 277.0949s
	speed: 0.0309s/iter; left time: 278.6550s
	speed: 0.0308s/iter; left time: 274.8111s
	speed: 0.0308s/iter; left time: 271.9594s
	speed: 0.0304s/iter; left time: 265.4973s
	speed: 0.0307s/iter; left time: 264.6011s
	speed: 0.0287s/iter; left time: 244.8157s
	speed: 0.0279s/iter; left time: 235.2782s
	speed: 0.0279s/iter; left time: 232.0601s
	speed: 0.0274s/iter; left time: 225.1049s
	speed: 0.0279s/iter; left time: 226.8058s
	speed: 0.0277s/iter; left time: 221.8351s
	speed: 0.0278s/iter; left time: 219.8273s
	speed: 0.0302s/iter; left time: 236.5832s
	speed: 0.0323s/iter; left time: 249.7002s
	speed: 0.0336s/iter; left time: 255.9664s
	speed: 0.0341s/iter; left time: 256.1421s
	speed: 0.0339s/iter; left time: 251.3352s
	speed: 0.0339s/iter; left time: 248.5136s
	speed: 0.0340s/iter; left time: 245.2532s
	speed: 0.0332s/iter; left time: 236.5736s
	speed: 0.0331s/iter; left time: 232.2235s
	speed: 0.0332s/iter; left time: 229.6235s
	speed: 0.0334s/iter; left time: 227.9883s
	speed: 0.0337s/iter; left time: 226.3532s
	speed: 0.0328s/iter; left time: 217.2386s
	speed: 0.0332s/iter; left time: 216.5656s
	speed: 0.0332s/iter; left time: 213.1828s
	speed: 0.0335s/iter; left time: 211.9808s
	speed: 0.0331s/iter; left time: 205.9408s
	speed: 0.0329s/iter; left time: 201.5780s
	speed: 0.0329s/iter; left time: 197.8931s
	speed: 0.0335s/iter; left time: 198.2355s
	speed: 0.0330s/iter; left time: 191.9508s
	speed: 0.0332s/iter; left time: 190.0056s
	speed: 0.0329s/iter; left time: 184.9957s
	speed: 0.0330s/iter; left time: 182.3981s
	speed: 0.0333s/iter; left time: 180.4187s
	speed: 0.0334s/iter; left time: 177.7891s
	speed: 0.0333s/iter; left time: 173.6939s
	speed: 0.0332s/iter; left time: 170.1023s
	speed: 0.0331s/iter; left time: 166.1603s
	speed: 0.0327s/iter; left time: 160.8508s
	speed: 0.0330s/iter; left time: 159.0068s
	speed: 0.0328s/iter; left time: 154.6716s
	speed: 0.0328s/iter; left time: 151.5221s
	speed: 0.0333s/iter; left time: 150.7467s
	speed: 0.0330s/iter; left time: 145.9394s
	speed: 0.0334s/iter; left time: 144.3099s
	speed: 0.0330s/iter; left time: 139.2916s
	speed: 0.0331s/iter; left time: 136.5242s
	speed: 0.0329s/iter; left time: 132.3652s
	speed: 0.0335s/iter; left time: 131.4508s
	speed: 0.0333s/iter; left time: 127.4123s
	speed: 0.0332s/iter; left time: 123.4659s
	speed: 0.0330s/iter; left time: 119.3970s
	speed: 0.0328s/iter; left time: 115.5537s
	speed: 0.0332s/iter; left time: 113.4367s
	speed: 0.0322s/iter; left time: 106.8997s
	speed: 0.0320s/iter; left time: 102.9190s
	speed: 0.0321s/iter; left time: 100.1511s
	speed: 0.0319s/iter; left time: 96.2334s
	speed: 0.0322s/iter; left time: 93.9369s
	speed: 0.0317s/iter; left time: 89.3920s
	speed: 0.0319s/iter; left time: 86.9317s
	speed: 0.0321s/iter; left time: 84.0974s
	speed: 0.0316s/iter; left time: 79.6449s
	speed: 0.0324s/iter; left time: 78.3537s
	speed: 0.0318s/iter; left time: 73.7710s
	speed: 0.0318s/iter; left time: 70.6598s
	speed: 0.0316s/iter; left time: 67.0053s
	speed: 0.0319s/iter; left time: 64.3952s
	speed: 0.0317s/iter; left time: 60.9129s
	speed: 0.0321s/iter; left time: 58.4141s
	speed: 0.0317s/iter; left time: 54.6367s
	speed: 0.0321s/iter; left time: 51.9565s
	speed: 0.0317s/iter; left time: 48.2545s
	speed: 0.0322s/iter; left time: 45.7976s
	speed: 0.0319s/iter; left time: 42.1632s
	speed: 0.0323s/iter; left time: 39.4054s
	speed: 0.0319s/iter; left time: 35.7952s
	speed: 0.0326s/iter; left time: 33.2532s
	speed: 0.0317s/iter; left time: 29.1691s
	speed: 0.0320s/iter; left time: 26.2940s
	speed: 0.0317s/iter; left time: 22.8798s
	speed: 0.0320s/iter; left time: 19.8531s
	speed: 0.0321s/iter; left time: 16.7052s
	speed: 0.0318s/iter; left time: 13.3796s
	speed: 0.0320s/iter; left time: 10.2834s
	speed: 0.0321s/iter; left time: 7.1004s
	speed: 0.0320s/iter; left time: 3.8671s
	speed: 0.0320s/iter; left time: 0.6723s
2025-11-13 17:58:18,833 - INFO - 训练完成!
2025-11-13 17:58:18,833 - INFO - 开始测试模型...
Epoch: 1, Cost time: 394.941s 
Loading checkpoint from: checkpoints2_n_heads_analysis/contact_n_heads9_20251113_175139/contact_cleaned_1minut_20250928_172122_checkpoint_2025-11-13_17-58-18/model.pth
Threshold : 0.3364852964878082
2025-11-13 18:02:01,069 - INFO - 测试完成!
pa_accuracy           : 0.9521
pa_precision          : 0.5224
pa_recall             : 0.6349
pa_f_score            : 0.5732
MCC_score             : 0.5510
Affiliation precision : 0.5435
Affiliation recall    : 0.8181
R_AUC_ROC             : 0.6578
R_AUC_PR              : 0.5174
VUS_ROC               : 0.6605
VUS_PR                : 0.5152
Accuracy : 0.9521, Precision : 0.5224, Recall : 0.6349, F-score : 0.5732 
Test results saved to: checkpoints2_n_heads_analysis/contact_n_heads9_20251113_175139/contact_cleaned_1minut_20250928_172122_checkpoint_2025-11-13_17-58-18/result.json
/home/wanting/KDD2023-DCdetector/venv/lib/python3.12/site-packages/tsfresh/__init__.py:12: UserWarning: pkg_resources is deprecated as an API. See https://setuptools.pypa.io/en/latest/pkg_resources.html. The pkg_resources package is slated for removal as early as 2025-11-30. Refrain from using this package or pin to Setuptools<81.
  import pkg_resources
2025-11-13 18:02:03,719 - INFO - 开始使用自定义数据集运行DCdetector...
2025-11-13 18:02:03,719 - INFO - 数据集: Custom
2025-11-13 18:02:03,719 - INFO - 输入特征维度: 10
2025-11-13 18:02:03,719 - INFO - 窗口大小: 30
2025-11-13 18:02:03,719 - INFO - 批次大小: 32
2025-11-13 18:02:05,904 - INFO - 开始训练模型...
[onlyNormalData=True] 训练集过滤异常数据: 377158 行 -> 339888 行 (移除 37270 个异常样本)

[PCA降维] 启用
  n_components=10
  PCA前特征维度: 27
  PCA后特征维度: 10
  解释方差比（前10个）: [0.51869311 0.15333047 0.1103832  0.07160594 0.0435558  0.02740393
 0.0225212  0.01900313 0.00983904 0.00835796]
  累积解释方差: 0.9847
  时间点数量: train=339888, val=80820, test=80820 (未改变)
[PCA降维] 完成
数据加载自: dataset/downsampleData_scratch_1minut/contact/contact_cleaned_1minut_20250928_172122.parquet
训练集形状: (339888, 10)
验证集形状: (80820, 10)
测试集形状: (80820, 10)
特征维度: 10
异常比例（行级）:
- 训练集: 原始 9.88% -> 现有 0.00%
- 验证集: 5.85%
- 测试集: 5.06%
[onlyNormalData=True] 训练集过滤异常数据: 377158 行 -> 339888 行 (移除 37270 个异常样本)

[PCA降维] 启用
  n_components=10
  PCA前特征维度: 27
  PCA后特征维度: 10
  解释方差比（前10个）: [0.51869311 0.15333047 0.1103832  0.07160594 0.0435558  0.02740393
 0.0225212  0.01900313 0.00983904 0.00835796]
  累积解释方差: 0.9847
  时间点数量: train=339888, val=80820, test=80820 (未改变)
[PCA降维] 完成
数据加载自: dataset/downsampleData_scratch_1minut/contact/contact_cleaned_1minut_20250928_172122.parquet
训练集形状: (339888, 10)
验证集形状: (80820, 10)
测试集形状: (80820, 10)
特征维度: 10
异常比例（行级）:
- 训练集: 原始 9.88% -> 现有 0.00%
- 验证集: 5.85%
- 测试集: 5.06%
[onlyNormalData=True] 训练集过滤异常数据: 377158 行 -> 339888 行 (移除 37270 个异常样本)

[PCA降维] 启用
  n_components=10
  PCA前特征维度: 27
  PCA后特征维度: 10
  解释方差比（前10个）: [0.51869311 0.15333047 0.1103832  0.07160594 0.0435558  0.02740393
 0.0225212  0.01900313 0.00983904 0.00835796]
  累积解释方差: 0.9847
  时间点数量: train=339888, val=80820, test=80820 (未改变)
[PCA降维] 完成
数据加载自: dataset/downsampleData_scratch_1minut/contact/contact_cleaned_1minut_20250928_172122.parquet
训练集形状: (339888, 10)
验证集形状: (80820, 10)
测试集形状: (80820, 10)
特征维度: 10
异常比例（行级）:
- 训练集: 原始 9.88% -> 现有 0.00%
- 验证集: 5.85%
- 测试集: 5.06%
[onlyNormalData=True] 训练集过滤异常数据: 377158 行 -> 339888 行 (移除 37270 个异常样本)

[PCA降维] 启用
  n_components=10
  PCA前特征维度: 27
  PCA后特征维度: 10
  解释方差比（前10个）: [0.51869311 0.15333047 0.1103832  0.07160594 0.0435558  0.02740393
 0.0225212  0.01900313 0.00983904 0.00835796]
  累积解释方差: 0.9847
  时间点数量: train=339888, val=80820, test=80820 (未改变)
[PCA降维] 完成
数据加载自: dataset/downsampleData_scratch_1minut/contact/contact_cleaned_1minut_20250928_172122.parquet
训练集形状: (339888, 10)
验证集形状: (80820, 10)
测试集形状: (80820, 10)
特征维度: 10
异常比例（行级）:
- 训练集: 原始 9.88% -> 现有 0.00%
- 验证集: 5.85%
- 测试集: 5.06%
	speed: 0.0380s/iter; left time: 399.9422s
	speed: 0.0333s/iter; left time: 346.9509s
	speed: 0.0334s/iter; left time: 344.3636s
	speed: 0.0335s/iter; left time: 342.6786s
	speed: 0.0332s/iter; left time: 335.6268s
	speed: 0.0333s/iter; left time: 333.3158s
	speed: 0.0332s/iter; left time: 328.9492s
	speed: 0.0334s/iter; left time: 328.2860s
	speed: 0.0332s/iter; left time: 322.7204s
	speed: 0.0333s/iter; left time: 320.7914s
	speed: 0.0332s/iter; left time: 316.3714s
	speed: 0.0327s/iter; left time: 307.7191s
	speed: 0.0319s/iter; left time: 297.0767s
	speed: 0.0282s/iter; left time: 260.0256s
	speed: 0.0277s/iter; left time: 252.6277s
	speed: 0.0277s/iter; left time: 250.2986s
	speed: 0.0274s/iter; left time: 244.0888s
	speed: 0.0255s/iter; left time: 224.5863s
	speed: 0.0255s/iter; left time: 222.3300s
	speed: 0.0262s/iter; left time: 225.8277s
	speed: 0.0280s/iter; left time: 238.9718s
	speed: 0.0359s/iter; left time: 302.0415s
	speed: 0.0342s/iter; left time: 284.6328s
	speed: 0.0326s/iter; left time: 268.2204s
	speed: 0.0373s/iter; left time: 302.8804s
	speed: 0.0401s/iter; left time: 321.8882s
	speed: 0.0405s/iter; left time: 320.4658s
	speed: 0.0402s/iter; left time: 314.7582s
	speed: 0.0405s/iter; left time: 313.0352s
	speed: 0.0406s/iter; left time: 309.1176s
	speed: 0.0404s/iter; left time: 303.9009s
	speed: 0.0406s/iter; left time: 301.5943s
	speed: 0.0408s/iter; left time: 298.6551s
	speed: 0.0411s/iter; left time: 296.5893s
	speed: 0.0409s/iter; left time: 291.0120s
	speed: 0.0411s/iter; left time: 288.2312s
	speed: 0.0409s/iter; left time: 282.8739s
	speed: 0.0407s/iter; left time: 277.3464s
	speed: 0.0410s/iter; left time: 275.5103s
	speed: 0.0415s/iter; left time: 274.6914s
	speed: 0.0410s/iter; left time: 267.0663s
	speed: 0.0409s/iter; left time: 262.6434s
	speed: 0.0410s/iter; left time: 258.9678s
	speed: 0.0397s/iter; left time: 247.1121s
	speed: 0.0404s/iter; left time: 247.2041s
	speed: 0.0404s/iter; left time: 243.5094s
	speed: 0.0404s/iter; left time: 238.9799s
	speed: 0.0406s/iter; left time: 236.2664s
	speed: 0.0404s/iter; left time: 231.2376s
	speed: 0.0400s/iter; left time: 224.9367s
	speed: 0.0405s/iter; left time: 223.5998s
	speed: 0.0399s/iter; left time: 216.4807s
	speed: 0.0401s/iter; left time: 213.1834s
	speed: 0.0402s/iter; left time: 209.7438s
	speed: 0.0404s/iter; left time: 206.9032s
	speed: 0.0405s/iter; left time: 203.3655s
	speed: 0.0409s/iter; left time: 201.0368s
	speed: 0.0404s/iter; left time: 194.7347s
	speed: 0.0402s/iter; left time: 189.6919s
	speed: 0.0402s/iter; left time: 185.8969s
	speed: 0.0403s/iter; left time: 182.4143s
	speed: 0.0406s/iter; left time: 179.3271s
	speed: 0.0402s/iter; left time: 173.7446s
	speed: 0.0408s/iter; left time: 172.2919s
	speed: 0.0402s/iter; left time: 165.5775s
	speed: 0.0401s/iter; left time: 161.2221s
	speed: 0.0403s/iter; left time: 158.1118s
	speed: 0.0405s/iter; left time: 154.8264s
	speed: 0.0401s/iter; left time: 149.2747s
	speed: 0.0401s/iter; left time: 145.0480s
	speed: 0.0401s/iter; left time: 141.2849s
	speed: 0.0402s/iter; left time: 137.5688s
	speed: 0.0404s/iter; left time: 134.2883s
	speed: 0.0405s/iter; left time: 130.5782s
	speed: 0.0403s/iter; left time: 125.7510s
	speed: 0.0404s/iter; left time: 122.1659s
	speed: 0.0376s/iter; left time: 109.9164s
	speed: 0.0363s/iter; left time: 102.5282s
	speed: 0.0365s/iter; left time: 99.3258s
	speed: 0.0365s/iter; left time: 95.5628s
	speed: 0.0364s/iter; left time: 91.8650s
	speed: 0.0363s/iter; left time: 87.9114s
	speed: 0.0368s/iter; left time: 85.4255s
	speed: 0.0364s/iter; left time: 80.8937s
	speed: 0.0364s/iter; left time: 77.1056s
	speed: 0.0363s/iter; left time: 73.3860s
	speed: 0.0364s/iter; left time: 69.8709s
	speed: 0.0363s/iter; left time: 66.0960s
	speed: 0.0365s/iter; left time: 62.8136s
	speed: 0.0361s/iter; left time: 58.4414s
	speed: 0.0363s/iter; left time: 55.2732s
	speed: 0.0365s/iter; left time: 51.9343s
	speed: 0.0362s/iter; left time: 47.7608s
	speed: 0.0366s/iter; left time: 44.7092s
	speed: 0.0360s/iter; left time: 40.3860s
	speed: 0.0365s/iter; left time: 37.2382s
	speed: 0.0364s/iter; left time: 33.5358s
	speed: 0.0366s/iter; left time: 30.0121s
	speed: 0.0366s/iter; left time: 26.3781s
	speed: 0.0366s/iter; left time: 22.7208s
	speed: 0.0361s/iter; left time: 18.8321s
	speed: 0.0365s/iter; left time: 15.3616s
	speed: 0.0356s/iter; left time: 11.4243s
	speed: 0.0360s/iter; left time: 7.9631s
	speed: 0.0365s/iter; left time: 4.4109s
	speed: 0.0361s/iter; left time: 0.7582s
2025-11-13 18:09:48,586 - INFO - 训练完成!
2025-11-13 18:09:48,586 - INFO - 开始测试模型...
Epoch: 1, Cost time: 462.657s 
Loading checkpoint from: checkpoints2_n_heads_analysis/contact_n_heads11_20251113_180201/contact_cleaned_1minut_20250928_172122_checkpoint_2025-11-13_18-09-48/model.pth
Threshold : 0.33714181184768677
2025-11-13 18:14:24,794 - INFO - 测试完成!
pa_accuracy           : 0.9506
pa_precision          : 0.5111
pa_recall             : 0.6143
pa_f_score            : 0.5580
MCC_score             : 0.5346
Affiliation precision : 0.5358
Affiliation recall    : 0.7902
R_AUC_ROC             : 0.6546
R_AUC_PR              : 0.5084
VUS_ROC               : 0.6517
VUS_PR                : 0.5007
Accuracy : 0.9506, Precision : 0.5111, Recall : 0.6143, F-score : 0.5580 
Test results saved to: checkpoints2_n_heads_analysis/contact_n_heads11_20251113_180201/contact_cleaned_1minut_20250928_172122_checkpoint_2025-11-13_18-09-48/result.json
/home/wanting/KDD2023-DCdetector/venv/lib/python3.12/site-packages/tsfresh/__init__.py:12: UserWarning: pkg_resources is deprecated as an API. See https://setuptools.pypa.io/en/latest/pkg_resources.html. The pkg_resources package is slated for removal as early as 2025-11-30. Refrain from using this package or pin to Setuptools<81.
  import pkg_resources
2025-11-13 18:14:27,404 - INFO - 开始使用自定义数据集运行DCdetector...
2025-11-13 18:14:27,404 - INFO - 数据集: Custom
2025-11-13 18:14:27,404 - INFO - 输入特征维度: 10
2025-11-13 18:14:27,404 - INFO - 窗口大小: 30
2025-11-13 18:14:27,404 - INFO - 批次大小: 32
2025-11-13 18:14:29,636 - INFO - 开始训练模型...
[onlyNormalData=True] 训练集过滤异常数据: 408309 行 -> 390335 行 (移除 17974 个异常样本)

[PCA降维] 启用
  n_components=10
  PCA前特征维度: 28
  PCA后特征维度: 10
  解释方差比（前10个）: [0.44531896 0.19176419 0.11007933 0.0892243  0.06624989 0.04059656
 0.01873708 0.00939986 0.00887274 0.00681558]
  累积解释方差: 0.9871
  时间点数量: train=390335, val=87495, test=87495 (未改变)
[PCA降维] 完成
数据加载自: dataset/downsampleData_scratch_1minut/ring/Ring_cleaned_1minut_20250928_170147.parquet
训练集形状: (390335, 10)
验证集形状: (87495, 10)
测试集形状: (87495, 10)
特征维度: 10
异常比例（行级）:
- 训练集: 原始 4.40% -> 现有 0.00%
- 验证集: 2.97%
- 测试集: 4.20%
[onlyNormalData=True] 训练集过滤异常数据: 408309 行 -> 390335 行 (移除 17974 个异常样本)

[PCA降维] 启用
  n_components=10
  PCA前特征维度: 28
  PCA后特征维度: 10
  解释方差比（前10个）: [0.44531896 0.19176419 0.11007933 0.0892243  0.06624989 0.04059656
 0.01873708 0.00939986 0.00887274 0.00681558]
  累积解释方差: 0.9871
  时间点数量: train=390335, val=87495, test=87495 (未改变)
[PCA降维] 完成
数据加载自: dataset/downsampleData_scratch_1minut/ring/Ring_cleaned_1minut_20250928_170147.parquet
训练集形状: (390335, 10)
验证集形状: (87495, 10)
测试集形状: (87495, 10)
特征维度: 10
异常比例（行级）:
- 训练集: 原始 4.40% -> 现有 0.00%
- 验证集: 2.97%
- 测试集: 4.20%
[onlyNormalData=True] 训练集过滤异常数据: 408309 行 -> 390335 行 (移除 17974 个异常样本)

[PCA降维] 启用
  n_components=10
  PCA前特征维度: 28
  PCA后特征维度: 10
  解释方差比（前10个）: [0.44531896 0.19176419 0.11007933 0.0892243  0.06624989 0.04059656
 0.01873708 0.00939986 0.00887274 0.00681558]
  累积解释方差: 0.9871
  时间点数量: train=390335, val=87495, test=87495 (未改变)
[PCA降维] 完成
数据加载自: dataset/downsampleData_scratch_1minut/ring/Ring_cleaned_1minut_20250928_170147.parquet
训练集形状: (390335, 10)
验证集形状: (87495, 10)
测试集形状: (87495, 10)
特征维度: 10
异常比例（行级）:
- 训练集: 原始 4.40% -> 现有 0.00%
- 验证集: 2.97%
- 测试集: 4.20%
[onlyNormalData=True] 训练集过滤异常数据: 408309 行 -> 390335 行 (移除 17974 个异常样本)

[PCA降维] 启用
  n_components=10
  PCA前特征维度: 28
  PCA后特征维度: 10
  解释方差比（前10个）: [0.44531896 0.19176419 0.11007933 0.0892243  0.06624989 0.04059656
 0.01873708 0.00939986 0.00887274 0.00681558]
  累积解释方差: 0.9871
  时间点数量: train=390335, val=87495, test=87495 (未改变)
[PCA降维] 完成
数据加载自: dataset/downsampleData_scratch_1minut/ring/Ring_cleaned_1minut_20250928_170147.parquet
训练集形状: (390335, 10)
验证集形状: (87495, 10)
测试集形状: (87495, 10)
特征维度: 10
异常比例（行级）:
- 训练集: 原始 4.40% -> 现有 0.00%
- 验证集: 2.97%
- 测试集: 4.20%
	speed: 0.0367s/iter; left time: 443.5745s
	speed: 0.0309s/iter; left time: 371.1669s
	speed: 0.0310s/iter; left time: 368.9653s
	speed: 0.0310s/iter; left time: 366.0844s
	speed: 0.0312s/iter; left time: 365.3116s
	speed: 0.0314s/iter; left time: 363.9016s
	speed: 0.0316s/iter; left time: 363.0731s
	speed: 0.0312s/iter; left time: 355.4200s
	speed: 0.0312s/iter; left time: 352.4470s
	speed: 0.0312s/iter; left time: 349.4233s
	speed: 0.0315s/iter; left time: 349.3647s
	speed: 0.0314s/iter; left time: 345.2691s
	speed: 0.0316s/iter; left time: 344.2149s
	speed: 0.0313s/iter; left time: 338.4288s
	speed: 0.0312s/iter; left time: 334.2794s
	speed: 0.0313s/iter; left time: 331.8911s
	speed: 0.0314s/iter; left time: 329.2937s
	speed: 0.0315s/iter; left time: 327.2680s
	speed: 0.0314s/iter; left time: 322.8722s
	speed: 0.0312s/iter; left time: 318.5365s
	speed: 0.0313s/iter; left time: 315.6065s
	speed: 0.0313s/iter; left time: 312.8422s
	speed: 0.0313s/iter; left time: 309.6229s
	speed: 0.0300s/iter; left time: 293.9249s
	speed: 0.0270s/iter; left time: 261.6936s
	speed: 0.0271s/iter; left time: 259.7750s
	speed: 0.0268s/iter; left time: 254.6762s
	speed: 0.0267s/iter; left time: 250.6245s
	speed: 0.0265s/iter; left time: 245.9947s
	speed: 0.0265s/iter; left time: 244.0415s
	speed: 0.0264s/iter; left time: 240.5080s
	speed: 0.0264s/iter; left time: 237.7563s
	speed: 0.0267s/iter; left time: 237.5400s
	speed: 0.0267s/iter; left time: 234.9261s
	speed: 0.0267s/iter; left time: 232.2777s
	speed: 0.0268s/iter; left time: 230.5200s
	speed: 0.0268s/iter; left time: 227.7391s
	speed: 0.0266s/iter; left time: 223.6039s
	speed: 0.0270s/iter; left time: 224.3916s
	speed: 0.0268s/iter; left time: 219.9109s
	speed: 0.0268s/iter; left time: 217.2126s
	speed: 0.0266s/iter; left time: 213.1075s
	speed: 0.0266s/iter; left time: 209.7422s
	speed: 0.0241s/iter; left time: 187.8640s
	speed: 0.0248s/iter; left time: 190.6607s
	speed: 0.0245s/iter; left time: 185.7847s
	speed: 0.0241s/iter; left time: 180.8018s
	speed: 0.0241s/iter; left time: 178.2741s
	speed: 0.0240s/iter; left time: 174.7880s
	speed: 0.0258s/iter; left time: 185.3897s
	speed: 0.0262s/iter; left time: 186.0850s
	speed: 0.0292s/iter; left time: 204.2988s
	speed: 0.0308s/iter; left time: 212.3086s
	speed: 0.0302s/iter; left time: 205.4502s
	speed: 0.0300s/iter; left time: 200.9438s
	speed: 0.0269s/iter; left time: 177.2935s
	speed: 0.0263s/iter; left time: 170.7763s
	speed: 0.0263s/iter; left time: 168.4913s
	speed: 0.0264s/iter; left time: 166.3159s
	speed: 0.0264s/iter; left time: 163.5968s
	speed: 0.0263s/iter; left time: 160.4473s
	speed: 0.0270s/iter; left time: 161.7179s
	speed: 0.0281s/iter; left time: 166.0142s
	speed: 0.0291s/iter; left time: 168.7111s
	speed: 0.0306s/iter; left time: 174.1500s
	speed: 0.0307s/iter; left time: 171.9865s
	speed: 0.0304s/iter; left time: 167.2425s
	speed: 0.0306s/iter; left time: 165.3029s
	speed: 0.0305s/iter; left time: 161.4250s
	speed: 0.0307s/iter; left time: 159.7473s
	speed: 0.0305s/iter; left time: 155.7250s
	speed: 0.0307s/iter; left time: 153.4678s
	speed: 0.0309s/iter; left time: 151.2188s
	speed: 0.0308s/iter; left time: 147.6423s
	speed: 0.0308s/iter; left time: 144.8217s
	speed: 0.0306s/iter; left time: 140.6896s
	speed: 0.0304s/iter; left time: 136.9594s
	speed: 0.0308s/iter; left time: 135.3626s
	speed: 0.0308s/iter; left time: 132.5449s
	speed: 0.0306s/iter; left time: 128.6289s
	speed: 0.0307s/iter; left time: 125.7438s
	speed: 0.0303s/iter; left time: 121.2312s
	speed: 0.0307s/iter; left time: 119.6850s
	speed: 0.0306s/iter; left time: 116.2132s
	speed: 0.0309s/iter; left time: 114.4523s
	speed: 0.0306s/iter; left time: 110.1855s
	speed: 0.0308s/iter; left time: 107.7205s
	speed: 0.0306s/iter; left time: 104.0552s
	speed: 0.0307s/iter; left time: 101.1356s
	speed: 0.0307s/iter; left time: 98.2140s
	speed: 0.0307s/iter; left time: 95.0159s
	speed: 0.0302s/iter; left time: 90.6884s
	speed: 0.0305s/iter; left time: 88.3138s
	speed: 0.0304s/iter; left time: 85.0404s
	speed: 0.0304s/iter; left time: 81.9447s
	speed: 0.0306s/iter; left time: 79.4613s
	speed: 0.0306s/iter; left time: 76.5066s
	speed: 0.0295s/iter; left time: 70.7368s
	speed: 0.0268s/iter; left time: 61.5861s
	speed: 0.0267s/iter; left time: 58.6772s
	speed: 0.0270s/iter; left time: 56.7408s
	speed: 0.0267s/iter; left time: 53.2818s
	speed: 0.0265s/iter; left time: 50.3210s
	speed: 0.0269s/iter; left time: 48.2914s
	speed: 0.0268s/iter; left time: 45.5641s
	speed: 0.0269s/iter; left time: 43.0630s
	speed: 0.0269s/iter; left time: 40.3042s
	speed: 0.0266s/iter; left time: 37.2455s
	speed: 0.0270s/iter; left time: 35.0172s
	speed: 0.0267s/iter; left time: 32.0040s
	speed: 0.0268s/iter; left time: 29.3721s
	speed: 0.0269s/iter; left time: 26.8419s
	speed: 0.0266s/iter; left time: 23.9263s
	speed: 0.0272s/iter; left time: 21.6943s
	speed: 0.0269s/iter; left time: 18.7438s
	speed: 0.0267s/iter; left time: 15.9883s
	speed: 0.0265s/iter; left time: 13.1886s
	speed: 0.0271s/iter; left time: 10.7668s
	speed: 0.0265s/iter; left time: 7.9085s
	speed: 0.0272s/iter; left time: 5.3854s
	speed: 0.0271s/iter; left time: 2.6533s
2025-11-13 18:21:20,164 - INFO - 训练完成!
2025-11-13 18:21:20,165 - INFO - 开始测试模型...
Epoch: 1, Cost time: 410.502s 
Loading checkpoint from: checkpoints2_n_heads_analysis/ring_n_heads1_20251113_181425/Ring_cleaned_1minut_20250928_170147_checkpoint_2025-11-13_18-21-20/model.pth
Threshold : 0.33621612191200256
2025-11-13 18:26:08,836 - INFO - 测试完成!
pa_accuracy           : 0.9552
pa_precision          : 0.4726
pa_recall             : 0.5601
pa_f_score            : 0.5126
MCC_score             : 0.4912
Affiliation precision : 0.5493
Affiliation recall    : 0.7292
R_AUC_ROC             : 0.6412
R_AUC_PR              : 0.4645
VUS_ROC               : 0.6396
VUS_PR                : 0.4582
Accuracy : 0.9552, Precision : 0.4726, Recall : 0.5601, F-score : 0.5126 
Test results saved to: checkpoints2_n_heads_analysis/ring_n_heads1_20251113_181425/Ring_cleaned_1minut_20250928_170147_checkpoint_2025-11-13_18-21-20/result.json

================================================================================
ANOMALY TRANSFORMER - PARAMETER ANALYSIS
================================================================================
Parameter to analyze: n_heads
Parameter values: [1, 3, 5, 7, 9, 11]
Datasets: ['contact', 'ring', 'pcb']
Fixed parameters: {'num_epochs': 1, 'batch_size': 32, 'lr': 0.0001, 'win_size': 30, 'n_heads': 1, 'e_layers': 3, 'patch_size': '3,6,10', 'anormly_ratio': 3.0}
================================================================================

Working directory: /home/wanting/KDD2023-DCdetector


Starting experiments...

################################################################################
# Experiment 1/18
# Dataset: contact, n_heads: 1
################################################################################


================================================================================
Running: contact | n_heads=1
================================================================================
Command: python run_custom_dataset.py --dataset Custom --data_path dataset/downsampleData_scratch_1minut/contact/contact_cleaned_1minut_20250928_172122.parquet --num_epochs 1 --win_size 30 --batch_size 32 --mode train --input_c 10 --output_c 10 --lr 0.0001 --anormly_ratio 3.0 --index 0 --patience 3 --patch_size 3,6,10 --n_heads 1 --d_model 256 --e_layers 3 --d_ff 512 --activation gelu --output_attention True --model_save_path checkpoints2_n_heads_analysis/contact_n_heads1_20251113_170839
================================================================================


✓ Results: Precision=0.4986, Recall=0.5904, F-score=0.5406

################################################################################
# Experiment 2/18
# Dataset: contact, n_heads: 3
################################################################################


================================================================================
Running: contact | n_heads=3
================================================================================
Command: python run_custom_dataset.py --dataset Custom --data_path dataset/downsampleData_scratch_1minut/contact/contact_cleaned_1minut_20250928_172122.parquet --num_epochs 1 --win_size 30 --batch_size 32 --mode train --input_c 10 --output_c 10 --lr 0.0001 --anormly_ratio 3.0 --index 0 --patience 3 --patch_size 3,6,10 --n_heads 3 --d_model 256 --e_layers 3 --d_ff 512 --activation gelu --output_attention True --model_save_path checkpoints2_n_heads_analysis/contact_n_heads3_20251113_171616
================================================================================


✓ Results: Precision=0.4983, Recall=0.5811, F-score=0.5365

################################################################################
# Experiment 3/18
# Dataset: contact, n_heads: 5
################################################################################


================================================================================
Running: contact | n_heads=5
================================================================================
Command: python run_custom_dataset.py --dataset Custom --data_path dataset/downsampleData_scratch_1minut/contact/contact_cleaned_1minut_20250928_172122.parquet --num_epochs 1 --win_size 30 --batch_size 32 --mode train --input_c 10 --output_c 10 --lr 0.0001 --anormly_ratio 3.0 --index 0 --patience 3 --patch_size 3,6,10 --n_heads 5 --d_model 256 --e_layers 3 --d_ff 512 --activation gelu --output_attention True --model_save_path checkpoints2_n_heads_analysis/contact_n_heads5_20251113_172730
================================================================================


✓ Results: Precision=0.5249, Recall=0.6530, F-score=0.5820

################################################################################
# Experiment 4/18
# Dataset: contact, n_heads: 7
################################################################################


================================================================================
Running: contact | n_heads=7
================================================================================
Command: python run_custom_dataset.py --dataset Custom --data_path dataset/downsampleData_scratch_1minut/contact/contact_cleaned_1minut_20250928_172122.parquet --num_epochs 1 --win_size 30 --batch_size 32 --mode train --input_c 10 --output_c 10 --lr 0.0001 --anormly_ratio 3.0 --index 0 --patience 3 --patch_size 3,6,10 --n_heads 7 --d_model 256 --e_layers 3 --d_ff 512 --activation gelu --output_attention True --model_save_path checkpoints2_n_heads_analysis/contact_n_heads7_20251113_174047
================================================================================


✓ Results: Precision=0.5021, Recall=0.5918, F-score=0.5433

################################################################################
# Experiment 5/18
# Dataset: contact, n_heads: 9
################################################################################


================================================================================
Running: contact | n_heads=9
================================================================================
Command: python run_custom_dataset.py --dataset Custom --data_path dataset/downsampleData_scratch_1minut/contact/contact_cleaned_1minut_20250928_172122.parquet --num_epochs 1 --win_size 30 --batch_size 32 --mode train --input_c 10 --output_c 10 --lr 0.0001 --anormly_ratio 3.0 --index 0 --patience 3 --patch_size 3,6,10 --n_heads 9 --d_model 256 --e_layers 3 --d_ff 512 --activation gelu --output_attention True --model_save_path checkpoints2_n_heads_analysis/contact_n_heads9_20251113_175139
================================================================================


✓ Results: Precision=0.5224, Recall=0.6349, F-score=0.5732

################################################################################
# Experiment 6/18
# Dataset: contact, n_heads: 11
################################################################################


================================================================================
Running: contact | n_heads=11
================================================================================
Command: python run_custom_dataset.py --dataset Custom --data_path dataset/downsampleData_scratch_1minut/contact/contact_cleaned_1minut_20250928_172122.parquet --num_epochs 1 --win_size 30 --batch_size 32 --mode train --input_c 10 --output_c 10 --lr 0.0001 --anormly_ratio 3.0 --index 0 --patience 3 --patch_size 3,6,10 --n_heads 11 --d_model 256 --e_layers 3 --d_ff 512 --activation gelu --output_attention True --model_save_path checkpoints2_n_heads_analysis/contact_n_heads11_20251113_180201
================================================================================


✓ Results: Precision=0.5111, Recall=0.6143, F-score=0.5580

################################################################################
# Experiment 7/18
# Dataset: ring, n_heads: 1
################################################################################


================================================================================
Running: ring | n_heads=1
================================================================================
Command: python run_custom_dataset.py --dataset Custom --data_path dataset/downsampleData_scratch_1minut/ring/Ring_cleaned_1minut_20250928_170147.parquet --num_epochs 1 --win_size 30 --batch_size 32 --mode train --input_c 10 --output_c 10 --lr 0.0001 --anormly_ratio 3.0 --index 0 --patience 3 --patch_size 3,6,10 --n_heads 1 --d_model 256 --e_layers 3 --d_ff 512 --activation gelu --output_attention True --model_save_path checkpoints2_n_heads_analysis/ring_n_heads1_20251113_181425
================================================================================


✓ Results: Precision=0.4726, Recall=0.5601, F-score=0.5126

################################################################################
# Experiment 8/18
# Dataset: ring, n_heads: 3
################################################################################

/home/wanting/KDD2023-DCdetector/venv/lib/python3.12/site-packages/tsfresh/__init__.py:12: UserWarning: pkg_resources is deprecated as an API. See https://setuptools.pypa.io/en/latest/pkg_resources.html. The pkg_resources package is slated for removal as early as 2025-11-30. Refrain from using this package or pin to Setuptools<81.
  import pkg_resources
2025-11-13 18:26:11,493 - INFO - 开始使用自定义数据集运行DCdetector...
2025-11-13 18:26:11,493 - INFO - 数据集: Custom
2025-11-13 18:26:11,493 - INFO - 输入特征维度: 10
2025-11-13 18:26:11,493 - INFO - 窗口大小: 30
2025-11-13 18:26:11,493 - INFO - 批次大小: 32
2025-11-13 18:26:13,678 - INFO - 开始训练模型...
[onlyNormalData=True] 训练集过滤异常数据: 408309 行 -> 390335 行 (移除 17974 个异常样本)

[PCA降维] 启用
  n_components=10
  PCA前特征维度: 28
  PCA后特征维度: 10
  解释方差比（前10个）: [0.44531896 0.19176419 0.11007933 0.0892243  0.06624989 0.04059656
 0.01873708 0.00939986 0.00887274 0.00681558]
  累积解释方差: 0.9871
  时间点数量: train=390335, val=87495, test=87495 (未改变)
[PCA降维] 完成
数据加载自: dataset/downsampleData_scratch_1minut/ring/Ring_cleaned_1minut_20250928_170147.parquet
训练集形状: (390335, 10)
验证集形状: (87495, 10)
测试集形状: (87495, 10)
特征维度: 10
异常比例（行级）:
- 训练集: 原始 4.40% -> 现有 0.00%
- 验证集: 2.97%
- 测试集: 4.20%
[onlyNormalData=True] 训练集过滤异常数据: 408309 行 -> 390335 行 (移除 17974 个异常样本)

[PCA降维] 启用
  n_components=10
  PCA前特征维度: 28
  PCA后特征维度: 10
  解释方差比（前10个）: [0.44531896 0.19176419 0.11007933 0.0892243  0.06624989 0.04059656
 0.01873708 0.00939986 0.00887274 0.00681558]
  累积解释方差: 0.9871
  时间点数量: train=390335, val=87495, test=87495 (未改变)
[PCA降维] 完成
数据加载自: dataset/downsampleData_scratch_1minut/ring/Ring_cleaned_1minut_20250928_170147.parquet
训练集形状: (390335, 10)
验证集形状: (87495, 10)
测试集形状: (87495, 10)
特征维度: 10
异常比例（行级）:
- 训练集: 原始 4.40% -> 现有 0.00%
- 验证集: 2.97%
- 测试集: 4.20%
[onlyNormalData=True] 训练集过滤异常数据: 408309 行 -> 390335 行 (移除 17974 个异常样本)

[PCA降维] 启用
  n_components=10
  PCA前特征维度: 28
  PCA后特征维度: 10
  解释方差比（前10个）: [0.44531896 0.19176419 0.11007933 0.0892243  0.06624989 0.04059656
 0.01873708 0.00939986 0.00887274 0.00681558]
  累积解释方差: 0.9871
  时间点数量: train=390335, val=87495, test=87495 (未改变)
[PCA降维] 完成
数据加载自: dataset/downsampleData_scratch_1minut/ring/Ring_cleaned_1minut_20250928_170147.parquet
训练集形状: (390335, 10)
验证集形状: (87495, 10)
测试集形状: (87495, 10)
特征维度: 10
异常比例（行级）:
- 训练集: 原始 4.40% -> 现有 0.00%
- 验证集: 2.97%
- 测试集: 4.20%
[onlyNormalData=True] 训练集过滤异常数据: 408309 行 -> 390335 行 (移除 17974 个异常样本)

[PCA降维] 启用
  n_components=10
  PCA前特征维度: 28
  PCA后特征维度: 10
  解释方差比（前10个）: [0.44531896 0.19176419 0.11007933 0.0892243  0.06624989 0.04059656
 0.01873708 0.00939986 0.00887274 0.00681558]
  累积解释方差: 0.9871
  时间点数量: train=390335, val=87495, test=87495 (未改变)
[PCA降维] 完成
数据加载自: dataset/downsampleData_scratch_1minut/ring/Ring_cleaned_1minut_20250928_170147.parquet
训练集形状: (390335, 10)
验证集形状: (87495, 10)
测试集形状: (87495, 10)
特征维度: 10
异常比例（行级）:
- 训练集: 原始 4.40% -> 现有 0.00%
- 验证集: 2.97%
- 测试集: 4.20%
	speed: 0.0400s/iter; left time: 483.4426s
	speed: 0.0352s/iter; left time: 422.2154s
	speed: 0.0350s/iter; left time: 416.6247s
	speed: 0.0350s/iter; left time: 413.1591s
	speed: 0.0355s/iter; left time: 414.7754s
	speed: 0.0355s/iter; left time: 411.9329s
	speed: 0.0354s/iter; left time: 406.6511s
	speed: 0.0356s/iter; left time: 406.1030s
	speed: 0.0352s/iter; left time: 397.3523s
	speed: 0.0352s/iter; left time: 394.2312s
	speed: 0.0353s/iter; left time: 391.7445s
	speed: 0.0356s/iter; left time: 392.0418s
	speed: 0.0325s/iter; left time: 354.0752s
	speed: 0.0274s/iter; left time: 295.8554s
	speed: 0.0281s/iter; left time: 300.8195s
	speed: 0.0278s/iter; left time: 294.1359s
	speed: 0.0270s/iter; left time: 283.4893s
	speed: 0.0271s/iter; left time: 281.4862s
	speed: 0.0268s/iter; left time: 275.9286s
	speed: 0.0272s/iter; left time: 277.0797s
	speed: 0.0276s/iter; left time: 279.0808s
	speed: 0.0274s/iter; left time: 274.0400s
	speed: 0.0272s/iter; left time: 269.4336s
	speed: 0.0275s/iter; left time: 269.0893s
	speed: 0.0274s/iter; left time: 265.5402s
	speed: 0.0271s/iter; left time: 259.7490s
	speed: 0.0262s/iter; left time: 248.7797s
	speed: 0.0259s/iter; left time: 243.2632s
	speed: 0.0265s/iter; left time: 246.0507s
	speed: 0.0260s/iter; left time: 238.6941s
	speed: 0.0254s/iter; left time: 231.4975s
	speed: 0.0266s/iter; left time: 239.6571s
	speed: 0.0271s/iter; left time: 240.7209s
	speed: 0.0297s/iter; left time: 261.2876s
	speed: 0.0329s/iter; left time: 286.5687s
	speed: 0.0332s/iter; left time: 285.0888s
	speed: 0.0329s/iter; left time: 279.5022s
	speed: 0.0330s/iter; left time: 276.8379s
	speed: 0.0338s/iter; left time: 280.2398s
	speed: 0.0337s/iter; left time: 276.0257s
	speed: 0.0336s/iter; left time: 271.7996s
	speed: 0.0337s/iter; left time: 269.5372s
	speed: 0.0329s/iter; left time: 259.5042s
	speed: 0.0336s/iter; left time: 262.3200s
	speed: 0.0332s/iter; left time: 255.5992s
	speed: 0.0327s/iter; left time: 248.1577s
	speed: 0.0332s/iter; left time: 248.8678s
	speed: 0.0328s/iter; left time: 242.3846s
	speed: 0.0339s/iter; left time: 247.5880s
	speed: 0.0310s/iter; left time: 223.0127s
	speed: 0.0310s/iter; left time: 220.3084s
	speed: 0.0311s/iter; left time: 217.3686s
	speed: 0.0309s/iter; left time: 212.9367s
	speed: 0.0300s/iter; left time: 203.7104s
	speed: 0.0312s/iter; left time: 208.6948s
	speed: 0.0325s/iter; left time: 214.3753s
	speed: 0.0381s/iter; left time: 247.8657s
	speed: 0.0391s/iter; left time: 250.3738s
	speed: 0.0383s/iter; left time: 241.4704s
	speed: 0.0389s/iter; left time: 240.8605s
	speed: 0.0396s/iter; left time: 241.2530s
	speed: 0.0392s/iter; left time: 234.8980s
	speed: 0.0385s/iter; left time: 226.9158s
	speed: 0.0373s/iter; left time: 216.4872s
	speed: 0.0389s/iter; left time: 221.7969s
	speed: 0.0393s/iter; left time: 219.8034s
	speed: 0.0388s/iter; left time: 213.2100s
	speed: 0.0397s/iter; left time: 214.3646s
	speed: 0.0382s/iter; left time: 202.3891s
	speed: 0.0388s/iter; left time: 201.4900s
	speed: 0.0384s/iter; left time: 195.7077s
	speed: 0.0382s/iter; left time: 190.7584s
	speed: 0.0382s/iter; left time: 186.9737s
	speed: 0.0389s/iter; left time: 186.6524s
	speed: 0.0395s/iter; left time: 185.5706s
	speed: 0.0383s/iter; left time: 175.9820s
	speed: 0.0393s/iter; left time: 176.6075s
	speed: 0.0397s/iter; left time: 174.4770s
	speed: 0.0395s/iter; left time: 169.6212s
	speed: 0.0398s/iter; left time: 166.9033s
	speed: 0.0389s/iter; left time: 159.4924s
	speed: 0.0395s/iter; left time: 157.7317s
	speed: 0.0394s/iter; left time: 153.5377s
	speed: 0.0387s/iter; left time: 147.0758s
	speed: 0.0390s/iter; left time: 144.3406s
	speed: 0.0394s/iter; left time: 141.8713s
	speed: 0.0391s/iter; left time: 136.6425s
	speed: 0.0381s/iter; left time: 129.4272s
	speed: 0.0383s/iter; left time: 126.2462s
	speed: 0.0382s/iter; left time: 122.2949s
	speed: 0.0389s/iter; left time: 120.5625s
	speed: 0.0394s/iter; left time: 118.0084s
	speed: 0.0396s/iter; left time: 114.8125s
	speed: 0.0396s/iter; left time: 110.8783s
	speed: 0.0378s/iter; left time: 102.0716s
	speed: 0.0390s/iter; left time: 101.3637s
	speed: 0.0382s/iter; left time: 95.4935s
	speed: 0.0390s/iter; left time: 93.5024s
	speed: 0.0388s/iter; left time: 89.1117s
	speed: 0.0396s/iter; left time: 86.9619s
	speed: 0.0389s/iter; left time: 81.5900s
	speed: 0.0388s/iter; left time: 77.6009s
	speed: 0.0393s/iter; left time: 74.5410s
	speed: 0.0386s/iter; left time: 69.3432s
	speed: 0.0382s/iter; left time: 64.8195s
	speed: 0.0394s/iter; left time: 63.0132s
	speed: 0.0392s/iter; left time: 58.7867s
	speed: 0.0350s/iter; left time: 48.9931s
	speed: 0.0322s/iter; left time: 41.7606s
	speed: 0.0342s/iter; left time: 40.9812s
	speed: 0.0344s/iter; left time: 37.7660s
	speed: 0.0316s/iter; left time: 31.5243s
	speed: 0.0326s/iter; left time: 29.2654s
	speed: 0.0313s/iter; left time: 24.9493s
	speed: 0.0313s/iter; left time: 21.8634s
	speed: 0.0316s/iter; left time: 18.8982s
	speed: 0.0313s/iter; left time: 15.6036s
	speed: 0.0334s/iter; left time: 13.2914s
	speed: 0.0330s/iter; left time: 9.8202s
	speed: 0.0338s/iter; left time: 6.6900s
	speed: 0.0314s/iter; left time: 3.0732s
2025-11-13 18:34:24,211 - INFO - 训练完成!
2025-11-13 18:34:24,211 - INFO - 开始测试模型...
Epoch: 1, Cost time: 490.509s 
Loading checkpoint from: checkpoints2_n_heads_analysis/ring_n_heads3_20251113_182609/Ring_cleaned_1minut_20250928_170147_checkpoint_2025-11-13_18-34-24/model.pth
Threshold : 0.33551760405302045
2025-11-13 18:38:27,265 - INFO - 测试完成!
pa_accuracy           : 0.9584
pa_precision          : 0.5048
pa_recall             : 0.5772
pa_f_score            : 0.5386
MCC_score             : 0.5181
Affiliation precision : 0.5296
Affiliation recall    : 0.7510
R_AUC_ROC             : 0.6462
R_AUC_PR              : 0.4861
VUS_ROC               : 0.6463
VUS_PR                : 0.4814
Accuracy : 0.9584, Precision : 0.5048, Recall : 0.5772, F-score : 0.5386 
Test results saved to: checkpoints2_n_heads_analysis/ring_n_heads3_20251113_182609/Ring_cleaned_1minut_20250928_170147_checkpoint_2025-11-13_18-34-24/result.json
/home/wanting/KDD2023-DCdetector/venv/lib/python3.12/site-packages/tsfresh/__init__.py:12: UserWarning: pkg_resources is deprecated as an API. See https://setuptools.pypa.io/en/latest/pkg_resources.html. The pkg_resources package is slated for removal as early as 2025-11-30. Refrain from using this package or pin to Setuptools<81.
  import pkg_resources
2025-11-13 18:38:29,899 - INFO - 开始使用自定义数据集运行DCdetector...
2025-11-13 18:38:29,899 - INFO - 数据集: Custom
2025-11-13 18:38:29,899 - INFO - 输入特征维度: 10
2025-11-13 18:38:29,899 - INFO - 窗口大小: 30
2025-11-13 18:38:29,899 - INFO - 批次大小: 32
2025-11-13 18:38:32,166 - INFO - 开始训练模型...
[onlyNormalData=True] 训练集过滤异常数据: 408309 行 -> 390335 行 (移除 17974 个异常样本)

[PCA降维] 启用
  n_components=10
  PCA前特征维度: 28
  PCA后特征维度: 10
  解释方差比（前10个）: [0.44531896 0.19176419 0.11007933 0.0892243  0.06624989 0.04059656
 0.01873708 0.00939986 0.00887274 0.00681558]
  累积解释方差: 0.9871
  时间点数量: train=390335, val=87495, test=87495 (未改变)
[PCA降维] 完成
数据加载自: dataset/downsampleData_scratch_1minut/ring/Ring_cleaned_1minut_20250928_170147.parquet
训练集形状: (390335, 10)
验证集形状: (87495, 10)
测试集形状: (87495, 10)
特征维度: 10
异常比例（行级）:
- 训练集: 原始 4.40% -> 现有 0.00%
- 验证集: 2.97%
- 测试集: 4.20%
[onlyNormalData=True] 训练集过滤异常数据: 408309 行 -> 390335 行 (移除 17974 个异常样本)

[PCA降维] 启用
  n_components=10
  PCA前特征维度: 28
  PCA后特征维度: 10
  解释方差比（前10个）: [0.44531896 0.19176419 0.11007933 0.0892243  0.06624989 0.04059656
 0.01873708 0.00939986 0.00887274 0.00681558]
  累积解释方差: 0.9871
  时间点数量: train=390335, val=87495, test=87495 (未改变)
[PCA降维] 完成
数据加载自: dataset/downsampleData_scratch_1minut/ring/Ring_cleaned_1minut_20250928_170147.parquet
训练集形状: (390335, 10)
验证集形状: (87495, 10)
测试集形状: (87495, 10)
特征维度: 10
异常比例（行级）:
- 训练集: 原始 4.40% -> 现有 0.00%
- 验证集: 2.97%
- 测试集: 4.20%
[onlyNormalData=True] 训练集过滤异常数据: 408309 行 -> 390335 行 (移除 17974 个异常样本)

[PCA降维] 启用
  n_components=10
  PCA前特征维度: 28
  PCA后特征维度: 10
  解释方差比（前10个）: [0.44531896 0.19176419 0.11007933 0.0892243  0.06624989 0.04059656
 0.01873708 0.00939986 0.00887274 0.00681558]
  累积解释方差: 0.9871
  时间点数量: train=390335, val=87495, test=87495 (未改变)
[PCA降维] 完成
数据加载自: dataset/downsampleData_scratch_1minut/ring/Ring_cleaned_1minut_20250928_170147.parquet
训练集形状: (390335, 10)
验证集形状: (87495, 10)
测试集形状: (87495, 10)
特征维度: 10
异常比例（行级）:
- 训练集: 原始 4.40% -> 现有 0.00%
- 验证集: 2.97%
- 测试集: 4.20%
[onlyNormalData=True] 训练集过滤异常数据: 408309 行 -> 390335 行 (移除 17974 个异常样本)

[PCA降维] 启用
  n_components=10
  PCA前特征维度: 28
  PCA后特征维度: 10
  解释方差比（前10个）: [0.44531896 0.19176419 0.11007933 0.0892243  0.06624989 0.04059656
 0.01873708 0.00939986 0.00887274 0.00681558]
  累积解释方差: 0.9871
  时间点数量: train=390335, val=87495, test=87495 (未改变)
[PCA降维] 完成
数据加载自: dataset/downsampleData_scratch_1minut/ring/Ring_cleaned_1minut_20250928_170147.parquet
训练集形状: (390335, 10)
验证集形状: (87495, 10)
测试集形状: (87495, 10)
特征维度: 10
异常比例（行级）:
- 训练集: 原始 4.40% -> 现有 0.00%
- 验证集: 2.97%
- 测试集: 4.20%
	speed: 0.0266s/iter; left time: 322.1642s
	speed: 0.0223s/iter; left time: 267.9690s
	speed: 0.0220s/iter; left time: 261.9531s
	speed: 0.0214s/iter; left time: 252.5821s
	speed: 0.0215s/iter; left time: 251.3455s
	speed: 0.0209s/iter; left time: 242.4814s
	speed: 0.0188s/iter; left time: 216.4623s
	speed: 0.0194s/iter; left time: 220.7298s
	speed: 0.0204s/iter; left time: 230.1623s
	speed: 0.0204s/iter; left time: 228.1553s
	speed: 0.0204s/iter; left time: 226.1484s
	speed: 0.0193s/iter; left time: 212.6654s
	speed: 0.0195s/iter; left time: 212.2461s
	speed: 0.0195s/iter; left time: 211.0851s
	speed: 0.0218s/iter; left time: 233.3456s
	speed: 0.0209s/iter; left time: 221.3925s
	speed: 0.0233s/iter; left time: 244.8984s
	speed: 0.0283s/iter; left time: 294.1260s
	speed: 0.0283s/iter; left time: 291.4254s
	speed: 0.0280s/iter; left time: 285.4473s
	speed: 0.0280s/iter; left time: 282.7810s
	speed: 0.0283s/iter; left time: 283.1163s
	speed: 0.0284s/iter; left time: 280.9111s
	speed: 0.0280s/iter; left time: 274.5546s
	speed: 0.0283s/iter; left time: 274.6525s
	speed: 0.0284s/iter; left time: 272.1779s
	speed: 0.0286s/iter; left time: 271.4704s
	speed: 0.0282s/iter; left time: 265.2878s
	speed: 0.0265s/iter; left time: 246.1470s
	speed: 0.0255s/iter; left time: 234.8165s
	speed: 0.0253s/iter; left time: 230.1949s
	speed: 0.0257s/iter; left time: 231.6279s
	speed: 0.0255s/iter; left time: 226.8508s
	speed: 0.0259s/iter; left time: 227.4417s
	speed: 0.0256s/iter; left time: 222.7667s
	speed: 0.0281s/iter; left time: 241.9727s
	speed: 0.0294s/iter; left time: 249.8859s
	speed: 0.0316s/iter; left time: 265.3974s
	speed: 0.0308s/iter; left time: 255.4889s
	speed: 0.0307s/iter; left time: 251.5480s
	speed: 0.0309s/iter; left time: 249.8306s
	speed: 0.0312s/iter; left time: 249.1693s
	speed: 0.0310s/iter; left time: 244.7903s
	speed: 0.0309s/iter; left time: 240.8978s
	speed: 0.0309s/iter; left time: 238.0334s
	speed: 0.0314s/iter; left time: 238.9133s
	speed: 0.0310s/iter; left time: 232.1908s
	speed: 0.0311s/iter; left time: 230.0467s
	speed: 0.0311s/iter; left time: 226.9753s
	speed: 0.0309s/iter; left time: 222.6808s
	speed: 0.0308s/iter; left time: 218.3543s
	speed: 0.0310s/iter; left time: 216.8246s
	speed: 0.0314s/iter; left time: 216.8659s
	speed: 0.0311s/iter; left time: 211.3474s
	speed: 0.0311s/iter; left time: 208.5563s
	speed: 0.0313s/iter; left time: 206.5573s
	speed: 0.0311s/iter; left time: 202.2485s
	speed: 0.0312s/iter; left time: 199.7489s
	speed: 0.0310s/iter; left time: 195.0602s
	speed: 0.0312s/iter; left time: 193.4677s
	speed: 0.0311s/iter; left time: 189.3811s
	speed: 0.0313s/iter; left time: 187.5026s
	speed: 0.0309s/iter; left time: 182.2198s
	speed: 0.0313s/iter; left time: 181.2536s
	speed: 0.0310s/iter; left time: 176.8005s
	speed: 0.0309s/iter; left time: 172.9782s
	speed: 0.0308s/iter; left time: 169.4527s
	speed: 0.0310s/iter; left time: 167.3617s
	speed: 0.0312s/iter; left time: 165.0713s
	speed: 0.0312s/iter; left time: 162.3609s
	speed: 0.0312s/iter; left time: 158.9205s
	speed: 0.0310s/iter; left time: 154.9458s
	speed: 0.0308s/iter; left time: 150.7502s
	speed: 0.0306s/iter; left time: 146.8500s
	speed: 0.0310s/iter; left time: 145.4293s
	speed: 0.0309s/iter; left time: 141.9845s
	speed: 0.0313s/iter; left time: 140.7408s
	speed: 0.0307s/iter; left time: 134.8663s
	speed: 0.0313s/iter; left time: 134.6990s
	speed: 0.0308s/iter; left time: 129.4976s
	speed: 0.0309s/iter; left time: 126.4520s
	speed: 0.0308s/iter; left time: 123.1326s
	speed: 0.0313s/iter; left time: 122.0910s
	speed: 0.0312s/iter; left time: 118.6763s
	speed: 0.0311s/iter; left time: 114.9773s
	speed: 0.0311s/iter; left time: 111.8274s
	speed: 0.0298s/iter; left time: 104.3814s
	speed: 0.0298s/iter; left time: 101.1729s
	speed: 0.0296s/iter; left time: 97.6785s
	speed: 0.0292s/iter; left time: 93.4172s
	speed: 0.0297s/iter; left time: 91.9426s
	speed: 0.0305s/iter; left time: 91.3927s
	speed: 0.0296s/iter; left time: 85.7934s
	speed: 0.0297s/iter; left time: 82.9803s
	speed: 0.0292s/iter; left time: 78.8896s
	speed: 0.0289s/iter; left time: 75.0601s
	speed: 0.0292s/iter; left time: 73.0459s
	speed: 0.0294s/iter; left time: 70.5123s
	speed: 0.0297s/iter; left time: 68.2170s
	speed: 0.0291s/iter; left time: 63.8803s
	speed: 0.0297s/iter; left time: 62.2944s
	speed: 0.0299s/iter; left time: 59.7645s
	speed: 0.0296s/iter; left time: 56.2725s
	speed: 0.0297s/iter; left time: 53.4831s
	speed: 0.0300s/iter; left time: 50.9512s
	speed: 0.0298s/iter; left time: 47.6079s
	speed: 0.0293s/iter; left time: 43.8250s
	speed: 0.0298s/iter; left time: 41.6590s
	speed: 0.0294s/iter; left time: 38.1512s
	speed: 0.0294s/iter; left time: 35.2552s
	speed: 0.0300s/iter; left time: 32.9468s
	speed: 0.0298s/iter; left time: 29.7757s
	speed: 0.0290s/iter; left time: 26.0821s
	speed: 0.0298s/iter; left time: 23.7603s
	speed: 0.0288s/iter; left time: 20.0707s
	speed: 0.0290s/iter; left time: 17.3189s
	speed: 0.0293s/iter; left time: 14.5770s
	speed: 0.0293s/iter; left time: 11.6791s
	speed: 0.0288s/iter; left time: 8.5962s
	speed: 0.0288s/iter; left time: 5.7053s
	speed: 0.0289s/iter; left time: 2.8359s
2025-11-13 18:45:31,299 - INFO - 训练完成!
2025-11-13 18:45:31,300 - INFO - 开始测试模型...
Epoch: 1, Cost time: 419.110s 
Loading checkpoint from: checkpoints2_n_heads_analysis/ring_n_heads5_20251113_183827/Ring_cleaned_1minut_20250928_170147_checkpoint_2025-11-13_18-45-31/model.pth
Threshold : 0.33547624945640564
2025-11-13 18:49:48,357 - INFO - 测试完成!
pa_accuracy           : 0.9580
pa_precision          : 0.5015
pa_recall             : 0.5854
pa_f_score            : 0.5402
MCC_score             : 0.5201
Affiliation precision : 0.5432
Affiliation recall    : 0.7456
R_AUC_ROC             : 0.6476
R_AUC_PR              : 0.4859
VUS_ROC               : 0.6478
VUS_PR                : 0.4811
Accuracy : 0.9580, Precision : 0.5015, Recall : 0.5854, F-score : 0.5402 
Test results saved to: checkpoints2_n_heads_analysis/ring_n_heads5_20251113_183827/Ring_cleaned_1minut_20250928_170147_checkpoint_2025-11-13_18-45-31/result.json
/home/wanting/KDD2023-DCdetector/venv/lib/python3.12/site-packages/tsfresh/__init__.py:12: UserWarning: pkg_resources is deprecated as an API. See https://setuptools.pypa.io/en/latest/pkg_resources.html. The pkg_resources package is slated for removal as early as 2025-11-30. Refrain from using this package or pin to Setuptools<81.
  import pkg_resources
2025-11-13 18:49:51,016 - INFO - 开始使用自定义数据集运行DCdetector...
2025-11-13 18:49:51,016 - INFO - 数据集: Custom
2025-11-13 18:49:51,016 - INFO - 输入特征维度: 10
2025-11-13 18:49:51,016 - INFO - 窗口大小: 30
2025-11-13 18:49:51,016 - INFO - 批次大小: 32
2025-11-13 18:49:53,337 - INFO - 开始训练模型...
[onlyNormalData=True] 训练集过滤异常数据: 408309 行 -> 390335 行 (移除 17974 个异常样本)

[PCA降维] 启用
  n_components=10
  PCA前特征维度: 28
  PCA后特征维度: 10
  解释方差比（前10个）: [0.44531896 0.19176419 0.11007933 0.0892243  0.06624989 0.04059656
 0.01873708 0.00939986 0.00887274 0.00681558]
  累积解释方差: 0.9871
  时间点数量: train=390335, val=87495, test=87495 (未改变)
[PCA降维] 完成
数据加载自: dataset/downsampleData_scratch_1minut/ring/Ring_cleaned_1minut_20250928_170147.parquet
训练集形状: (390335, 10)
验证集形状: (87495, 10)
测试集形状: (87495, 10)
特征维度: 10
异常比例（行级）:
- 训练集: 原始 4.40% -> 现有 0.00%
- 验证集: 2.97%
- 测试集: 4.20%
[onlyNormalData=True] 训练集过滤异常数据: 408309 行 -> 390335 行 (移除 17974 个异常样本)

[PCA降维] 启用
  n_components=10
  PCA前特征维度: 28
  PCA后特征维度: 10
  解释方差比（前10个）: [0.44531896 0.19176419 0.11007933 0.0892243  0.06624989 0.04059656
 0.01873708 0.00939986 0.00887274 0.00681558]
  累积解释方差: 0.9871
  时间点数量: train=390335, val=87495, test=87495 (未改变)
[PCA降维] 完成
数据加载自: dataset/downsampleData_scratch_1minut/ring/Ring_cleaned_1minut_20250928_170147.parquet
训练集形状: (390335, 10)
验证集形状: (87495, 10)
测试集形状: (87495, 10)
特征维度: 10
异常比例（行级）:
- 训练集: 原始 4.40% -> 现有 0.00%
- 验证集: 2.97%
- 测试集: 4.20%
[onlyNormalData=True] 训练集过滤异常数据: 408309 行 -> 390335 行 (移除 17974 个异常样本)

[PCA降维] 启用
  n_components=10
  PCA前特征维度: 28
  PCA后特征维度: 10
  解释方差比（前10个）: [0.44531896 0.19176419 0.11007933 0.0892243  0.06624989 0.04059656
 0.01873708 0.00939986 0.00887274 0.00681558]
  累积解释方差: 0.9871
  时间点数量: train=390335, val=87495, test=87495 (未改变)
[PCA降维] 完成
数据加载自: dataset/downsampleData_scratch_1minut/ring/Ring_cleaned_1minut_20250928_170147.parquet
训练集形状: (390335, 10)
验证集形状: (87495, 10)
测试集形状: (87495, 10)
特征维度: 10
异常比例（行级）:
- 训练集: 原始 4.40% -> 现有 0.00%
- 验证集: 2.97%
- 测试集: 4.20%
[onlyNormalData=True] 训练集过滤异常数据: 408309 行 -> 390335 行 (移除 17974 个异常样本)

[PCA降维] 启用
  n_components=10
  PCA前特征维度: 28
  PCA后特征维度: 10
  解释方差比（前10个）: [0.44531896 0.19176419 0.11007933 0.0892243  0.06624989 0.04059656
 0.01873708 0.00939986 0.00887274 0.00681558]
  累积解释方差: 0.9871
  时间点数量: train=390335, val=87495, test=87495 (未改变)
[PCA降维] 完成
数据加载自: dataset/downsampleData_scratch_1minut/ring/Ring_cleaned_1minut_20250928_170147.parquet
训练集形状: (390335, 10)
验证集形状: (87495, 10)
测试集形状: (87495, 10)
特征维度: 10
异常比例（行级）:
- 训练集: 原始 4.40% -> 现有 0.00%
- 验证集: 2.97%
- 测试集: 4.20%
	speed: 0.0315s/iter; left time: 381.0389s
	speed: 0.0272s/iter; left time: 326.2759s
	speed: 0.0269s/iter; left time: 320.3827s
	speed: 0.0269s/iter; left time: 317.8149s
	speed: 0.0267s/iter; left time: 312.0009s
	speed: 0.0266s/iter; left time: 308.2859s
	speed: 0.0266s/iter; left time: 305.3082s
	speed: 0.0264s/iter; left time: 301.1135s
	speed: 0.0268s/iter; left time: 302.7450s
	speed: 0.0266s/iter; left time: 297.5688s
	speed: 0.0274s/iter; left time: 303.8402s
	speed: 0.0270s/iter; left time: 296.5520s
	speed: 0.0264s/iter; left time: 287.8764s
	speed: 0.0270s/iter; left time: 291.3958s
	speed: 0.0268s/iter; left time: 287.0390s
	speed: 0.0262s/iter; left time: 277.6934s
	speed: 0.0272s/iter; left time: 285.7363s
	speed: 0.0272s/iter; left time: 282.8496s
	speed: 0.0270s/iter; left time: 277.9072s
	speed: 0.0263s/iter; left time: 267.8940s
	speed: 0.0252s/iter; left time: 254.2639s
	speed: 0.0231s/iter; left time: 230.8088s
	speed: 0.0233s/iter; left time: 230.9892s
	speed: 0.0227s/iter; left time: 222.3039s
	speed: 0.0181s/iter; left time: 175.8166s
	speed: 0.0182s/iter; left time: 174.8558s
	speed: 0.0180s/iter; left time: 170.7528s
	speed: 0.0183s/iter; left time: 171.6158s
	speed: 0.0190s/iter; left time: 177.1263s
	speed: 0.0204s/iter; left time: 187.8164s
	speed: 0.0227s/iter; left time: 206.9195s
	speed: 0.0248s/iter; left time: 223.4491s
	speed: 0.0257s/iter; left time: 228.3084s
	speed: 0.0273s/iter; left time: 240.1317s
	speed: 0.0329s/iter; left time: 286.2393s
	speed: 0.0358s/iter; left time: 307.9203s
	speed: 0.0359s/iter; left time: 304.8565s
	speed: 0.0357s/iter; left time: 299.8870s
	speed: 0.0356s/iter; left time: 295.6914s
	speed: 0.0360s/iter; left time: 295.1120s
	speed: 0.0350s/iter; left time: 283.5165s
	speed: 0.0352s/iter; left time: 281.2047s
	speed: 0.0352s/iter; left time: 278.2442s
	speed: 0.0351s/iter; left time: 273.4600s
	speed: 0.0353s/iter; left time: 271.8641s
	speed: 0.0389s/iter; left time: 295.8677s
	speed: 0.0388s/iter; left time: 290.8354s
	speed: 0.0393s/iter; left time: 290.7694s
	speed: 0.0406s/iter; left time: 296.1534s
	speed: 0.0398s/iter; left time: 286.5137s
	speed: 0.0393s/iter; left time: 278.9994s
	speed: 0.0406s/iter; left time: 283.9708s
	speed: 0.0389s/iter; left time: 268.3786s
	speed: 0.0400s/iter; left time: 272.0778s
	speed: 0.0391s/iter; left time: 261.9272s
	speed: 0.0398s/iter; left time: 262.6234s
	speed: 0.0394s/iter; left time: 256.1337s
	speed: 0.0414s/iter; left time: 264.5732s
	speed: 0.0401s/iter; left time: 252.7743s
	speed: 0.0395s/iter; left time: 244.8494s
	speed: 0.0393s/iter; left time: 239.5559s
	speed: 0.0395s/iter; left time: 236.9919s
	speed: 0.0389s/iter; left time: 229.1499s
	speed: 0.0396s/iter; left time: 229.7747s
	speed: 0.0386s/iter; left time: 220.0927s
	speed: 0.0415s/iter; left time: 232.3218s
	speed: 0.0401s/iter; left time: 220.2045s
	speed: 0.0403s/iter; left time: 217.6679s
	speed: 0.0392s/iter; left time: 207.6571s
	speed: 0.0379s/iter; left time: 196.8133s
	speed: 0.0384s/iter; left time: 195.6222s
	speed: 0.0375s/iter; left time: 187.5673s
	speed: 0.0385s/iter; left time: 188.7212s
	speed: 0.0381s/iter; left time: 182.8607s
	speed: 0.0380s/iter; left time: 178.4823s
	speed: 0.0366s/iter; left time: 168.3898s
	speed: 0.0353s/iter; left time: 158.6991s
	speed: 0.0367s/iter; left time: 161.3263s
	speed: 0.0394s/iter; left time: 169.5440s
	speed: 0.0391s/iter; left time: 164.0827s
	speed: 0.0352s/iter; left time: 144.4482s
	speed: 0.0399s/iter; left time: 159.3833s
	speed: 0.0373s/iter; left time: 145.4669s
	speed: 0.0381s/iter; left time: 144.6095s
	speed: 0.0372s/iter; left time: 137.5774s
	speed: 0.0387s/iter; left time: 139.2748s
	speed: 0.0388s/iter; left time: 135.7837s
	speed: 0.0393s/iter; left time: 133.4969s
	speed: 0.0389s/iter; left time: 128.2792s
	speed: 0.0403s/iter; left time: 128.9769s
	speed: 0.0381s/iter; left time: 117.9419s
	speed: 0.0371s/iter; left time: 111.3532s
	speed: 0.0385s/iter; left time: 111.6556s
	speed: 0.0382s/iter; left time: 106.8430s
	speed: 0.0401s/iter; left time: 108.3099s
	speed: 0.0397s/iter; left time: 103.0999s
	speed: 0.0397s/iter; left time: 99.2050s
	speed: 0.0343s/iter; left time: 82.2027s
	speed: 0.0362s/iter; left time: 83.1773s
	speed: 0.0346s/iter; left time: 76.1517s
	speed: 0.0366s/iter; left time: 76.7010s
	speed: 0.0373s/iter; left time: 74.5731s
	speed: 0.0357s/iter; left time: 67.6959s
	speed: 0.0352s/iter; left time: 63.3493s
	speed: 0.0370s/iter; left time: 62.7746s
	speed: 0.0373s/iter; left time: 59.5411s
	speed: 0.0396s/iter; left time: 59.3681s
	speed: 0.0395s/iter; left time: 55.2787s
	speed: 0.0410s/iter; left time: 53.2339s
	speed: 0.0418s/iter; left time: 50.1200s
	speed: 0.0412s/iter; left time: 45.2526s
	speed: 0.0412s/iter; left time: 41.1568s
	speed: 0.0397s/iter; left time: 35.6142s
	speed: 0.0401s/iter; left time: 31.9905s
	speed: 0.0405s/iter; left time: 28.2644s
	speed: 0.0410s/iter; left time: 24.5383s
	speed: 0.0394s/iter; left time: 19.6276s
	speed: 0.0408s/iter; left time: 16.2334s
	speed: 0.0407s/iter; left time: 12.1286s
	speed: 0.0398s/iter; left time: 7.8819s
	speed: 0.0405s/iter; left time: 3.9679s
2025-11-13 18:58:13,791 - INFO - 训练完成!
2025-11-13 18:58:13,791 - INFO - 开始测试模型...
Epoch: 1, Cost time: 500.420s 
Loading checkpoint from: checkpoints2_n_heads_analysis/ring_n_heads7_20251113_184949/Ring_cleaned_1minut_20250928_170147_checkpoint_2025-11-13_18-58-13/model.pth
Threshold : 0.336045503616333
2025-11-13 19:03:22,775 - INFO - 测试完成!
pa_accuracy           : 0.9566
pa_precision          : 0.4868
pa_recall             : 0.5620
pa_f_score            : 0.5217
MCC_score             : 0.5005
Affiliation precision : 0.5396
Affiliation recall    : 0.7315
R_AUC_ROC             : 0.6418
R_AUC_PR              : 0.4715
VUS_ROC               : 0.6423
VUS_PR                : 0.4673
Accuracy : 0.9566, Precision : 0.4868, Recall : 0.5620, F-score : 0.5217 
Test results saved to: checkpoints2_n_heads_analysis/ring_n_heads7_20251113_184949/Ring_cleaned_1minut_20250928_170147_checkpoint_2025-11-13_18-58-13/result.json
/home/wanting/KDD2023-DCdetector/venv/lib/python3.12/site-packages/tsfresh/__init__.py:12: UserWarning: pkg_resources is deprecated as an API. See https://setuptools.pypa.io/en/latest/pkg_resources.html. The pkg_resources package is slated for removal as early as 2025-11-30. Refrain from using this package or pin to Setuptools<81.
  import pkg_resources
2025-11-13 19:03:26,984 - INFO - 开始使用自定义数据集运行DCdetector...
2025-11-13 19:03:26,984 - INFO - 数据集: Custom
2025-11-13 19:03:26,984 - INFO - 输入特征维度: 10
2025-11-13 19:03:26,984 - INFO - 窗口大小: 30
2025-11-13 19:03:26,984 - INFO - 批次大小: 32
2025-11-13 19:03:31,075 - INFO - 开始训练模型...
[onlyNormalData=True] 训练集过滤异常数据: 408309 行 -> 390335 行 (移除 17974 个异常样本)

[PCA降维] 启用
  n_components=10
  PCA前特征维度: 28
  PCA后特征维度: 10
  解释方差比（前10个）: [0.44531896 0.19176419 0.11007933 0.0892243  0.06624989 0.04059656
 0.01873708 0.00939986 0.00887274 0.00681558]
  累积解释方差: 0.9871
  时间点数量: train=390335, val=87495, test=87495 (未改变)
[PCA降维] 完成
数据加载自: dataset/downsampleData_scratch_1minut/ring/Ring_cleaned_1minut_20250928_170147.parquet
训练集形状: (390335, 10)
验证集形状: (87495, 10)
测试集形状: (87495, 10)
特征维度: 10
异常比例（行级）:
- 训练集: 原始 4.40% -> 现有 0.00%
- 验证集: 2.97%
- 测试集: 4.20%
[onlyNormalData=True] 训练集过滤异常数据: 408309 行 -> 390335 行 (移除 17974 个异常样本)

[PCA降维] 启用
  n_components=10
  PCA前特征维度: 28
  PCA后特征维度: 10
  解释方差比（前10个）: [0.44531896 0.19176419 0.11007933 0.0892243  0.06624989 0.04059656
 0.01873708 0.00939986 0.00887274 0.00681558]
  累积解释方差: 0.9871
  时间点数量: train=390335, val=87495, test=87495 (未改变)
[PCA降维] 完成
数据加载自: dataset/downsampleData_scratch_1minut/ring/Ring_cleaned_1minut_20250928_170147.parquet
训练集形状: (390335, 10)
验证集形状: (87495, 10)
测试集形状: (87495, 10)
特征维度: 10
异常比例（行级）:
- 训练集: 原始 4.40% -> 现有 0.00%
- 验证集: 2.97%
- 测试集: 4.20%
[onlyNormalData=True] 训练集过滤异常数据: 408309 行 -> 390335 行 (移除 17974 个异常样本)

[PCA降维] 启用
  n_components=10
  PCA前特征维度: 28
  PCA后特征维度: 10
  解释方差比（前10个）: [0.44531896 0.19176419 0.11007933 0.0892243  0.06624989 0.04059656
 0.01873708 0.00939986 0.00887274 0.00681558]
  累积解释方差: 0.9871
  时间点数量: train=390335, val=87495, test=87495 (未改变)
[PCA降维] 完成
数据加载自: dataset/downsampleData_scratch_1minut/ring/Ring_cleaned_1minut_20250928_170147.parquet
训练集形状: (390335, 10)
验证集形状: (87495, 10)
测试集形状: (87495, 10)
特征维度: 10
异常比例（行级）:
- 训练集: 原始 4.40% -> 现有 0.00%
- 验证集: 2.97%
- 测试集: 4.20%
[onlyNormalData=True] 训练集过滤异常数据: 408309 行 -> 390335 行 (移除 17974 个异常样本)

[PCA降维] 启用
  n_components=10
  PCA前特征维度: 28
  PCA后特征维度: 10
  解释方差比（前10个）: [0.44531896 0.19176419 0.11007933 0.0892243  0.06624989 0.04059656
 0.01873708 0.00939986 0.00887274 0.00681558]
  累积解释方差: 0.9871
  时间点数量: train=390335, val=87495, test=87495 (未改变)
[PCA降维] 完成
数据加载自: dataset/downsampleData_scratch_1minut/ring/Ring_cleaned_1minut_20250928_170147.parquet
训练集形状: (390335, 10)
验证集形状: (87495, 10)
测试集形状: (87495, 10)
特征维度: 10
异常比例（行级）:
- 训练集: 原始 4.40% -> 现有 0.00%
- 验证集: 2.97%
- 测试集: 4.20%
	speed: 0.0483s/iter; left time: 584.3238s
	speed: 0.0419s/iter; left time: 502.4577s
	speed: 0.0388s/iter; left time: 461.5639s
	speed: 0.0391s/iter; left time: 461.2450s
	speed: 0.0383s/iter; left time: 447.6691s
	speed: 0.0375s/iter; left time: 435.0399s
	speed: 0.0383s/iter; left time: 440.6265s
	speed: 0.0359s/iter; left time: 409.4308s
	speed: 0.0395s/iter; left time: 446.4597s
	speed: 0.0384s/iter; left time: 429.8640s
	speed: 0.0378s/iter; left time: 419.8805s
	speed: 0.0370s/iter; left time: 407.3254s
	speed: 0.0391s/iter; left time: 425.6752s
	speed: 0.0382s/iter; left time: 412.2616s
	speed: 0.0384s/iter; left time: 410.9885s
	speed: 0.0363s/iter; left time: 384.5454s
	speed: 0.0374s/iter; left time: 392.4399s
	speed: 0.0332s/iter; left time: 345.5060s
	speed: 0.0379s/iter; left time: 390.4783s
	speed: 0.0370s/iter; left time: 376.8461s
	speed: 0.0335s/iter; left time: 338.4465s
	speed: 0.0310s/iter; left time: 309.6160s
	speed: 0.0311s/iter; left time: 307.6830s
	speed: 0.0312s/iter; left time: 305.7887s
	speed: 0.0319s/iter; left time: 309.8182s
	speed: 0.0318s/iter; left time: 305.3406s
	speed: 0.0341s/iter; left time: 323.6809s
	speed: 0.1164s/iter; left time: 1093.8938s
	speed: 0.0373s/iter; left time: 346.3725s
	speed: 0.0348s/iter; left time: 320.5305s
	speed: 0.0315s/iter; left time: 286.6635s
	speed: 0.0313s/iter; left time: 281.5043s
	speed: 0.0312s/iter; left time: 277.1993s
	speed: 0.0314s/iter; left time: 276.2201s
	speed: 0.0313s/iter; left time: 272.3119s
	speed: 0.0311s/iter; left time: 267.6487s
	speed: 0.0313s/iter; left time: 266.3299s
	speed: 0.0311s/iter; left time: 261.0921s
	speed: 0.0312s/iter; left time: 259.1604s
	speed: 0.0317s/iter; left time: 259.8338s
	speed: 0.0314s/iter; left time: 254.2329s
	speed: 0.0311s/iter; left time: 249.1078s
	speed: 0.0314s/iter; left time: 248.3377s
	speed: 0.0312s/iter; left time: 242.9503s
	speed: 0.0316s/iter; left time: 243.2915s
	speed: 0.0315s/iter; left time: 239.2937s
	speed: 0.0317s/iter; left time: 237.9142s
	speed: 0.0313s/iter; left time: 231.5228s
	speed: 0.0314s/iter; left time: 229.0905s
	speed: 0.0312s/iter; left time: 224.8035s
	speed: 0.0312s/iter; left time: 221.2483s
	speed: 0.0313s/iter; left time: 219.0531s
	speed: 0.0311s/iter; left time: 214.4103s
	speed: 0.0314s/iter; left time: 213.2045s
	speed: 0.0312s/iter; left time: 209.3016s
	speed: 0.0300s/iter; left time: 197.6366s
	speed: 0.0274s/iter; left time: 177.8315s
	speed: 0.0274s/iter; left time: 175.1526s
	speed: 0.0276s/iter; left time: 173.7662s
	speed: 0.0286s/iter; left time: 177.1046s
	speed: 0.0282s/iter; left time: 171.8455s
	speed: 0.0283s/iter; left time: 169.9063s
	speed: 0.0282s/iter; left time: 166.4178s
	speed: 0.0267s/iter; left time: 154.7985s
	speed: 0.0272s/iter; left time: 154.9185s
	speed: 0.0275s/iter; left time: 154.1628s
	speed: 0.0272s/iter; left time: 149.3536s
	speed: 0.0276s/iter; left time: 148.7657s
	speed: 0.0273s/iter; left time: 144.6875s
	speed: 0.0273s/iter; left time: 142.1181s
	speed: 0.0273s/iter; left time: 139.1865s
	speed: 0.0272s/iter; left time: 136.1335s
	speed: 0.0272s/iter; left time: 133.2090s
	speed: 0.0271s/iter; left time: 130.2267s
	speed: 0.0272s/iter; left time: 127.7979s
	speed: 0.0274s/iter; left time: 125.7996s
	speed: 0.0273s/iter; left time: 122.8352s
	speed: 0.0273s/iter; left time: 120.2183s
	speed: 0.0273s/iter; left time: 117.5104s
	speed: 0.0273s/iter; left time: 114.5617s
	speed: 0.0274s/iter; left time: 112.4645s
	speed: 0.0272s/iter; left time: 108.7307s
	speed: 0.0272s/iter; left time: 106.0313s
	speed: 0.0281s/iter; left time: 106.6824s
	speed: 0.0280s/iter; left time: 103.6255s
	speed: 0.0278s/iter; left time: 99.8606s
	speed: 0.0275s/iter; left time: 96.3380s
	speed: 0.0282s/iter; left time: 95.8429s
	speed: 0.0280s/iter; left time: 92.3385s
	speed: 0.0271s/iter; left time: 86.5602s
	speed: 0.0277s/iter; left time: 85.9394s
	speed: 0.0270s/iter; left time: 80.7980s
	speed: 0.0279s/iter; left time: 80.9404s
	speed: 0.0271s/iter; left time: 75.8439s
	speed: 0.0269s/iter; left time: 72.6984s
	speed: 0.0269s/iter; left time: 69.9374s
	speed: 0.0274s/iter; left time: 68.5063s
	speed: 0.0279s/iter; left time: 66.8985s
	speed: 0.0270s/iter; left time: 62.1335s
	speed: 0.0272s/iter; left time: 59.7162s
	speed: 0.0267s/iter; left time: 55.9118s
	speed: 0.0267s/iter; left time: 53.2912s
	speed: 0.0271s/iter; left time: 51.3874s
	speed: 0.0275s/iter; left time: 49.4367s
	speed: 0.0278s/iter; left time: 47.1604s
	speed: 0.0277s/iter; left time: 44.3014s
	speed: 0.0285s/iter; left time: 42.6581s
	speed: 0.0278s/iter; left time: 38.8908s
	speed: 0.0272s/iter; left time: 35.3476s
	speed: 0.0288s/iter; left time: 34.5082s
	speed: 0.0275s/iter; left time: 30.1902s
	speed: 0.0270s/iter; left time: 26.9367s
	speed: 0.0279s/iter; left time: 25.0944s
	speed: 0.0277s/iter; left time: 22.1372s
	speed: 0.0268s/iter; left time: 18.7388s
	speed: 0.0274s/iter; left time: 16.3717s
	speed: 0.0271s/iter; left time: 13.4937s
	speed: 0.0269s/iter; left time: 10.6917s
	speed: 0.0271s/iter; left time: 8.0681s
	speed: 0.0278s/iter; left time: 5.5116s
	speed: 0.0272s/iter; left time: 2.6690s
2025-11-13 19:10:46,761 - INFO - 训练完成!
2025-11-13 19:10:46,761 - INFO - 开始测试模型...
Epoch: 1, Cost time: 435.652s 
Loading checkpoint from: checkpoints2_n_heads_analysis/ring_n_heads9_20251113_190323/Ring_cleaned_1minut_20250928_170147_checkpoint_2025-11-13_19-10-46/model.pth
Threshold : 0.33561137318611145
2025-11-13 19:15:56,336 - INFO - 测试完成!
pa_accuracy           : 0.9572
pa_precision          : 0.4923
pa_recall             : 0.5481
pa_f_score            : 0.5187
MCC_score             : 0.4972
Affiliation precision : 0.5385
Affiliation recall    : 0.7509
R_AUC_ROC             : 0.6417
R_AUC_PR              : 0.4786
VUS_ROC               : 0.6418
VUS_PR                : 0.4729
Accuracy : 0.9572, Precision : 0.4923, Recall : 0.5481, F-score : 0.5187 
Test results saved to: checkpoints2_n_heads_analysis/ring_n_heads9_20251113_190323/Ring_cleaned_1minut_20250928_170147_checkpoint_2025-11-13_19-10-46/result.json
/home/wanting/KDD2023-DCdetector/venv/lib/python3.12/site-packages/tsfresh/__init__.py:12: UserWarning: pkg_resources is deprecated as an API. See https://setuptools.pypa.io/en/latest/pkg_resources.html. The pkg_resources package is slated for removal as early as 2025-11-30. Refrain from using this package or pin to Setuptools<81.
  import pkg_resources
2025-11-13 19:15:58,934 - INFO - 开始使用自定义数据集运行DCdetector...
2025-11-13 19:15:58,934 - INFO - 数据集: Custom
2025-11-13 19:15:58,934 - INFO - 输入特征维度: 10
2025-11-13 19:15:58,934 - INFO - 窗口大小: 30
2025-11-13 19:15:58,934 - INFO - 批次大小: 32
2025-11-13 19:16:01,142 - INFO - 开始训练模型...
[onlyNormalData=True] 训练集过滤异常数据: 408309 行 -> 390335 行 (移除 17974 个异常样本)

[PCA降维] 启用
  n_components=10
  PCA前特征维度: 28
  PCA后特征维度: 10
  解释方差比（前10个）: [0.44531896 0.19176419 0.11007933 0.0892243  0.06624989 0.04059656
 0.01873708 0.00939986 0.00887274 0.00681558]
  累积解释方差: 0.9871
  时间点数量: train=390335, val=87495, test=87495 (未改变)
[PCA降维] 完成
数据加载自: dataset/downsampleData_scratch_1minut/ring/Ring_cleaned_1minut_20250928_170147.parquet
训练集形状: (390335, 10)
验证集形状: (87495, 10)
测试集形状: (87495, 10)
特征维度: 10
异常比例（行级）:
- 训练集: 原始 4.40% -> 现有 0.00%
- 验证集: 2.97%
- 测试集: 4.20%
[onlyNormalData=True] 训练集过滤异常数据: 408309 行 -> 390335 行 (移除 17974 个异常样本)

[PCA降维] 启用
  n_components=10
  PCA前特征维度: 28
  PCA后特征维度: 10
  解释方差比（前10个）: [0.44531896 0.19176419 0.11007933 0.0892243  0.06624989 0.04059656
 0.01873708 0.00939986 0.00887274 0.00681558]
  累积解释方差: 0.9871
  时间点数量: train=390335, val=87495, test=87495 (未改变)
[PCA降维] 完成
数据加载自: dataset/downsampleData_scratch_1minut/ring/Ring_cleaned_1minut_20250928_170147.parquet
训练集形状: (390335, 10)
验证集形状: (87495, 10)
测试集形状: (87495, 10)
特征维度: 10
异常比例（行级）:
- 训练集: 原始 4.40% -> 现有 0.00%
- 验证集: 2.97%
- 测试集: 4.20%
[onlyNormalData=True] 训练集过滤异常数据: 408309 行 -> 390335 行 (移除 17974 个异常样本)

[PCA降维] 启用
  n_components=10
  PCA前特征维度: 28
  PCA后特征维度: 10
  解释方差比（前10个）: [0.44531896 0.19176419 0.11007933 0.0892243  0.06624989 0.04059656
 0.01873708 0.00939986 0.00887274 0.00681558]
  累积解释方差: 0.9871
  时间点数量: train=390335, val=87495, test=87495 (未改变)
[PCA降维] 完成
数据加载自: dataset/downsampleData_scratch_1minut/ring/Ring_cleaned_1minut_20250928_170147.parquet
训练集形状: (390335, 10)
验证集形状: (87495, 10)
测试集形状: (87495, 10)
特征维度: 10
异常比例（行级）:
- 训练集: 原始 4.40% -> 现有 0.00%
- 验证集: 2.97%
- 测试集: 4.20%
[onlyNormalData=True] 训练集过滤异常数据: 408309 行 -> 390335 行 (移除 17974 个异常样本)

[PCA降维] 启用
  n_components=10
  PCA前特征维度: 28
  PCA后特征维度: 10
  解释方差比（前10个）: [0.44531896 0.19176419 0.11007933 0.0892243  0.06624989 0.04059656
 0.01873708 0.00939986 0.00887274 0.00681558]
  累积解释方差: 0.9871
  时间点数量: train=390335, val=87495, test=87495 (未改变)
[PCA降维] 完成
数据加载自: dataset/downsampleData_scratch_1minut/ring/Ring_cleaned_1minut_20250928_170147.parquet
训练集形状: (390335, 10)
验证集形状: (87495, 10)
测试集形状: (87495, 10)
特征维度: 10
异常比例（行级）:
- 训练集: 原始 4.40% -> 现有 0.00%
- 验证集: 2.97%
- 测试集: 4.20%
	speed: 0.0425s/iter; left time: 513.7610s
	speed: 0.0374s/iter; left time: 449.0937s
	speed: 0.0377s/iter; left time: 448.8798s
	speed: 0.0378s/iter; left time: 445.7291s
	speed: 0.0376s/iter; left time: 440.1402s
	speed: 0.0376s/iter; left time: 436.0139s
	speed: 0.0376s/iter; left time: 431.9758s
	speed: 0.0376s/iter; left time: 428.3458s
	speed: 0.0374s/iter; left time: 422.8442s
	speed: 0.0376s/iter; left time: 420.7583s
	speed: 0.0377s/iter; left time: 418.7914s
	speed: 0.0375s/iter; left time: 412.3287s
	speed: 0.0378s/iter; left time: 411.7451s
	speed: 0.0374s/iter; left time: 403.7325s
	speed: 0.0372s/iter; left time: 398.0132s
	speed: 0.0349s/iter; left time: 369.9575s
	speed: 0.0309s/iter; left time: 324.2479s
	speed: 0.0277s/iter; left time: 288.4613s
	speed: 0.0275s/iter; left time: 282.8944s
	speed: 0.0276s/iter; left time: 281.5303s
	speed: 0.0287s/iter; left time: 290.1393s
	speed: 0.0320s/iter; left time: 319.9927s
	speed: 0.0348s/iter; left time: 344.5916s
	speed: 0.0347s/iter; left time: 340.0045s
	speed: 0.0346s/iter; left time: 335.3538s
	speed: 0.0352s/iter; left time: 337.6995s
	speed: 0.0347s/iter; left time: 329.7795s
	speed: 0.0349s/iter; left time: 327.8749s
	speed: 0.0348s/iter; left time: 323.4185s
	speed: 0.0347s/iter; left time: 318.8495s
	speed: 0.0332s/iter; left time: 302.4377s
	speed: 0.0326s/iter; left time: 293.1533s
	speed: 0.0326s/iter; left time: 289.9408s
	speed: 0.0325s/iter; left time: 286.1822s
	speed: 0.0326s/iter; left time: 283.1893s
	speed: 0.0330s/iter; left time: 283.4251s
	speed: 0.0326s/iter; left time: 276.7868s
	speed: 0.0327s/iter; left time: 274.2173s
	speed: 0.0327s/iter; left time: 271.0664s
	speed: 0.0331s/iter; left time: 271.6327s
	speed: 0.0338s/iter; left time: 273.4838s
	speed: 0.0337s/iter; left time: 269.8739s
	speed: 0.0330s/iter; left time: 260.2469s
	speed: 0.0331s/iter; left time: 257.7613s
	speed: 0.0331s/iter; left time: 254.8429s
	speed: 0.0330s/iter; left time: 250.3949s
	speed: 0.0331s/iter; left time: 248.0422s
	speed: 0.0329s/iter; left time: 243.7226s
	speed: 0.0332s/iter; left time: 242.0788s
	speed: 0.0331s/iter; left time: 238.3986s
	speed: 0.0330s/iter; left time: 234.4666s
	speed: 0.0331s/iter; left time: 231.6389s
	speed: 0.0331s/iter; left time: 228.0909s
	speed: 0.0331s/iter; left time: 225.3262s
	speed: 0.0330s/iter; left time: 221.3395s
	speed: 0.0331s/iter; left time: 218.4675s
	speed: 0.0331s/iter; left time: 214.8588s
	speed: 0.0327s/iter; left time: 209.3164s
	speed: 0.0328s/iter; left time: 206.7971s
	speed: 0.0330s/iter; left time: 204.3985s
	speed: 0.0330s/iter; left time: 201.3667s
	speed: 0.0331s/iter; left time: 198.2482s
	speed: 0.0329s/iter; left time: 193.9793s
	speed: 0.0330s/iter; left time: 191.5526s
	speed: 0.0331s/iter; left time: 188.3876s
	speed: 0.0306s/iter; left time: 171.2212s
	speed: 0.0279s/iter; left time: 153.1617s
	speed: 0.0284s/iter; left time: 153.5583s
	speed: 0.0279s/iter; left time: 147.7879s
	speed: 0.0279s/iter; left time: 145.0183s
	speed: 0.0286s/iter; left time: 145.8005s
	speed: 0.0282s/iter; left time: 140.7286s
	speed: 0.0279s/iter; left time: 136.8929s
	speed: 0.0278s/iter; left time: 133.3484s
	speed: 0.0282s/iter; left time: 132.5182s
	speed: 0.0278s/iter; left time: 127.9330s
	speed: 0.0279s/iter; left time: 125.4362s
	speed: 0.0283s/iter; left time: 124.2711s
	speed: 0.0283s/iter; left time: 121.7892s
	speed: 0.0279s/iter; left time: 117.2925s
	speed: 0.0284s/iter; left time: 116.1850s
	speed: 0.0282s/iter; left time: 112.8406s
	speed: 0.0282s/iter; left time: 109.7418s
	speed: 0.0278s/iter; left time: 105.6975s
	speed: 0.0283s/iter; left time: 104.5463s
	speed: 0.0283s/iter; left time: 101.7634s
	speed: 0.0281s/iter; left time: 98.3751s
	speed: 0.0279s/iter; left time: 94.7526s
	speed: 0.0282s/iter; left time: 93.0870s
	speed: 0.0283s/iter; left time: 90.3858s
	speed: 0.0282s/iter; left time: 87.2100s
	speed: 0.0280s/iter; left time: 83.8978s
	speed: 0.0274s/iter; left time: 79.4576s
	speed: 0.0287s/iter; left time: 80.1811s
	speed: 0.0286s/iter; left time: 77.2469s
	speed: 0.0284s/iter; left time: 73.6752s
	speed: 0.0290s/iter; left time: 72.4529s
	speed: 0.0283s/iter; left time: 67.8633s
	speed: 0.0285s/iter; left time: 65.5541s
	speed: 0.0286s/iter; left time: 62.8680s
	speed: 0.0286s/iter; left time: 59.8980s
	speed: 0.0286s/iter; left time: 57.0858s
	speed: 0.0284s/iter; left time: 53.9743s
	speed: 0.0286s/iter; left time: 51.3691s
	speed: 0.0292s/iter; left time: 49.6115s
	speed: 0.0284s/iter; left time: 45.3657s
	speed: 0.0287s/iter; left time: 43.0289s
	speed: 0.0287s/iter; left time: 40.0762s
	speed: 0.0287s/iter; left time: 37.2607s
	speed: 0.0288s/iter; left time: 34.4977s
	speed: 0.0287s/iter; left time: 31.5246s
	speed: 0.0286s/iter; left time: 28.5520s
	speed: 0.0286s/iter; left time: 25.6823s
	speed: 0.0286s/iter; left time: 22.8386s
	speed: 0.0284s/iter; left time: 19.8511s
	speed: 0.0286s/iter; left time: 17.1054s
	speed: 0.0286s/iter; left time: 14.2660s
	speed: 0.0287s/iter; left time: 11.4341s
	speed: 0.0287s/iter; left time: 8.5612s
	speed: 0.0284s/iter; left time: 5.6182s
	speed: 0.0286s/iter; left time: 2.8039s
2025-11-13 19:23:11,274 - INFO - 训练完成!
2025-11-13 19:23:11,274 - INFO - 开始测试模型...
Epoch: 1, Cost time: 430.107s 
Loading checkpoint from: checkpoints2_n_heads_analysis/ring_n_heads11_20251113_191556/Ring_cleaned_1minut_20250928_170147_checkpoint_2025-11-13_19-23-11/model.pth
Threshold : 0.33550316095352173
2025-11-13 19:28:09,672 - INFO - 测试完成!
pa_accuracy           : 0.9569
pa_precision          : 0.4898
pa_recall             : 0.5538
pa_f_score            : 0.5198
MCC_score             : 0.4984
Affiliation precision : 0.5202
Affiliation recall    : 0.7217
R_AUC_ROC             : 0.6416
R_AUC_PR              : 0.4749
VUS_ROC               : 0.6398
VUS_PR                : 0.4681
Accuracy : 0.9569, Precision : 0.4898, Recall : 0.5538, F-score : 0.5198 
Test results saved to: checkpoints2_n_heads_analysis/ring_n_heads11_20251113_191556/Ring_cleaned_1minut_20250928_170147_checkpoint_2025-11-13_19-23-11/result.json
/home/wanting/KDD2023-DCdetector/venv/lib/python3.12/site-packages/tsfresh/__init__.py:12: UserWarning: pkg_resources is deprecated as an API. See https://setuptools.pypa.io/en/latest/pkg_resources.html. The pkg_resources package is slated for removal as early as 2025-11-30. Refrain from using this package or pin to Setuptools<81.
  import pkg_resources
2025-11-13 19:28:12,220 - INFO - 开始使用自定义数据集运行DCdetector...
2025-11-13 19:28:12,220 - INFO - 数据集: Custom
2025-11-13 19:28:12,220 - INFO - 输入特征维度: 10
2025-11-13 19:28:12,220 - INFO - 窗口大小: 30
2025-11-13 19:28:12,220 - INFO - 批次大小: 32
2025-11-13 19:28:14,506 - INFO - 开始训练模型...
[onlyNormalData=True] 训练集过滤异常数据: 408340 行 -> 391922 行 (移除 16418 个异常样本)

[PCA降维] 启用
  n_components=10
  PCA前特征维度: 31
  PCA后特征维度: 10
  解释方差比（前10个）: [0.32616914 0.16267314 0.1372184  0.11142357 0.06736721 0.04779601
 0.02843967 0.0252639  0.02060194 0.01696907]
  累积解释方差: 0.9439
  时间点数量: train=391922, val=87502, test=87502 (未改变)
[PCA降维] 完成
数据加载自: dataset/downsampleData_scratch_1minut/pcb/pcb_cleaned_1minut_20250928_161509.parquet
训练集形状: (391922, 10)
验证集形状: (87502, 10)
测试集形状: (87502, 10)
特征维度: 10
异常比例（行级）:
- 训练集: 原始 4.02% -> 现有 0.00%
- 验证集: 1.52%
- 测试集: 2.10%
[onlyNormalData=True] 训练集过滤异常数据: 408340 行 -> 391922 行 (移除 16418 个异常样本)

[PCA降维] 启用
  n_components=10
  PCA前特征维度: 31
  PCA后特征维度: 10
  解释方差比（前10个）: [0.32616914 0.16267314 0.1372184  0.11142357 0.06736721 0.04779601
 0.02843967 0.0252639  0.02060194 0.01696907]
  累积解释方差: 0.9439
  时间点数量: train=391922, val=87502, test=87502 (未改变)
[PCA降维] 完成
数据加载自: dataset/downsampleData_scratch_1minut/pcb/pcb_cleaned_1minut_20250928_161509.parquet
训练集形状: (391922, 10)
验证集形状: (87502, 10)
测试集形状: (87502, 10)
特征维度: 10
异常比例（行级）:
- 训练集: 原始 4.02% -> 现有 0.00%
- 验证集: 1.52%
- 测试集: 2.10%
[onlyNormalData=True] 训练集过滤异常数据: 408340 行 -> 391922 行 (移除 16418 个异常样本)

[PCA降维] 启用
  n_components=10
  PCA前特征维度: 31
  PCA后特征维度: 10
  解释方差比（前10个）: [0.32616914 0.16267314 0.1372184  0.11142357 0.06736721 0.04779601
 0.02843967 0.0252639  0.02060194 0.01696907]
  累积解释方差: 0.9439
  时间点数量: train=391922, val=87502, test=87502 (未改变)
[PCA降维] 完成
数据加载自: dataset/downsampleData_scratch_1minut/pcb/pcb_cleaned_1minut_20250928_161509.parquet
训练集形状: (391922, 10)
验证集形状: (87502, 10)
测试集形状: (87502, 10)
特征维度: 10
异常比例（行级）:
- 训练集: 原始 4.02% -> 现有 0.00%
- 验证集: 1.52%
- 测试集: 2.10%
[onlyNormalData=True] 训练集过滤异常数据: 408340 行 -> 391922 行 (移除 16418 个异常样本)

[PCA降维] 启用
  n_components=10
  PCA前特征维度: 31
  PCA后特征维度: 10
  解释方差比（前10个）: [0.32616914 0.16267314 0.1372184  0.11142357 0.06736721 0.04779601
 0.02843967 0.0252639  0.02060194 0.01696907]
  累积解释方差: 0.9439
  时间点数量: train=391922, val=87502, test=87502 (未改变)
[PCA降维] 完成
数据加载自: dataset/downsampleData_scratch_1minut/pcb/pcb_cleaned_1minut_20250928_161509.parquet
训练集形状: (391922, 10)
验证集形状: (87502, 10)
测试集形状: (87502, 10)
特征维度: 10
异常比例（行级）:
- 训练集: 原始 4.02% -> 现有 0.00%
- 验证集: 1.52%
- 测试集: 2.10%
	speed: 0.0328s/iter; left time: 398.4049s
	speed: 0.0275s/iter; left time: 331.5234s
	speed: 0.0273s/iter; left time: 326.5486s
	speed: 0.0274s/iter; left time: 324.4259s
	speed: 0.0275s/iter; left time: 322.9747s
	speed: 0.0276s/iter; left time: 321.2336s
	speed: 0.0274s/iter; left time: 315.8859s
	speed: 0.0276s/iter; left time: 315.4925s
	speed: 0.0276s/iter; left time: 312.8586s
	speed: 0.0274s/iter; left time: 308.6830s
	speed: 0.0274s/iter; left time: 305.8469s
	speed: 0.0278s/iter; left time: 307.2886s
	speed: 0.0275s/iter; left time: 300.6413s
	speed: 0.0275s/iter; left time: 298.7724s
	speed: 0.0290s/iter; left time: 311.5018s
	speed: 0.0290s/iter; left time: 308.4777s
	speed: 0.0290s/iter; left time: 305.5828s
	speed: 0.0290s/iter; left time: 302.6656s
	speed: 0.0290s/iter; left time: 299.9132s
	speed: 0.0267s/iter; left time: 273.7115s
	speed: 0.0279s/iter; left time: 283.5550s
	speed: 0.0284s/iter; left time: 285.6197s
	speed: 0.0284s/iter; left time: 282.3273s
	speed: 0.0285s/iter; left time: 280.6932s
	speed: 0.0284s/iter; left time: 277.2234s
	speed: 0.0285s/iter; left time: 274.9296s
	speed: 0.0284s/iter; left time: 271.0872s
	speed: 0.0285s/iter; left time: 268.8083s
	speed: 0.0287s/iter; left time: 268.4189s
	speed: 0.0284s/iter; left time: 263.0198s
	speed: 0.0286s/iter; left time: 261.4311s
	speed: 0.0286s/iter; left time: 258.6725s
	speed: 0.0287s/iter; left time: 256.4637s
	speed: 0.0236s/iter; left time: 209.1144s
	speed: 0.0230s/iter; left time: 201.4213s
	speed: 0.0226s/iter; left time: 195.7534s
	speed: 0.0228s/iter; left time: 195.2398s
	speed: 0.0227s/iter; left time: 191.3630s
	speed: 0.0225s/iter; left time: 187.4311s
	speed: 0.0227s/iter; left time: 187.3257s
	speed: 0.0227s/iter; left time: 185.0788s
	speed: 0.0227s/iter; left time: 182.9837s
	speed: 0.0227s/iter; left time: 180.1217s
	speed: 0.0227s/iter; left time: 178.4787s
	speed: 0.0228s/iter; left time: 176.5818s
	speed: 0.0228s/iter; left time: 174.0990s
	speed: 0.0227s/iter; left time: 171.3441s
	speed: 0.0224s/iter; left time: 166.4847s
	speed: 0.0222s/iter; left time: 163.1301s
	speed: 0.0223s/iter; left time: 161.6003s
	speed: 0.0221s/iter; left time: 158.0618s
	speed: 0.0225s/iter; left time: 158.2547s
	speed: 0.0227s/iter; left time: 157.4997s
	speed: 0.0226s/iter; left time: 154.9737s
	speed: 0.0225s/iter; left time: 151.7116s
	speed: 0.0226s/iter; left time: 150.0629s
	speed: 0.0222s/iter; left time: 145.0522s
	speed: 0.0220s/iter; left time: 141.7984s
	speed: 0.0220s/iter; left time: 139.9349s
	speed: 0.0220s/iter; left time: 137.6947s
	speed: 0.0220s/iter; left time: 135.1740s
	speed: 0.0203s/iter; left time: 123.0503s
	speed: 0.0214s/iter; left time: 127.2221s
	speed: 0.0214s/iter; left time: 124.9332s
	speed: 0.0214s/iter; left time: 122.9735s
	speed: 0.0213s/iter; left time: 120.4914s
	speed: 0.0214s/iter; left time: 118.6825s
	speed: 0.0212s/iter; left time: 115.5186s
	speed: 0.0212s/iter; left time: 113.4029s
	speed: 0.0213s/iter; left time: 111.6747s
	speed: 0.0215s/iter; left time: 110.7654s
	speed: 0.0213s/iter; left time: 107.3219s
	speed: 0.0213s/iter; left time: 105.3304s
	speed: 0.0212s/iter; left time: 102.9746s
	speed: 0.0211s/iter; left time: 100.3002s
	speed: 0.0213s/iter; left time: 98.9133s
	speed: 0.0217s/iter; left time: 98.8705s
	speed: 0.0213s/iter; left time: 94.8084s
	speed: 0.0215s/iter; left time: 93.5445s
	speed: 0.0213s/iter; left time: 90.4653s
	speed: 0.0215s/iter; left time: 89.0034s
	speed: 0.0213s/iter; left time: 86.1599s
	speed: 0.0215s/iter; left time: 84.6946s
	speed: 0.0215s/iter; left time: 82.5768s
	speed: 0.0215s/iter; left time: 80.3852s
	speed: 0.0220s/iter; left time: 80.1065s
	speed: 0.0214s/iter; left time: 75.8212s
	speed: 0.0213s/iter; left time: 73.4440s
	speed: 0.0213s/iter; left time: 71.4024s
	speed: 0.0217s/iter; left time: 70.4872s
	speed: 0.0217s/iter; left time: 68.3720s
	speed: 0.0214s/iter; left time: 65.3407s
	speed: 0.0213s/iter; left time: 62.8298s
	speed: 0.0213s/iter; left time: 60.5272s
	speed: 0.0213s/iter; left time: 58.5616s
	speed: 0.0213s/iter; left time: 56.2824s
	speed: 0.0215s/iter; left time: 54.7197s
	speed: 0.0215s/iter; left time: 52.5319s
	speed: 0.0214s/iter; left time: 50.1576s
	speed: 0.0216s/iter; left time: 48.6251s
	speed: 0.0214s/iter; left time: 45.9639s
	speed: 0.0214s/iter; left time: 43.7304s
	speed: 0.0214s/iter; left time: 41.6358s
	speed: 0.0214s/iter; left time: 39.4904s
	speed: 0.0213s/iter; left time: 37.2798s
	speed: 0.0213s/iter; left time: 35.1284s
	speed: 0.0217s/iter; left time: 33.4962s
	speed: 0.0213s/iter; left time: 30.8499s
	speed: 0.0215s/iter; left time: 28.8980s
	speed: 0.0213s/iter; left time: 26.5569s
	speed: 0.0213s/iter; left time: 24.4639s
	speed: 0.0213s/iter; left time: 22.3242s
	speed: 0.0215s/iter; left time: 20.3643s
	speed: 0.0213s/iter; left time: 18.0622s
	speed: 0.0219s/iter; left time: 16.3628s
	speed: 0.0214s/iter; left time: 13.8255s
	speed: 0.0214s/iter; left time: 11.7283s
	speed: 0.0214s/iter; left time: 9.5706s
	speed: 0.0213s/iter; left time: 7.3972s
	speed: 0.0214s/iter; left time: 5.2796s
	speed: 0.0213s/iter; left time: 3.1345s
	speed: 0.0216s/iter; left time: 1.0152s
2025-11-13 19:33:54,656 - INFO - 训练完成!
2025-11-13 19:33:54,657 - INFO - 开始测试模型...
Epoch: 1, Cost time: 340.127s 
Loading checkpoint from: checkpoints2_n_heads_analysis/pcb_n_heads1_20251113_192810/pcb_cleaned_1minut_20250928_161509_checkpoint_2025-11-13_19-33-54/model.pth
Threshold : 0.33898645639419556
2025-11-13 19:37:15,254 - INFO - 测试完成!
pa_accuracy           : 0.9589
pa_precision          : 0.2601
pa_recall             : 0.5180
pa_f_score            : 0.3463
MCC_score             : 0.3484
Affiliation precision : 0.5256
Affiliation recall    : 0.8820
R_AUC_ROC             : 0.6053
R_AUC_PR              : 0.3122
VUS_ROC               : 0.6071
VUS_PR                : 0.3111
Accuracy : 0.9589, Precision : 0.2601, Recall : 0.5180, F-score : 0.3463 
Test results saved to: checkpoints2_n_heads_analysis/pcb_n_heads1_20251113_192810/pcb_cleaned_1minut_20250928_161509_checkpoint_2025-11-13_19-33-54/result.json
/home/wanting/KDD2023-DCdetector/venv/lib/python3.12/site-packages/tsfresh/__init__.py:12: UserWarning: pkg_resources is deprecated as an API. See https://setuptools.pypa.io/en/latest/pkg_resources.html. The pkg_resources package is slated for removal as early as 2025-11-30. Refrain from using this package or pin to Setuptools<81.
  import pkg_resources
2025-11-13 19:37:17,789 - INFO - 开始使用自定义数据集运行DCdetector...
2025-11-13 19:37:17,789 - INFO - 数据集: Custom
2025-11-13 19:37:17,789 - INFO - 输入特征维度: 10
2025-11-13 19:37:17,790 - INFO - 窗口大小: 30
2025-11-13 19:37:17,790 - INFO - 批次大小: 32
2025-11-13 19:37:20,054 - INFO - 开始训练模型...
[onlyNormalData=True] 训练集过滤异常数据: 408340 行 -> 391922 行 (移除 16418 个异常样本)

[PCA降维] 启用
  n_components=10
  PCA前特征维度: 31
  PCA后特征维度: 10
  解释方差比（前10个）: [0.32616914 0.16267314 0.1372184  0.11142357 0.06736721 0.04779601
 0.02843967 0.0252639  0.02060194 0.01696907]
  累积解释方差: 0.9439
  时间点数量: train=391922, val=87502, test=87502 (未改变)
[PCA降维] 完成
数据加载自: dataset/downsampleData_scratch_1minut/pcb/pcb_cleaned_1minut_20250928_161509.parquet
训练集形状: (391922, 10)
验证集形状: (87502, 10)
测试集形状: (87502, 10)
特征维度: 10
异常比例（行级）:
- 训练集: 原始 4.02% -> 现有 0.00%
- 验证集: 1.52%
- 测试集: 2.10%
[onlyNormalData=True] 训练集过滤异常数据: 408340 行 -> 391922 行 (移除 16418 个异常样本)

[PCA降维] 启用
  n_components=10
  PCA前特征维度: 31
  PCA后特征维度: 10
  解释方差比（前10个）: [0.32616914 0.16267314 0.1372184  0.11142357 0.06736721 0.04779601
 0.02843967 0.0252639  0.02060194 0.01696907]
  累积解释方差: 0.9439
  时间点数量: train=391922, val=87502, test=87502 (未改变)
[PCA降维] 完成
数据加载自: dataset/downsampleData_scratch_1minut/pcb/pcb_cleaned_1minut_20250928_161509.parquet
训练集形状: (391922, 10)
验证集形状: (87502, 10)
测试集形状: (87502, 10)
特征维度: 10
异常比例（行级）:
- 训练集: 原始 4.02% -> 现有 0.00%
- 验证集: 1.52%
- 测试集: 2.10%
[onlyNormalData=True] 训练集过滤异常数据: 408340 行 -> 391922 行 (移除 16418 个异常样本)

[PCA降维] 启用
  n_components=10
  PCA前特征维度: 31
  PCA后特征维度: 10
  解释方差比（前10个）: [0.32616914 0.16267314 0.1372184  0.11142357 0.06736721 0.04779601
 0.02843967 0.0252639  0.02060194 0.01696907]
  累积解释方差: 0.9439
  时间点数量: train=391922, val=87502, test=87502 (未改变)
[PCA降维] 完成
数据加载自: dataset/downsampleData_scratch_1minut/pcb/pcb_cleaned_1minut_20250928_161509.parquet
训练集形状: (391922, 10)
验证集形状: (87502, 10)
测试集形状: (87502, 10)
特征维度: 10
异常比例（行级）:
- 训练集: 原始 4.02% -> 现有 0.00%
- 验证集: 1.52%
- 测试集: 2.10%
[onlyNormalData=True] 训练集过滤异常数据: 408340 行 -> 391922 行 (移除 16418 个异常样本)

[PCA降维] 启用
  n_components=10
  PCA前特征维度: 31
  PCA后特征维度: 10
  解释方差比（前10个）: [0.32616914 0.16267314 0.1372184  0.11142357 0.06736721 0.04779601
 0.02843967 0.0252639  0.02060194 0.01696907]
  累积解释方差: 0.9439
  时间点数量: train=391922, val=87502, test=87502 (未改变)
[PCA降维] 完成
数据加载自: dataset/downsampleData_scratch_1minut/pcb/pcb_cleaned_1minut_20250928_161509.parquet
训练集形状: (391922, 10)
验证集形状: (87502, 10)
测试集形状: (87502, 10)
特征维度: 10
异常比例（行级）:
- 训练集: 原始 4.02% -> 现有 0.00%
- 验证集: 1.52%
- 测试集: 2.10%
	speed: 0.0301s/iter; left time: 366.0767s
	speed: 0.0252s/iter; left time: 303.4814s
	speed: 0.0252s/iter; left time: 300.8759s
	speed: 0.0253s/iter; left time: 299.2534s
	speed: 0.0250s/iter; left time: 293.4973s
	speed: 0.0249s/iter; left time: 290.3501s
	speed: 0.0249s/iter; left time: 287.7693s
	speed: 0.0246s/iter; left time: 281.0759s
	speed: 0.0247s/iter; left time: 280.5489s
	speed: 0.0246s/iter; left time: 276.8779s
	speed: 0.0247s/iter; left time: 275.4627s
	speed: 0.0249s/iter; left time: 275.5012s
	speed: 0.0260s/iter; left time: 284.9926s
	speed: 0.0280s/iter; left time: 303.3313s
	speed: 0.0298s/iter; left time: 319.8222s
	speed: 0.0298s/iter; left time: 317.7585s
	speed: 0.0299s/iter; left time: 315.6927s
	speed: 0.0300s/iter; left time: 313.3419s
	speed: 0.0298s/iter; left time: 308.6208s
	speed: 0.0299s/iter; left time: 305.9322s
	speed: 0.0299s/iter; left time: 302.9159s
	speed: 0.0298s/iter; left time: 299.0251s
	speed: 0.0297s/iter; left time: 295.6400s
	speed: 0.0298s/iter; left time: 292.9592s
	speed: 0.0299s/iter; left time: 291.1140s
	speed: 0.0299s/iter; left time: 287.9730s
	speed: 0.0298s/iter; left time: 284.1011s
	speed: 0.0298s/iter; left time: 281.4204s
	speed: 0.0297s/iter; left time: 277.2142s
	speed: 0.0299s/iter; left time: 276.4232s
	speed: 0.0299s/iter; left time: 273.3166s
	speed: 0.0299s/iter; left time: 270.4292s
	speed: 0.0299s/iter; left time: 267.5442s
	speed: 0.0299s/iter; left time: 264.2217s
	speed: 0.0299s/iter; left time: 261.5029s
	speed: 0.0299s/iter; left time: 258.4609s
	speed: 0.0300s/iter; left time: 256.7729s
	speed: 0.0299s/iter; left time: 252.3386s
	speed: 0.0299s/iter; left time: 249.4387s
	speed: 0.0298s/iter; left time: 245.9655s
	speed: 0.0300s/iter; left time: 244.1033s
	speed: 0.0299s/iter; left time: 240.7271s
	speed: 0.0300s/iter; left time: 238.4286s
	speed: 0.0299s/iter; left time: 234.9053s
	speed: 0.0299s/iter; left time: 231.7415s
	speed: 0.0299s/iter; left time: 228.9337s
	speed: 0.0300s/iter; left time: 226.4947s
	speed: 0.0298s/iter; left time: 222.1414s
	speed: 0.0299s/iter; left time: 219.8278s
	speed: 0.0299s/iter; left time: 216.9002s
	speed: 0.0298s/iter; left time: 212.9925s
	speed: 0.0260s/iter; left time: 183.3000s
	speed: 0.0262s/iter; left time: 182.0237s
	speed: 0.0261s/iter; left time: 178.7693s
	speed: 0.0260s/iter; left time: 175.5293s
	speed: 0.0261s/iter; left time: 173.5905s
	speed: 0.0261s/iter; left time: 170.5779s
	speed: 0.0262s/iter; left time: 168.7404s
	speed: 0.0261s/iter; left time: 165.7452s
	speed: 0.0260s/iter; left time: 162.4977s
	speed: 0.0261s/iter; left time: 160.5946s
	speed: 0.0261s/iter; left time: 157.9731s
	speed: 0.0260s/iter; left time: 154.8135s
	speed: 0.0218s/iter; left time: 127.2445s
	speed: 0.0216s/iter; left time: 123.9942s
	speed: 0.0215s/iter; left time: 121.6636s
	speed: 0.0216s/iter; left time: 119.9437s
	speed: 0.0217s/iter; left time: 118.0652s
	speed: 0.0216s/iter; left time: 115.6934s
	speed: 0.0217s/iter; left time: 113.6164s
	speed: 0.0217s/iter; left time: 111.7465s
	speed: 0.0216s/iter; left time: 109.2500s
	speed: 0.0218s/iter; left time: 107.9066s
	speed: 0.0216s/iter; left time: 104.7502s
	speed: 0.0215s/iter; left time: 102.1716s
	speed: 0.0217s/iter; left time: 100.7424s
	speed: 0.0217s/iter; left time: 98.4597s
	speed: 0.0215s/iter; left time: 95.7285s
	speed: 0.0211s/iter; left time: 91.6201s
	speed: 0.0209s/iter; left time: 88.7996s
	speed: 0.0212s/iter; left time: 87.8606s
	speed: 0.0212s/iter; left time: 85.7555s
	speed: 0.0213s/iter; left time: 83.8783s
	speed: 0.0213s/iter; left time: 81.8677s
	speed: 0.0213s/iter; left time: 79.6329s
	speed: 0.0211s/iter; left time: 76.8660s
	speed: 0.0211s/iter; left time: 74.7178s
	speed: 0.0212s/iter; left time: 73.2264s
	speed: 0.0213s/iter; left time: 71.4453s
	speed: 0.0213s/iter; left time: 69.0023s
	speed: 0.0214s/iter; left time: 67.2197s
	speed: 0.0202s/iter; left time: 61.4421s
	speed: 0.0206s/iter; left time: 60.7029s
	speed: 0.0205s/iter; left time: 58.4196s
	speed: 0.0206s/iter; left time: 56.5648s
	speed: 0.0208s/iter; left time: 54.9902s
	speed: 0.0206s/iter; left time: 52.3729s
	speed: 0.0207s/iter; left time: 50.6986s
	speed: 0.0211s/iter; left time: 49.4681s
	speed: 0.0207s/iter; left time: 46.4742s
	speed: 0.0206s/iter; left time: 44.1537s
	speed: 0.0206s/iter; left time: 42.1546s
	speed: 0.0206s/iter; left time: 40.0175s
	speed: 0.0207s/iter; left time: 38.1630s
	speed: 0.0207s/iter; left time: 36.1785s
	speed: 0.0207s/iter; left time: 34.0847s
	speed: 0.0207s/iter; left time: 32.0653s
	speed: 0.0207s/iter; left time: 29.8863s
	speed: 0.0209s/iter; left time: 28.2137s
	speed: 0.0207s/iter; left time: 25.7554s
	speed: 0.0206s/iter; left time: 23.6477s
	speed: 0.0207s/iter; left time: 21.6852s
	speed: 0.0206s/iter; left time: 19.5085s
	speed: 0.0206s/iter; left time: 17.4222s
	speed: 0.0207s/iter; left time: 15.4390s
	speed: 0.0206s/iter; left time: 13.3109s
	speed: 0.0206s/iter; left time: 11.2553s
	speed: 0.0206s/iter; left time: 9.1928s
	speed: 0.0205s/iter; left time: 7.1184s
	speed: 0.0206s/iter; left time: 5.0805s
	speed: 0.0206s/iter; left time: 3.0220s
	speed: 0.0208s/iter; left time: 0.9792s
2025-11-13 19:43:02,894 - INFO - 训练完成!
2025-11-13 19:43:02,894 - INFO - 开始测试模型...
Epoch: 1, Cost time: 342.817s 
Loading checkpoint from: checkpoints2_n_heads_analysis/pcb_n_heads3_20251113_193715/pcb_cleaned_1minut_20250928_161509_checkpoint_2025-11-13_19-43-02/model.pth
Threshold : 0.33634763956069946
2025-11-13 19:46:05,381 - INFO - 测试完成!
pa_accuracy           : 0.9591
pa_precision          : 0.2684
pa_recall             : 0.5474
pa_f_score            : 0.3602
MCC_score             : 0.3649
Affiliation precision : 0.5153
Affiliation recall    : 0.8773
R_AUC_ROC             : 0.6116
R_AUC_PR              : 0.3251
VUS_ROC               : 0.6142
VUS_PR                : 0.3240
Accuracy : 0.9591, Precision : 0.2684, Recall : 0.5474, F-score : 0.3602 
Test results saved to: checkpoints2_n_heads_analysis/pcb_n_heads3_20251113_193715/pcb_cleaned_1minut_20250928_161509_checkpoint_2025-11-13_19-43-02/result.json
/home/wanting/KDD2023-DCdetector/venv/lib/python3.12/site-packages/tsfresh/__init__.py:12: UserWarning: pkg_resources is deprecated as an API. See https://setuptools.pypa.io/en/latest/pkg_resources.html. The pkg_resources package is slated for removal as early as 2025-11-30. Refrain from using this package or pin to Setuptools<81.
  import pkg_resources
2025-11-13 19:46:08,056 - INFO - 开始使用自定义数据集运行DCdetector...
2025-11-13 19:46:08,056 - INFO - 数据集: Custom
2025-11-13 19:46:08,056 - INFO - 输入特征维度: 10
2025-11-13 19:46:08,056 - INFO - 窗口大小: 30
2025-11-13 19:46:08,056 - INFO - 批次大小: 32
2025-11-13 19:46:10,318 - INFO - 开始训练模型...
[onlyNormalData=True] 训练集过滤异常数据: 408340 行 -> 391922 行 (移除 16418 个异常样本)

[PCA降维] 启用
  n_components=10
  PCA前特征维度: 31
  PCA后特征维度: 10
  解释方差比（前10个）: [0.32616914 0.16267314 0.1372184  0.11142357 0.06736721 0.04779601
 0.02843967 0.0252639  0.02060194 0.01696907]
  累积解释方差: 0.9439
  时间点数量: train=391922, val=87502, test=87502 (未改变)
[PCA降维] 完成
数据加载自: dataset/downsampleData_scratch_1minut/pcb/pcb_cleaned_1minut_20250928_161509.parquet
训练集形状: (391922, 10)
验证集形状: (87502, 10)
测试集形状: (87502, 10)
特征维度: 10
异常比例（行级）:
- 训练集: 原始 4.02% -> 现有 0.00%
- 验证集: 1.52%
- 测试集: 2.10%
[onlyNormalData=True] 训练集过滤异常数据: 408340 行 -> 391922 行 (移除 16418 个异常样本)

[PCA降维] 启用
  n_components=10
  PCA前特征维度: 31
  PCA后特征维度: 10
  解释方差比（前10个）: [0.32616914 0.16267314 0.1372184  0.11142357 0.06736721 0.04779601
 0.02843967 0.0252639  0.02060194 0.01696907]
  累积解释方差: 0.9439
  时间点数量: train=391922, val=87502, test=87502 (未改变)
[PCA降维] 完成
数据加载自: dataset/downsampleData_scratch_1minut/pcb/pcb_cleaned_1minut_20250928_161509.parquet
训练集形状: (391922, 10)
验证集形状: (87502, 10)
测试集形状: (87502, 10)
特征维度: 10
异常比例（行级）:
- 训练集: 原始 4.02% -> 现有 0.00%
- 验证集: 1.52%
- 测试集: 2.10%
[onlyNormalData=True] 训练集过滤异常数据: 408340 行 -> 391922 行 (移除 16418 个异常样本)

[PCA降维] 启用
  n_components=10
  PCA前特征维度: 31
  PCA后特征维度: 10
  解释方差比（前10个）: [0.32616914 0.16267314 0.1372184  0.11142357 0.06736721 0.04779601
 0.02843967 0.0252639  0.02060194 0.01696907]
  累积解释方差: 0.9439
  时间点数量: train=391922, val=87502, test=87502 (未改变)
[PCA降维] 完成
数据加载自: dataset/downsampleData_scratch_1minut/pcb/pcb_cleaned_1minut_20250928_161509.parquet
训练集形状: (391922, 10)
验证集形状: (87502, 10)
测试集形状: (87502, 10)
特征维度: 10
异常比例（行级）:
- 训练集: 原始 4.02% -> 现有 0.00%
- 验证集: 1.52%
- 测试集: 2.10%
[onlyNormalData=True] 训练集过滤异常数据: 408340 行 -> 391922 行 (移除 16418 个异常样本)

[PCA降维] 启用
  n_components=10
  PCA前特征维度: 31
  PCA后特征维度: 10
  解释方差比（前10个）: [0.32616914 0.16267314 0.1372184  0.11142357 0.06736721 0.04779601
 0.02843967 0.0252639  0.02060194 0.01696907]
  累积解释方差: 0.9439
  时间点数量: train=391922, val=87502, test=87502 (未改变)
[PCA降维] 完成
数据加载自: dataset/downsampleData_scratch_1minut/pcb/pcb_cleaned_1minut_20250928_161509.parquet
训练集形状: (391922, 10)
验证集形状: (87502, 10)
测试集形状: (87502, 10)
特征维度: 10
异常比例（行级）:
- 训练集: 原始 4.02% -> 现有 0.00%
- 验证集: 1.52%
- 测试集: 2.10%
	speed: 0.0336s/iter; left time: 408.6749s
	speed: 0.0287s/iter; left time: 346.2770s
	speed: 0.0286s/iter; left time: 341.7102s
	speed: 0.0289s/iter; left time: 342.7601s
	speed: 0.0284s/iter; left time: 333.8467s
	speed: 0.0266s/iter; left time: 310.0860s
	speed: 0.0267s/iter; left time: 308.4776s
	speed: 0.0269s/iter; left time: 307.4918s
	speed: 0.0268s/iter; left time: 303.7509s
	speed: 0.0269s/iter; left time: 302.0508s
	speed: 0.0281s/iter; left time: 312.8394s
	speed: 0.0291s/iter; left time: 321.2101s
	speed: 0.0314s/iter; left time: 343.8193s
	speed: 0.0327s/iter; left time: 354.6815s
	speed: 0.0327s/iter; left time: 351.0250s
	speed: 0.0325s/iter; left time: 346.4941s
	speed: 0.0327s/iter; left time: 344.7163s
	speed: 0.0326s/iter; left time: 340.2130s
	speed: 0.0327s/iter; left time: 338.0249s
	speed: 0.0327s/iter; left time: 335.0683s
	speed: 0.0327s/iter; left time: 331.5630s
	speed: 0.0326s/iter; left time: 327.5057s
	speed: 0.0327s/iter; left time: 325.2899s
	speed: 0.0329s/iter; left time: 323.9727s
	speed: 0.0326s/iter; left time: 317.8335s
	speed: 0.0327s/iter; left time: 315.2985s
	speed: 0.0327s/iter; left time: 312.0056s
	speed: 0.0327s/iter; left time: 308.8268s
	speed: 0.0327s/iter; left time: 305.7523s
	speed: 0.0327s/iter; left time: 302.1995s
	speed: 0.0327s/iter; left time: 299.0743s
	speed: 0.0327s/iter; left time: 296.1318s
	speed: 0.0327s/iter; left time: 292.6729s
	speed: 0.0327s/iter; left time: 288.9638s
	speed: 0.0327s/iter; left time: 285.6913s
	speed: 0.0327s/iter; left time: 282.9913s
	speed: 0.0328s/iter; left time: 279.9507s
	speed: 0.0326s/iter; left time: 275.1757s
	speed: 0.0326s/iter; left time: 271.7848s
	speed: 0.0329s/iter; left time: 271.0989s
	speed: 0.0329s/iter; left time: 267.8316s
	speed: 0.0327s/iter; left time: 263.4156s
	speed: 0.0326s/iter; left time: 259.3794s
	speed: 0.0328s/iter; left time: 257.7621s
	speed: 0.0328s/iter; left time: 253.7219s
	speed: 0.0328s/iter; left time: 250.5414s
	speed: 0.0327s/iter; left time: 247.0372s
	speed: 0.0328s/iter; left time: 243.9708s
	speed: 0.0326s/iter; left time: 239.6710s
	speed: 0.0326s/iter; left time: 236.3191s
	speed: 0.0327s/iter; left time: 234.0044s
	speed: 0.0328s/iter; left time: 230.9320s
	speed: 0.0327s/iter; left time: 227.3584s
	speed: 0.0329s/iter; left time: 225.2463s
	speed: 0.0328s/iter; left time: 221.0528s
	speed: 0.0327s/iter; left time: 217.1056s
	speed: 0.0328s/iter; left time: 214.4744s
	speed: 0.0327s/iter; left time: 210.5501s
	speed: 0.0326s/iter; left time: 207.0605s
	speed: 0.0328s/iter; left time: 205.0150s
	speed: 0.0329s/iter; left time: 202.3347s
	speed: 0.0328s/iter; left time: 198.4685s
	speed: 0.0329s/iter; left time: 195.6171s
	speed: 0.0326s/iter; left time: 190.6636s
	speed: 0.0328s/iter; left time: 188.4715s
	speed: 0.0327s/iter; left time: 184.8175s
	speed: 0.0328s/iter; left time: 182.1177s
	speed: 0.0326s/iter; left time: 177.7244s
	speed: 0.0328s/iter; left time: 175.2797s
	speed: 0.0311s/iter; left time: 163.3930s
	speed: 0.0285s/iter; left time: 146.8980s
	speed: 0.0282s/iter; left time: 142.0951s
	speed: 0.0285s/iter; left time: 140.9682s
	speed: 0.0283s/iter; left time: 137.1821s
	speed: 0.0282s/iter; left time: 133.9040s
	speed: 0.0284s/iter; left time: 132.1199s
	speed: 0.0285s/iter; left time: 129.6223s
	speed: 0.0283s/iter; left time: 125.9757s
	speed: 0.0286s/iter; left time: 124.1357s
	speed: 0.0282s/iter; left time: 119.7218s
	speed: 0.0279s/iter; left time: 115.8460s
	speed: 0.0282s/iter; left time: 114.2512s
	speed: 0.0283s/iter; left time: 111.6577s
	speed: 0.0280s/iter; left time: 107.8260s
	speed: 0.0284s/iter; left time: 106.3555s
	speed: 0.0279s/iter; left time: 101.8745s
	speed: 0.0280s/iter; left time: 99.4763s
	speed: 0.0287s/iter; left time: 99.0327s
	speed: 0.0282s/iter; left time: 94.2596s
	speed: 0.0283s/iter; left time: 91.7591s
	speed: 0.0282s/iter; left time: 88.7284s
	speed: 0.0282s/iter; left time: 85.7994s
	speed: 0.0278s/iter; left time: 82.0189s
	speed: 0.0291s/iter; left time: 82.7984s
	speed: 0.0282s/iter; left time: 77.5739s
	speed: 0.0281s/iter; left time: 74.2568s
	speed: 0.0284s/iter; left time: 72.4514s
	speed: 0.0287s/iter; left time: 70.2821s
	speed: 0.0290s/iter; left time: 68.0142s
	speed: 0.0288s/iter; left time: 64.6861s
	speed: 0.0290s/iter; left time: 62.2344s
	speed: 0.0289s/iter; left time: 59.1766s
	speed: 0.0293s/iter; left time: 57.0318s
	speed: 0.0286s/iter; left time: 52.8501s
	speed: 0.0287s/iter; left time: 50.1022s
	speed: 0.0286s/iter; left time: 47.1696s
	speed: 0.0289s/iter; left time: 44.7433s
	speed: 0.0289s/iter; left time: 41.8658s
	speed: 0.0288s/iter; left time: 38.7485s
	speed: 0.0286s/iter; left time: 35.6841s
	speed: 0.0285s/iter; left time: 32.7155s
	speed: 0.0284s/iter; left time: 29.7790s
	speed: 0.0287s/iter; left time: 27.1685s
	speed: 0.0289s/iter; left time: 24.4497s
	speed: 0.0284s/iter; left time: 21.2452s
	speed: 0.0291s/iter; left time: 18.8035s
	speed: 0.0284s/iter; left time: 15.5611s
	speed: 0.0285s/iter; left time: 12.7559s
	speed: 0.0286s/iter; left time: 9.9175s
	speed: 0.0287s/iter; left time: 7.0879s
	speed: 0.0285s/iter; left time: 4.1922s
	speed: 0.0288s/iter; left time: 1.3556s
2025-11-13 19:53:13,920 - INFO - 训练完成!
2025-11-13 19:53:13,920 - INFO - 开始测试模型...
Epoch: 1, Cost time: 423.578s 
Loading checkpoint from: checkpoints2_n_heads_analysis/pcb_n_heads5_20251113_194606/pcb_cleaned_1minut_20250928_161509_checkpoint_2025-11-13_19-53-13/model.pth
Threshold : 0.3357246518135071
2025-11-13 19:56:14,690 - INFO - 测试完成!
pa_accuracy           : 0.9593
pa_precision          : 0.2668
pa_recall             : 0.5354
pa_f_score            : 0.3562
MCC_score             : 0.3596
Affiliation precision : 0.5032
Affiliation recall    : 0.8586
R_AUC_ROC             : 0.6086
R_AUC_PR              : 0.3196
VUS_ROC               : 0.6097
VUS_PR                : 0.3175
Accuracy : 0.9593, Precision : 0.2668, Recall : 0.5354, F-score : 0.3562 
Test results saved to: checkpoints2_n_heads_analysis/pcb_n_heads5_20251113_194606/pcb_cleaned_1minut_20250928_161509_checkpoint_2025-11-13_19-53-13/result.json

================================================================================
Running: ring | n_heads=3
================================================================================
Command: python run_custom_dataset.py --dataset Custom --data_path dataset/downsampleData_scratch_1minut/ring/Ring_cleaned_1minut_20250928_170147.parquet --num_epochs 1 --win_size 30 --batch_size 32 --mode train --input_c 10 --output_c 10 --lr 0.0001 --anormly_ratio 3.0 --index 0 --patience 3 --patch_size 3,6,10 --n_heads 3 --d_model 256 --e_layers 3 --d_ff 512 --activation gelu --output_attention True --model_save_path checkpoints2_n_heads_analysis/ring_n_heads3_20251113_182609
================================================================================


✓ Results: Precision=0.5048, Recall=0.5772, F-score=0.5386

################################################################################
# Experiment 9/18
# Dataset: ring, n_heads: 5
################################################################################


================================================================================
Running: ring | n_heads=5
================================================================================
Command: python run_custom_dataset.py --dataset Custom --data_path dataset/downsampleData_scratch_1minut/ring/Ring_cleaned_1minut_20250928_170147.parquet --num_epochs 1 --win_size 30 --batch_size 32 --mode train --input_c 10 --output_c 10 --lr 0.0001 --anormly_ratio 3.0 --index 0 --patience 3 --patch_size 3,6,10 --n_heads 5 --d_model 256 --e_layers 3 --d_ff 512 --activation gelu --output_attention True --model_save_path checkpoints2_n_heads_analysis/ring_n_heads5_20251113_183827
================================================================================


✓ Results: Precision=0.5015, Recall=0.5854, F-score=0.5402

################################################################################
# Experiment 10/18
# Dataset: ring, n_heads: 7
################################################################################


================================================================================
Running: ring | n_heads=7
================================================================================
Command: python run_custom_dataset.py --dataset Custom --data_path dataset/downsampleData_scratch_1minut/ring/Ring_cleaned_1minut_20250928_170147.parquet --num_epochs 1 --win_size 30 --batch_size 32 --mode train --input_c 10 --output_c 10 --lr 0.0001 --anormly_ratio 3.0 --index 0 --patience 3 --patch_size 3,6,10 --n_heads 7 --d_model 256 --e_layers 3 --d_ff 512 --activation gelu --output_attention True --model_save_path checkpoints2_n_heads_analysis/ring_n_heads7_20251113_184949
================================================================================


✓ Results: Precision=0.4868, Recall=0.5620, F-score=0.5217

################################################################################
# Experiment 11/18
# Dataset: ring, n_heads: 9
################################################################################


================================================================================
Running: ring | n_heads=9
================================================================================
Command: python run_custom_dataset.py --dataset Custom --data_path dataset/downsampleData_scratch_1minut/ring/Ring_cleaned_1minut_20250928_170147.parquet --num_epochs 1 --win_size 30 --batch_size 32 --mode train --input_c 10 --output_c 10 --lr 0.0001 --anormly_ratio 3.0 --index 0 --patience 3 --patch_size 3,6,10 --n_heads 9 --d_model 256 --e_layers 3 --d_ff 512 --activation gelu --output_attention True --model_save_path checkpoints2_n_heads_analysis/ring_n_heads9_20251113_190323
================================================================================


✓ Results: Precision=0.4923, Recall=0.5481, F-score=0.5187

################################################################################
# Experiment 12/18
# Dataset: ring, n_heads: 11
################################################################################


================================================================================
Running: ring | n_heads=11
================================================================================
Command: python run_custom_dataset.py --dataset Custom --data_path dataset/downsampleData_scratch_1minut/ring/Ring_cleaned_1minut_20250928_170147.parquet --num_epochs 1 --win_size 30 --batch_size 32 --mode train --input_c 10 --output_c 10 --lr 0.0001 --anormly_ratio 3.0 --index 0 --patience 3 --patch_size 3,6,10 --n_heads 11 --d_model 256 --e_layers 3 --d_ff 512 --activation gelu --output_attention True --model_save_path checkpoints2_n_heads_analysis/ring_n_heads11_20251113_191556
================================================================================


✓ Results: Precision=0.4898, Recall=0.5538, F-score=0.5198

################################################################################
# Experiment 13/18
# Dataset: pcb, n_heads: 1
################################################################################


================================================================================
Running: pcb | n_heads=1
================================================================================
Command: python run_custom_dataset.py --dataset Custom --data_path dataset/downsampleData_scratch_1minut/pcb/pcb_cleaned_1minut_20250928_161509.parquet --num_epochs 1 --win_size 30 --batch_size 32 --mode train --input_c 10 --output_c 10 --lr 0.0001 --anormly_ratio 3.0 --index 0 --patience 3 --patch_size 3,6,10 --n_heads 1 --d_model 256 --e_layers 3 --d_ff 512 --activation gelu --output_attention True --model_save_path checkpoints2_n_heads_analysis/pcb_n_heads1_20251113_192810
================================================================================


✓ Results: Precision=0.2601, Recall=0.5180, F-score=0.3463

################################################################################
# Experiment 14/18
# Dataset: pcb, n_heads: 3
################################################################################


================================================================================
Running: pcb | n_heads=3
================================================================================
Command: python run_custom_dataset.py --dataset Custom --data_path dataset/downsampleData_scratch_1minut/pcb/pcb_cleaned_1minut_20250928_161509.parquet --num_epochs 1 --win_size 30 --batch_size 32 --mode train --input_c 10 --output_c 10 --lr 0.0001 --anormly_ratio 3.0 --index 0 --patience 3 --patch_size 3,6,10 --n_heads 3 --d_model 256 --e_layers 3 --d_ff 512 --activation gelu --output_attention True --model_save_path checkpoints2_n_heads_analysis/pcb_n_heads3_20251113_193715
================================================================================


✓ Results: Precision=0.2684, Recall=0.5474, F-score=0.3602

################################################################################
# Experiment 15/18
# Dataset: pcb, n_heads: 5
################################################################################


================================================================================
Running: pcb | n_heads=5
================================================================================
Command: python run_custom_dataset.py --dataset Custom --data_path dataset/downsampleData_scratch_1minut/pcb/pcb_cleaned_1minut_20250928_161509.parquet --num_epochs 1 --win_size 30 --batch_size 32 --mode train --input_c 10 --output_c 10 --lr 0.0001 --anormly_ratio 3.0 --index 0 --patience 3 --patch_size 3,6,10 --n_heads 5 --d_model 256 --e_layers 3 --d_ff 512 --activation gelu --output_attention True --model_save_path checkpoints2_n_heads_analysis/pcb_n_heads5_20251113_194606
================================================================================


✓ Results: Precision=0.2668, Recall=0.5354, F-score=0.3562

################################################################################
# Experiment 16/18
# Dataset: pcb, n_heads: 7
/home/wanting/KDD2023-DCdetector/venv/lib/python3.12/site-packages/tsfresh/__init__.py:12: UserWarning: pkg_resources is deprecated as an API. See https://setuptools.pypa.io/en/latest/pkg_resources.html. The pkg_resources package is slated for removal as early as 2025-11-30. Refrain from using this package or pin to Setuptools<81.
  import pkg_resources
2025-11-13 19:56:17,279 - INFO - 开始使用自定义数据集运行DCdetector...
2025-11-13 19:56:17,279 - INFO - 数据集: Custom
2025-11-13 19:56:17,279 - INFO - 输入特征维度: 10
2025-11-13 19:56:17,279 - INFO - 窗口大小: 30
2025-11-13 19:56:17,279 - INFO - 批次大小: 32
2025-11-13 19:56:19,612 - INFO - 开始训练模型...
[onlyNormalData=True] 训练集过滤异常数据: 408340 行 -> 391922 行 (移除 16418 个异常样本)

[PCA降维] 启用
  n_components=10
  PCA前特征维度: 31
  PCA后特征维度: 10
  解释方差比（前10个）: [0.32616914 0.16267314 0.1372184  0.11142357 0.06736721 0.04779601
 0.02843967 0.0252639  0.02060194 0.01696907]
  累积解释方差: 0.9439
  时间点数量: train=391922, val=87502, test=87502 (未改变)
[PCA降维] 完成
数据加载自: dataset/downsampleData_scratch_1minut/pcb/pcb_cleaned_1minut_20250928_161509.parquet
训练集形状: (391922, 10)
验证集形状: (87502, 10)
测试集形状: (87502, 10)
特征维度: 10
异常比例（行级）:
- 训练集: 原始 4.02% -> 现有 0.00%
- 验证集: 1.52%
- 测试集: 2.10%
[onlyNormalData=True] 训练集过滤异常数据: 408340 行 -> 391922 行 (移除 16418 个异常样本)

[PCA降维] 启用
  n_components=10
  PCA前特征维度: 31
  PCA后特征维度: 10
  解释方差比（前10个）: [0.32616914 0.16267314 0.1372184  0.11142357 0.06736721 0.04779601
 0.02843967 0.0252639  0.02060194 0.01696907]
  累积解释方差: 0.9439
  时间点数量: train=391922, val=87502, test=87502 (未改变)
[PCA降维] 完成
数据加载自: dataset/downsampleData_scratch_1minut/pcb/pcb_cleaned_1minut_20250928_161509.parquet
训练集形状: (391922, 10)
验证集形状: (87502, 10)
测试集形状: (87502, 10)
特征维度: 10
异常比例（行级）:
- 训练集: 原始 4.02% -> 现有 0.00%
- 验证集: 1.52%
- 测试集: 2.10%
[onlyNormalData=True] 训练集过滤异常数据: 408340 行 -> 391922 行 (移除 16418 个异常样本)

[PCA降维] 启用
  n_components=10
  PCA前特征维度: 31
  PCA后特征维度: 10
  解释方差比（前10个）: [0.32616914 0.16267314 0.1372184  0.11142357 0.06736721 0.04779601
 0.02843967 0.0252639  0.02060194 0.01696907]
  累积解释方差: 0.9439
  时间点数量: train=391922, val=87502, test=87502 (未改变)
[PCA降维] 完成
数据加载自: dataset/downsampleData_scratch_1minut/pcb/pcb_cleaned_1minut_20250928_161509.parquet
训练集形状: (391922, 10)
验证集形状: (87502, 10)
测试集形状: (87502, 10)
特征维度: 10
异常比例（行级）:
- 训练集: 原始 4.02% -> 现有 0.00%
- 验证集: 1.52%
- 测试集: 2.10%
[onlyNormalData=True] 训练集过滤异常数据: 408340 行 -> 391922 行 (移除 16418 个异常样本)

[PCA降维] 启用
  n_components=10
  PCA前特征维度: 31
  PCA后特征维度: 10
  解释方差比（前10个）: [0.32616914 0.16267314 0.1372184  0.11142357 0.06736721 0.04779601
 0.02843967 0.0252639  0.02060194 0.01696907]
  累积解释方差: 0.9439
  时间点数量: train=391922, val=87502, test=87502 (未改变)
[PCA降维] 完成
数据加载自: dataset/downsampleData_scratch_1minut/pcb/pcb_cleaned_1minut_20250928_161509.parquet
训练集形状: (391922, 10)
验证集形状: (87502, 10)
测试集形状: (87502, 10)
特征维度: 10
异常比例（行级）:
- 训练集: 原始 4.02% -> 现有 0.00%
- 验证集: 1.52%
- 测试集: 2.10%
	speed: 0.0302s/iter; left time: 366.2701s
	speed: 0.0249s/iter; left time: 300.1041s
	speed: 0.0251s/iter; left time: 300.4039s
	speed: 0.0242s/iter; left time: 287.0763s
	speed: 0.0235s/iter; left time: 276.2838s
	speed: 0.0233s/iter; left time: 271.6883s
	speed: 0.0233s/iter; left time: 269.1329s
	speed: 0.0233s/iter; left time: 267.0956s
	speed: 0.0233s/iter; left time: 264.7774s
	speed: 0.0237s/iter; left time: 266.8795s
	speed: 0.0239s/iter; left time: 266.7387s
	speed: 0.0271s/iter; left time: 298.9547s
	speed: 0.0292s/iter; left time: 319.1822s
	speed: 0.0292s/iter; left time: 316.8610s
	speed: 0.0292s/iter; left time: 313.3987s
	speed: 0.0292s/iter; left time: 310.5643s
	speed: 0.0295s/iter; left time: 310.8461s
	speed: 0.0292s/iter; left time: 304.8141s
	speed: 0.0293s/iter; left time: 302.6797s
	speed: 0.0294s/iter; left time: 300.9040s
	speed: 0.0292s/iter; left time: 296.7492s
	speed: 0.0292s/iter; left time: 292.9367s
	speed: 0.0291s/iter; left time: 289.8013s
	speed: 0.0293s/iter; left time: 288.0969s
	speed: 0.0292s/iter; left time: 284.2594s
	speed: 0.0293s/iter; left time: 282.4619s
	speed: 0.0292s/iter; left time: 278.6573s
	speed: 0.0293s/iter; left time: 276.7605s
	speed: 0.0293s/iter; left time: 273.6426s
	speed: 0.0291s/iter; left time: 269.1346s
	speed: 0.0288s/iter; left time: 263.4218s
	speed: 0.0269s/iter; left time: 243.0003s
	speed: 0.0256s/iter; left time: 228.7737s
	speed: 0.0257s/iter; left time: 227.2627s
	speed: 0.0256s/iter; left time: 223.9022s
	speed: 0.0256s/iter; left time: 220.9552s
	speed: 0.0256s/iter; left time: 218.5021s
	speed: 0.0256s/iter; left time: 216.2898s
	speed: 0.0255s/iter; left time: 213.2612s
	speed: 0.0256s/iter; left time: 210.7553s
	speed: 0.0256s/iter; left time: 208.2604s
	speed: 0.0256s/iter; left time: 205.6236s
	speed: 0.0256s/iter; left time: 203.1578s
	speed: 0.0256s/iter; left time: 200.8663s
	speed: 0.0255s/iter; left time: 197.8008s
	speed: 0.0256s/iter; left time: 195.4997s
	speed: 0.0256s/iter; left time: 192.9292s
	speed: 0.0255s/iter; left time: 190.2665s
	speed: 0.0256s/iter; left time: 187.8655s
	speed: 0.0256s/iter; left time: 185.2314s
	speed: 0.0256s/iter; left time: 182.6750s
	speed: 0.0256s/iter; left time: 180.0581s
	speed: 0.0256s/iter; left time: 177.6226s
	speed: 0.0256s/iter; left time: 175.1194s
	speed: 0.0256s/iter; left time: 172.5025s
	speed: 0.0256s/iter; left time: 169.8461s
	speed: 0.0256s/iter; left time: 167.3620s
	speed: 0.0256s/iter; left time: 164.8657s
	speed: 0.0256s/iter; left time: 162.3131s
	speed: 0.0256s/iter; left time: 159.7039s
	speed: 0.0256s/iter; left time: 157.2410s
	speed: 0.0256s/iter; left time: 154.5282s
	speed: 0.0256s/iter; left time: 152.1027s
	speed: 0.0256s/iter; left time: 149.4463s
	speed: 0.0256s/iter; left time: 147.0999s
	speed: 0.0256s/iter; left time: 144.5209s
	speed: 0.0256s/iter; left time: 141.9103s
	speed: 0.0256s/iter; left time: 139.2998s
	speed: 0.0256s/iter; left time: 136.8222s
	speed: 0.0256s/iter; left time: 134.2430s
	speed: 0.0256s/iter; left time: 131.6502s
	speed: 0.0256s/iter; left time: 129.1229s
	speed: 0.0256s/iter; left time: 126.5578s
	speed: 0.0256s/iter; left time: 123.9762s
	speed: 0.0256s/iter; left time: 121.4820s
	speed: 0.0256s/iter; left time: 118.8405s
	speed: 0.0256s/iter; left time: 116.3047s
	speed: 0.0256s/iter; left time: 113.7971s
	speed: 0.0256s/iter; left time: 111.2089s
	speed: 0.0256s/iter; left time: 108.7124s
	speed: 0.0256s/iter; left time: 106.1363s
	speed: 0.0229s/iter; left time: 92.5336s
	speed: 0.0198s/iter; left time: 78.2629s
	speed: 0.0199s/iter; left time: 76.5667s
	speed: 0.0197s/iter; left time: 73.8891s
	speed: 0.0198s/iter; left time: 72.1732s
	speed: 0.0197s/iter; left time: 69.8504s
	speed: 0.0197s/iter; left time: 67.8696s
	speed: 0.0197s/iter; left time: 65.8861s
	speed: 0.0199s/iter; left time: 64.4942s
	speed: 0.0197s/iter; left time: 61.9488s
	speed: 0.0197s/iter; left time: 59.9385s
	speed: 0.0198s/iter; left time: 58.3458s
	speed: 0.0201s/iter; left time: 57.2432s
	speed: 0.0197s/iter; left time: 54.0599s
	speed: 0.0197s/iter; left time: 52.0858s
	speed: 0.0197s/iter; left time: 50.0595s
	speed: 0.0197s/iter; left time: 48.1610s
	speed: 0.0198s/iter; left time: 46.4859s
	speed: 0.0197s/iter; left time: 44.2164s
	speed: 0.0197s/iter; left time: 42.2784s
	speed: 0.0198s/iter; left time: 40.4938s
	speed: 0.0197s/iter; left time: 38.3494s
	speed: 0.0197s/iter; left time: 36.3533s
	speed: 0.0201s/iter; left time: 35.1560s
	speed: 0.0205s/iter; left time: 33.7447s
	speed: 0.0200s/iter; left time: 30.9652s
	speed: 0.0199s/iter; left time: 28.8558s
	speed: 0.0196s/iter; left time: 26.4135s
	speed: 0.0196s/iter; left time: 24.4245s
	speed: 0.0195s/iter; left time: 22.3163s
	speed: 0.0195s/iter; left time: 20.4094s
	speed: 0.0196s/iter; left time: 18.5162s
	speed: 0.0195s/iter; left time: 16.5127s
	speed: 0.0194s/iter; left time: 14.4762s
	speed: 0.0194s/iter; left time: 12.5732s
	speed: 0.0195s/iter; left time: 10.6496s
	speed: 0.0194s/iter; left time: 8.6890s
	speed: 0.0194s/iter; left time: 6.7376s
	speed: 0.0195s/iter; left time: 4.8246s
	speed: 0.0195s/iter; left time: 2.8605s
	speed: 0.0195s/iter; left time: 0.9178s
2025-11-13 20:01:49,139 - INFO - 训练完成!
2025-11-13 20:01:49,139 - INFO - 开始测试模型...
Epoch: 1, Cost time: 329.504s 
Loading checkpoint from: checkpoints2_n_heads_analysis/pcb_n_heads7_20251113_195615/pcb_cleaned_1minut_20250928_161509_checkpoint_2025-11-13_20-01-49/model.pth
Threshold : 0.33642628371715544
2025-11-13 20:04:02,651 - INFO - 测试完成!
pa_accuracy           : 0.9612
pa_precision          : 0.2811
pa_recall             : 0.5419
pa_f_score            : 0.3702
MCC_score             : 0.3726
Affiliation precision : 0.5169
Affiliation recall    : 0.8600
R_AUC_ROC             : 0.6079
R_AUC_PR              : 0.3246
VUS_ROC               : 0.6096
VUS_PR                : 0.3232
Accuracy : 0.9612, Precision : 0.2811, Recall : 0.5419, F-score : 0.3702 
Test results saved to: checkpoints2_n_heads_analysis/pcb_n_heads7_20251113_195615/pcb_cleaned_1minut_20250928_161509_checkpoint_2025-11-13_20-01-49/result.json
/home/wanting/KDD2023-DCdetector/venv/lib/python3.12/site-packages/tsfresh/__init__.py:12: UserWarning: pkg_resources is deprecated as an API. See https://setuptools.pypa.io/en/latest/pkg_resources.html. The pkg_resources package is slated for removal as early as 2025-11-30. Refrain from using this package or pin to Setuptools<81.
  import pkg_resources
2025-11-13 20:04:05,170 - INFO - 开始使用自定义数据集运行DCdetector...
2025-11-13 20:04:05,170 - INFO - 数据集: Custom
2025-11-13 20:04:05,170 - INFO - 输入特征维度: 10
2025-11-13 20:04:05,170 - INFO - 窗口大小: 30
2025-11-13 20:04:05,170 - INFO - 批次大小: 32
2025-11-13 20:04:07,610 - INFO - 开始训练模型...
[onlyNormalData=True] 训练集过滤异常数据: 408340 行 -> 391922 行 (移除 16418 个异常样本)

[PCA降维] 启用
  n_components=10
  PCA前特征维度: 31
  PCA后特征维度: 10
  解释方差比（前10个）: [0.32616914 0.16267314 0.1372184  0.11142357 0.06736721 0.04779601
 0.02843967 0.0252639  0.02060194 0.01696907]
  累积解释方差: 0.9439
  时间点数量: train=391922, val=87502, test=87502 (未改变)
[PCA降维] 完成
数据加载自: dataset/downsampleData_scratch_1minut/pcb/pcb_cleaned_1minut_20250928_161509.parquet
训练集形状: (391922, 10)
验证集形状: (87502, 10)
测试集形状: (87502, 10)
特征维度: 10
异常比例（行级）:
- 训练集: 原始 4.02% -> 现有 0.00%
- 验证集: 1.52%
- 测试集: 2.10%
[onlyNormalData=True] 训练集过滤异常数据: 408340 行 -> 391922 行 (移除 16418 个异常样本)

[PCA降维] 启用
  n_components=10
  PCA前特征维度: 31
  PCA后特征维度: 10
  解释方差比（前10个）: [0.32616914 0.16267314 0.1372184  0.11142357 0.06736721 0.04779601
 0.02843967 0.0252639  0.02060194 0.01696907]
  累积解释方差: 0.9439
  时间点数量: train=391922, val=87502, test=87502 (未改变)
[PCA降维] 完成
数据加载自: dataset/downsampleData_scratch_1minut/pcb/pcb_cleaned_1minut_20250928_161509.parquet
训练集形状: (391922, 10)
验证集形状: (87502, 10)
测试集形状: (87502, 10)
特征维度: 10
异常比例（行级）:
- 训练集: 原始 4.02% -> 现有 0.00%
- 验证集: 1.52%
- 测试集: 2.10%
[onlyNormalData=True] 训练集过滤异常数据: 408340 行 -> 391922 行 (移除 16418 个异常样本)

[PCA降维] 启用
  n_components=10
  PCA前特征维度: 31
  PCA后特征维度: 10
  解释方差比（前10个）: [0.32616914 0.16267314 0.1372184  0.11142357 0.06736721 0.04779601
 0.02843967 0.0252639  0.02060194 0.01696907]
  累积解释方差: 0.9439
  时间点数量: train=391922, val=87502, test=87502 (未改变)
[PCA降维] 完成
数据加载自: dataset/downsampleData_scratch_1minut/pcb/pcb_cleaned_1minut_20250928_161509.parquet
训练集形状: (391922, 10)
验证集形状: (87502, 10)
测试集形状: (87502, 10)
特征维度: 10
异常比例（行级）:
- 训练集: 原始 4.02% -> 现有 0.00%
- 验证集: 1.52%
- 测试集: 2.10%
[onlyNormalData=True] 训练集过滤异常数据: 408340 行 -> 391922 行 (移除 16418 个异常样本)

[PCA降维] 启用
  n_components=10
  PCA前特征维度: 31
  PCA后特征维度: 10
  解释方差比（前10个）: [0.32616914 0.16267314 0.1372184  0.11142357 0.06736721 0.04779601
 0.02843967 0.0252639  0.02060194 0.01696907]
  累积解释方差: 0.9439
  时间点数量: train=391922, val=87502, test=87502 (未改变)
[PCA降维] 完成
数据加载自: dataset/downsampleData_scratch_1minut/pcb/pcb_cleaned_1minut_20250928_161509.parquet
训练集形状: (391922, 10)
验证集形状: (87502, 10)
测试集形状: (87502, 10)
特征维度: 10
异常比例（行级）:
- 训练集: 原始 4.02% -> 现有 0.00%
- 验证集: 1.52%
- 测试集: 2.10%
	speed: 0.0258s/iter; left time: 313.2502s
	speed: 0.0218s/iter; left time: 262.3316s
	speed: 0.0215s/iter; left time: 256.9464s
	speed: 0.0216s/iter; left time: 255.3768s
	speed: 0.0213s/iter; left time: 250.3778s
	speed: 0.0215s/iter; left time: 250.8125s
	speed: 0.0233s/iter; left time: 268.8937s
	speed: 0.0225s/iter; left time: 257.8718s
	speed: 0.0248s/iter; left time: 281.2100s
	speed: 0.0283s/iter; left time: 318.5544s
	speed: 0.0284s/iter; left time: 317.0452s
	speed: 0.0285s/iter; left time: 314.5241s
	speed: 0.0285s/iter; left time: 311.5099s
	speed: 0.0284s/iter; left time: 308.5028s
	speed: 0.0285s/iter; left time: 305.8348s
	speed: 0.0284s/iter; left time: 302.8426s
	speed: 0.0285s/iter; left time: 300.1504s
	speed: 0.0285s/iter; left time: 297.3969s
	speed: 0.0285s/iter; left time: 294.6347s
	speed: 0.0285s/iter; left time: 291.7192s
	speed: 0.0285s/iter; left time: 289.0251s
	speed: 0.0285s/iter; left time: 286.0506s
	speed: 0.0285s/iter; left time: 283.1833s
	speed: 0.0285s/iter; left time: 280.4429s
	speed: 0.0285s/iter; left time: 277.4212s
	speed: 0.0285s/iter; left time: 274.8666s
	speed: 0.0285s/iter; left time: 271.8786s
	speed: 0.0285s/iter; left time: 269.3009s
	speed: 0.0285s/iter; left time: 266.5136s
	speed: 0.0285s/iter; left time: 263.4988s
	speed: 0.0284s/iter; left time: 259.5479s
	speed: 0.0285s/iter; left time: 257.8410s
	speed: 0.0285s/iter; left time: 254.9823s
	speed: 0.0285s/iter; left time: 251.8661s
	speed: 0.0285s/iter; left time: 249.3326s
	speed: 0.0285s/iter; left time: 246.7729s
	speed: 0.0285s/iter; left time: 243.7729s
	speed: 0.0285s/iter; left time: 241.0114s
	speed: 0.0284s/iter; left time: 237.1546s
	speed: 0.0284s/iter; left time: 234.1382s
	speed: 0.0285s/iter; left time: 232.1814s
	speed: 0.0284s/iter; left time: 228.2557s
	speed: 0.0285s/iter; left time: 226.7898s
	speed: 0.0285s/iter; left time: 223.9187s
	speed: 0.0285s/iter; left time: 220.8765s
	speed: 0.0285s/iter; left time: 218.1684s
	speed: 0.0285s/iter; left time: 215.2286s
	speed: 0.0284s/iter; left time: 211.6742s
	speed: 0.0285s/iter; left time: 209.6359s
	speed: 0.0285s/iter; left time: 206.8616s
	speed: 0.0285s/iter; left time: 203.9875s
	speed: 0.0285s/iter; left time: 200.9098s
	speed: 0.0286s/iter; left time: 198.3472s
	speed: 0.0285s/iter; left time: 195.3760s
	speed: 0.0285s/iter; left time: 192.6248s
	speed: 0.0285s/iter; left time: 189.7414s
	speed: 0.0285s/iter; left time: 186.8214s
	speed: 0.0285s/iter; left time: 183.8409s
	speed: 0.0285s/iter; left time: 181.1646s
	speed: 0.0285s/iter; left time: 178.2390s
	speed: 0.0284s/iter; left time: 174.6638s
	speed: 0.0285s/iter; left time: 172.5536s
	speed: 0.0285s/iter; left time: 169.7354s
	speed: 0.0286s/iter; left time: 166.9388s
	speed: 0.0286s/iter; left time: 164.1485s
	speed: 0.0285s/iter; left time: 161.1899s
	speed: 0.0285s/iter; left time: 158.2888s
	speed: 0.0285s/iter; left time: 155.4768s
	speed: 0.0285s/iter; left time: 152.5313s
	speed: 0.0286s/iter; left time: 149.9074s
	speed: 0.0285s/iter; left time: 146.9272s
	speed: 0.0286s/iter; left time: 144.1696s
	speed: 0.0286s/iter; left time: 141.2957s
	speed: 0.0286s/iter; left time: 138.4890s
	speed: 0.0286s/iter; left time: 135.6401s
	speed: 0.0286s/iter; left time: 132.7203s
	speed: 0.0284s/iter; left time: 129.1275s
	speed: 0.0285s/iter; left time: 126.9475s
	speed: 0.0286s/iter; left time: 124.2050s
	speed: 0.0285s/iter; left time: 121.2415s
	speed: 0.0286s/iter; left time: 118.4167s
	speed: 0.0285s/iter; left time: 115.4719s
	speed: 0.0284s/iter; left time: 112.1735s
	speed: 0.0284s/iter; left time: 109.4012s
	speed: 0.0286s/iter; left time: 106.9930s
	speed: 0.0285s/iter; left time: 104.1066s
	speed: 0.0284s/iter; left time: 100.9031s
	speed: 0.0284s/iter; left time: 97.9212s
	speed: 0.0286s/iter; left time: 95.5755s
	speed: 0.0285s/iter; left time: 92.6365s
	speed: 0.0284s/iter; left time: 89.4627s
	speed: 0.0286s/iter; left time: 87.0024s
	speed: 0.0286s/iter; left time: 84.1561s
	speed: 0.0285s/iter; left time: 80.9974s
	speed: 0.0284s/iter; left time: 78.0842s
	speed: 0.0252s/iter; left time: 66.8004s
	speed: 0.0212s/iter; left time: 53.9001s
	speed: 0.0210s/iter; left time: 51.4815s
	speed: 0.0210s/iter; left time: 49.2171s
	speed: 0.0210s/iter; left time: 47.1214s
	speed: 0.0210s/iter; left time: 44.9960s
	speed: 0.0211s/iter; left time: 43.2669s
	speed: 0.0213s/iter; left time: 41.4643s
	speed: 0.0213s/iter; left time: 39.3703s
	speed: 0.0214s/iter; left time: 37.3084s
	speed: 0.0213s/iter; left time: 35.1046s
	speed: 0.0210s/iter; left time: 32.4555s
	speed: 0.0210s/iter; left time: 30.3506s
	speed: 0.0210s/iter; left time: 28.2426s
	speed: 0.0210s/iter; left time: 26.1267s
	speed: 0.0210s/iter; left time: 24.0315s
	speed: 0.0210s/iter; left time: 21.9550s
	speed: 0.0210s/iter; left time: 19.8484s
	speed: 0.0210s/iter; left time: 17.7507s
	speed: 0.0213s/iter; left time: 15.9229s
	speed: 0.0212s/iter; left time: 13.7162s
	speed: 0.0213s/iter; left time: 11.6563s
	speed: 0.0213s/iter; left time: 9.5113s
	speed: 0.0213s/iter; left time: 7.3922s
	speed: 0.0215s/iter; left time: 5.3133s
	speed: 0.0211s/iter; left time: 3.1015s
	speed: 0.0210s/iter; left time: 0.9855s
2025-11-13 20:10:08,399 - INFO - 训练完成!
2025-11-13 20:10:08,399 - INFO - 开始测试模型...
Epoch: 1, Cost time: 360.766s 
Loading checkpoint from: checkpoints2_n_heads_analysis/pcb_n_heads9_20251113_200403/pcb_cleaned_1minut_20250928_161509_checkpoint_2025-11-13_20-10-08/model.pth
Threshold : 0.33592459559440613
2025-11-13 20:12:22,410 - INFO - 测试完成!
pa_accuracy           : 0.9613
pa_precision          : 0.2820
pa_recall             : 0.5441
pa_f_score            : 0.3715
MCC_score             : 0.3741
Affiliation precision : 0.5081
Affiliation recall    : 0.8627
R_AUC_ROC             : 0.6093
R_AUC_PR              : 0.3260
VUS_ROC               : 0.6108
VUS_PR                : 0.3242
Accuracy : 0.9613, Precision : 0.2820, Recall : 0.5441, F-score : 0.3715 
Test results saved to: checkpoints2_n_heads_analysis/pcb_n_heads9_20251113_200403/pcb_cleaned_1minut_20250928_161509_checkpoint_2025-11-13_20-10-08/result.json
/home/wanting/KDD2023-DCdetector/venv/lib/python3.12/site-packages/tsfresh/__init__.py:12: UserWarning: pkg_resources is deprecated as an API. See https://setuptools.pypa.io/en/latest/pkg_resources.html. The pkg_resources package is slated for removal as early as 2025-11-30. Refrain from using this package or pin to Setuptools<81.
  import pkg_resources
2025-11-13 20:12:24,909 - INFO - 开始使用自定义数据集运行DCdetector...
2025-11-13 20:12:24,909 - INFO - 数据集: Custom
2025-11-13 20:12:24,909 - INFO - 输入特征维度: 10
2025-11-13 20:12:24,909 - INFO - 窗口大小: 30
2025-11-13 20:12:24,909 - INFO - 批次大小: 32
2025-11-13 20:12:27,123 - INFO - 开始训练模型...
[onlyNormalData=True] 训练集过滤异常数据: 408340 行 -> 391922 行 (移除 16418 个异常样本)

[PCA降维] 启用
  n_components=10
  PCA前特征维度: 31
  PCA后特征维度: 10
  解释方差比（前10个）: [0.32616914 0.16267314 0.1372184  0.11142357 0.06736721 0.04779601
 0.02843967 0.0252639  0.02060194 0.01696907]
  累积解释方差: 0.9439
  时间点数量: train=391922, val=87502, test=87502 (未改变)
[PCA降维] 完成
数据加载自: dataset/downsampleData_scratch_1minut/pcb/pcb_cleaned_1minut_20250928_161509.parquet
训练集形状: (391922, 10)
验证集形状: (87502, 10)
测试集形状: (87502, 10)
特征维度: 10
异常比例（行级）:
- 训练集: 原始 4.02% -> 现有 0.00%
- 验证集: 1.52%
- 测试集: 2.10%
[onlyNormalData=True] 训练集过滤异常数据: 408340 行 -> 391922 行 (移除 16418 个异常样本)

[PCA降维] 启用
  n_components=10
  PCA前特征维度: 31
  PCA后特征维度: 10
  解释方差比（前10个）: [0.32616914 0.16267314 0.1372184  0.11142357 0.06736721 0.04779601
 0.02843967 0.0252639  0.02060194 0.01696907]
  累积解释方差: 0.9439
  时间点数量: train=391922, val=87502, test=87502 (未改变)
[PCA降维] 完成
数据加载自: dataset/downsampleData_scratch_1minut/pcb/pcb_cleaned_1minut_20250928_161509.parquet
训练集形状: (391922, 10)
验证集形状: (87502, 10)
测试集形状: (87502, 10)
特征维度: 10
异常比例（行级）:
- 训练集: 原始 4.02% -> 现有 0.00%
- 验证集: 1.52%
- 测试集: 2.10%
[onlyNormalData=True] 训练集过滤异常数据: 408340 行 -> 391922 行 (移除 16418 个异常样本)

[PCA降维] 启用
  n_components=10
  PCA前特征维度: 31
  PCA后特征维度: 10
  解释方差比（前10个）: [0.32616914 0.16267314 0.1372184  0.11142357 0.06736721 0.04779601
 0.02843967 0.0252639  0.02060194 0.01696907]
  累积解释方差: 0.9439
  时间点数量: train=391922, val=87502, test=87502 (未改变)
[PCA降维] 完成
数据加载自: dataset/downsampleData_scratch_1minut/pcb/pcb_cleaned_1minut_20250928_161509.parquet
训练集形状: (391922, 10)
验证集形状: (87502, 10)
测试集形状: (87502, 10)
特征维度: 10
异常比例（行级）:
- 训练集: 原始 4.02% -> 现有 0.00%
- 验证集: 1.52%
- 测试集: 2.10%
[onlyNormalData=True] 训练集过滤异常数据: 408340 行 -> 391922 行 (移除 16418 个异常样本)

[PCA降维] 启用
  n_components=10
  PCA前特征维度: 31
  PCA后特征维度: 10
  解释方差比（前10个）: [0.32616914 0.16267314 0.1372184  0.11142357 0.06736721 0.04779601
 0.02843967 0.0252639  0.02060194 0.01696907]
  累积解释方差: 0.9439
  时间点数量: train=391922, val=87502, test=87502 (未改变)
[PCA降维] 完成
数据加载自: dataset/downsampleData_scratch_1minut/pcb/pcb_cleaned_1minut_20250928_161509.parquet
训练集形状: (391922, 10)
验证集形状: (87502, 10)
测试集形状: (87502, 10)
特征维度: 10
异常比例（行级）:
- 训练集: 原始 4.02% -> 现有 0.00%
- 验证集: 1.52%
- 测试集: 2.10%
	speed: 0.0293s/iter; left time: 356.0324s
	speed: 0.0246s/iter; left time: 296.7810s
	speed: 0.0247s/iter; left time: 294.5294s
	speed: 0.0246s/iter; left time: 291.7879s
	speed: 0.0247s/iter; left time: 290.3468s
	speed: 0.0247s/iter; left time: 287.5391s
	speed: 0.0247s/iter; left time: 284.9898s
	speed: 0.0247s/iter; left time: 282.4031s
	speed: 0.0247s/iter; left time: 279.9916s
	speed: 0.0247s/iter; left time: 277.5122s
	speed: 0.0247s/iter; left time: 275.1744s
	speed: 0.0247s/iter; left time: 272.8148s
	speed: 0.0247s/iter; left time: 270.3209s
	speed: 0.0247s/iter; left time: 267.8555s
	speed: 0.0247s/iter; left time: 265.2548s
	speed: 0.0247s/iter; left time: 262.9930s
	speed: 0.0247s/iter; left time: 260.4792s
	speed: 0.0247s/iter; left time: 257.8360s
	speed: 0.0247s/iter; left time: 255.6066s
	speed: 0.0247s/iter; left time: 252.9987s
	speed: 0.0247s/iter; left time: 250.5224s
	speed: 0.0247s/iter; left time: 248.0599s
	speed: 0.0247s/iter; left time: 245.8183s
	speed: 0.0247s/iter; left time: 243.0118s
	speed: 0.0247s/iter; left time: 240.5949s
	speed: 0.0247s/iter; left time: 238.2265s
	speed: 0.0247s/iter; left time: 235.4809s
	speed: 0.0247s/iter; left time: 233.0993s
	speed: 0.0247s/iter; left time: 230.5233s
	speed: 0.0247s/iter; left time: 228.0541s
	speed: 0.0247s/iter; left time: 225.7338s
	speed: 0.0247s/iter; left time: 223.0434s
	speed: 0.0247s/iter; left time: 220.6635s
	speed: 0.0247s/iter; left time: 218.2298s
	speed: 0.0247s/iter; left time: 215.7657s
	speed: 0.0247s/iter; left time: 213.2403s
	speed: 0.0247s/iter; left time: 210.8546s
	speed: 0.0247s/iter; left time: 208.4618s
	speed: 0.0247s/iter; left time: 206.0035s
	speed: 0.0247s/iter; left time: 203.4094s
	speed: 0.0247s/iter; left time: 201.0664s
	speed: 0.0247s/iter; left time: 198.4796s
	speed: 0.0247s/iter; left time: 196.0199s
	speed: 0.0247s/iter; left time: 193.5844s
	speed: 0.0247s/iter; left time: 190.9782s
	speed: 0.0247s/iter; left time: 188.5782s
	speed: 0.0247s/iter; left time: 186.2169s
	speed: 0.0247s/iter; left time: 183.6838s
	speed: 0.0247s/iter; left time: 181.2891s
	speed: 0.0247s/iter; left time: 178.7824s
	speed: 0.0247s/iter; left time: 176.2526s
	speed: 0.0247s/iter; left time: 173.8671s
	speed: 0.0247s/iter; left time: 171.4802s
	speed: 0.0247s/iter; left time: 168.9112s
	speed: 0.0247s/iter; left time: 166.4045s
	speed: 0.0247s/iter; left time: 163.9222s
	speed: 0.0247s/iter; left time: 161.5762s
	speed: 0.0247s/iter; left time: 159.0756s
	speed: 0.0247s/iter; left time: 156.6840s
	speed: 0.0247s/iter; left time: 154.1963s
	speed: 0.0247s/iter; left time: 151.7019s
	speed: 0.0247s/iter; left time: 149.2074s
	speed: 0.0247s/iter; left time: 146.8153s
	speed: 0.0247s/iter; left time: 144.4441s
	speed: 0.0247s/iter; left time: 141.9782s
	speed: 0.0247s/iter; left time: 139.2771s
	speed: 0.0247s/iter; left time: 136.9711s
	speed: 0.0247s/iter; left time: 134.5103s
	speed: 0.0247s/iter; left time: 131.9027s
	speed: 0.0247s/iter; left time: 129.3986s
	speed: 0.0247s/iter; left time: 127.1005s
	speed: 0.0247s/iter; left time: 124.5612s
	speed: 0.0247s/iter; left time: 122.2250s
	speed: 0.0247s/iter; left time: 119.7715s
	speed: 0.0247s/iter; left time: 117.1711s
	speed: 0.0247s/iter; left time: 114.7604s
	speed: 0.0247s/iter; left time: 112.2552s
	speed: 0.0247s/iter; left time: 109.6957s
	speed: 0.0247s/iter; left time: 107.2738s
	speed: 0.0247s/iter; left time: 104.8212s
	speed: 0.0247s/iter; left time: 102.2647s
	speed: 0.0247s/iter; left time: 99.8559s
	speed: 0.0247s/iter; left time: 97.4117s
	speed: 0.0247s/iter; left time: 95.0303s
	speed: 0.0247s/iter; left time: 92.4473s
	speed: 0.0247s/iter; left time: 89.9598s
	speed: 0.0247s/iter; left time: 87.5358s
	speed: 0.0247s/iter; left time: 85.1167s
	speed: 0.0247s/iter; left time: 82.5559s
	speed: 0.0247s/iter; left time: 80.2037s
	speed: 0.0247s/iter; left time: 77.6748s
	speed: 0.0245s/iter; left time: 74.7636s
	speed: 0.0247s/iter; left time: 72.7275s
	speed: 0.0247s/iter; left time: 70.2832s
	speed: 0.0247s/iter; left time: 67.8531s
	speed: 0.0247s/iter; left time: 65.3669s
	speed: 0.0247s/iter; left time: 62.8936s
	speed: 0.0247s/iter; left time: 60.3817s
	speed: 0.0247s/iter; left time: 57.8995s
	speed: 0.0247s/iter; left time: 55.4179s
	speed: 0.0247s/iter; left time: 53.0190s
	speed: 0.0247s/iter; left time: 50.5023s
	speed: 0.0247s/iter; left time: 48.0590s
	speed: 0.0247s/iter; left time: 45.5764s
	speed: 0.0247s/iter; left time: 43.1251s
	speed: 0.0247s/iter; left time: 40.6367s
	speed: 0.0188s/iter; left time: 29.0339s
	speed: 0.0155s/iter; left time: 22.3930s
	speed: 0.0155s/iter; left time: 20.8459s
	speed: 0.0155s/iter; left time: 19.2981s
	speed: 0.0155s/iter; left time: 17.7453s
	speed: 0.0155s/iter; left time: 16.1963s
	speed: 0.0155s/iter; left time: 14.7189s
	speed: 0.0156s/iter; left time: 13.1769s
	speed: 0.0155s/iter; left time: 11.6088s
	speed: 0.0155s/iter; left time: 10.0147s
	speed: 0.0155s/iter; left time: 8.4665s
	speed: 0.0155s/iter; left time: 6.9183s
	speed: 0.0155s/iter; left time: 5.3681s
	speed: 0.0155s/iter; left time: 3.8376s
	speed: 0.0155s/iter; left time: 2.2761s
	speed: 0.0155s/iter; left time: 0.7276s
2025-11-13 20:17:41,235 - INFO - 训练完成!
2025-11-13 20:17:41,235 - INFO - 开始测试模型...
Epoch: 1, Cost time: 314.089s 
Loading checkpoint from: checkpoints2_n_heads_analysis/pcb_n_heads11_20251113_201223/pcb_cleaned_1minut_20250928_161509_checkpoint_2025-11-13_20-17-41/model.pth
Threshold : 0.3359296917915344
2025-11-13 20:19:33,322 - INFO - 测试完成!
pa_accuracy           : 0.9613
pa_precision          : 0.2928
pa_recall             : 0.5942
pa_f_score            : 0.3923
MCC_score             : 0.3999
Affiliation precision : 0.5130
Affiliation recall    : 0.8715
R_AUC_ROC             : 0.6167
R_AUC_PR              : 0.3383
VUS_ROC               : 0.6205
VUS_PR                : 0.3386
Accuracy : 0.9613, Precision : 0.2928, Recall : 0.5942, F-score : 0.3923 
Test results saved to: checkpoints2_n_heads_analysis/pcb_n_heads11_20251113_201223/pcb_cleaned_1minut_20250928_161509_checkpoint_2025-11-13_20-17-41/result.json
################################################################################


================================================================================
Running: pcb | n_heads=7
================================================================================
Command: python run_custom_dataset.py --dataset Custom --data_path dataset/downsampleData_scratch_1minut/pcb/pcb_cleaned_1minut_20250928_161509.parquet --num_epochs 1 --win_size 30 --batch_size 32 --mode train --input_c 10 --output_c 10 --lr 0.0001 --anormly_ratio 3.0 --index 0 --patience 3 --patch_size 3,6,10 --n_heads 7 --d_model 256 --e_layers 3 --d_ff 512 --activation gelu --output_attention True --model_save_path checkpoints2_n_heads_analysis/pcb_n_heads7_20251113_195615
================================================================================


✓ Results: Precision=0.2811, Recall=0.5419, F-score=0.3702

################################################################################
# Experiment 17/18
# Dataset: pcb, n_heads: 9
################################################################################


================================================================================
Running: pcb | n_heads=9
================================================================================
Command: python run_custom_dataset.py --dataset Custom --data_path dataset/downsampleData_scratch_1minut/pcb/pcb_cleaned_1minut_20250928_161509.parquet --num_epochs 1 --win_size 30 --batch_size 32 --mode train --input_c 10 --output_c 10 --lr 0.0001 --anormly_ratio 3.0 --index 0 --patience 3 --patch_size 3,6,10 --n_heads 9 --d_model 256 --e_layers 3 --d_ff 512 --activation gelu --output_attention True --model_save_path checkpoints2_n_heads_analysis/pcb_n_heads9_20251113_200403
================================================================================


✓ Results: Precision=0.2820, Recall=0.5441, F-score=0.3715

################################################################################
# Experiment 18/18
# Dataset: pcb, n_heads: 11
################################################################################


================================================================================
Running: pcb | n_heads=11
================================================================================
Command: python run_custom_dataset.py --dataset Custom --data_path dataset/downsampleData_scratch_1minut/pcb/pcb_cleaned_1minut_20250928_161509.parquet --num_epochs 1 --win_size 30 --batch_size 32 --mode train --input_c 10 --output_c 10 --lr 0.0001 --anormly_ratio 3.0 --index 0 --patience 3 --patch_size 3,6,10 --n_heads 11 --d_model 256 --e_layers 3 --d_ff 512 --activation gelu --output_attention True --model_save_path checkpoints2_n_heads_analysis/pcb_n_heads11_20251113_201223
================================================================================


✓ Results: Precision=0.2928, Recall=0.5942, F-score=0.3923

Saving results...
Results saved to JSON: experiments/results_pca/n_heads_results.json

Generating plots...

================================================================================
Plot saved:
  PNG: experiments/results_pca/n_heads_f1_scores.png
  PDF: experiments/results_pca/n_heads_f1_scores.pdf
================================================================================


================================================================================
ANALYSIS COMPLETE!
================================================================================
All results saved in: experiments/results_pca
================================================================================

