/home/wanting/KDD2023-DCdetector/venv/lib/python3.12/site-packages/tsfresh/__init__.py:12: UserWarning: pkg_resources is deprecated as an API. See https://setuptools.pypa.io/en/latest/pkg_resources.html. The pkg_resources package is slated for removal as early as 2025-11-30. Refrain from using this package or pin to Setuptools<81.
  import pkg_resources
2025-11-13 17:05:07,966 - INFO - 开始使用自定义数据集运行DCdetector...
2025-11-13 17:05:07,966 - INFO - 数据集: Custom
2025-11-13 17:05:07,966 - INFO - 输入特征维度: 10
2025-11-13 17:05:07,966 - INFO - 窗口大小: 30
2025-11-13 17:05:07,966 - INFO - 批次大小: 32
2025-11-13 17:05:12,780 - INFO - 开始训练模型...
[onlyNormalData=True] 训练集过滤异常数据: 377158 行 -> 339888 行 (移除 37270 个异常样本)

[PCA降维] 启用
  n_components=10
  PCA前特征维度: 27
  PCA后特征维度: 10
  解释方差比（前10个）: [0.51869311 0.15333047 0.1103832  0.07160594 0.0435558  0.02740393
 0.0225212  0.01900313 0.00983904 0.00835796]
  累积解释方差: 0.9847
  时间点数量: train=339888, val=80820, test=80820 (未改变)
[PCA降维] 完成
数据加载自: dataset/downsampleData_scratch_1minut/contact/contact_cleaned_1minut_20250928_172122.parquet
训练集形状: (339888, 10)
验证集形状: (80820, 10)
测试集形状: (80820, 10)
特征维度: 10
异常比例（行级）:
- 训练集: 原始 9.88% -> 现有 0.00%
- 验证集: 5.85%
- 测试集: 5.06%
[onlyNormalData=True] 训练集过滤异常数据: 377158 行 -> 339888 行 (移除 37270 个异常样本)

[PCA降维] 启用
  n_components=10
  PCA前特征维度: 27
  PCA后特征维度: 10
  解释方差比（前10个）: [0.51869311 0.15333047 0.1103832  0.07160594 0.0435558  0.02740393
 0.0225212  0.01900313 0.00983904 0.00835796]
  累积解释方差: 0.9847
  时间点数量: train=339888, val=80820, test=80820 (未改变)
[PCA降维] 完成
数据加载自: dataset/downsampleData_scratch_1minut/contact/contact_cleaned_1minut_20250928_172122.parquet
训练集形状: (339888, 10)
验证集形状: (80820, 10)
测试集形状: (80820, 10)
特征维度: 10
异常比例（行级）:
- 训练集: 原始 9.88% -> 现有 0.00%
- 验证集: 5.85%
- 测试集: 5.06%
[onlyNormalData=True] 训练集过滤异常数据: 377158 行 -> 339888 行 (移除 37270 个异常样本)

[PCA降维] 启用
  n_components=10
  PCA前特征维度: 27
  PCA后特征维度: 10
  解释方差比（前10个）: [0.51869311 0.15333047 0.1103832  0.07160594 0.0435558  0.02740393
 0.0225212  0.01900313 0.00983904 0.00835796]
  累积解释方差: 0.9847
  时间点数量: train=339888, val=80820, test=80820 (未改变)
[PCA降维] 完成
数据加载自: dataset/downsampleData_scratch_1minut/contact/contact_cleaned_1minut_20250928_172122.parquet
训练集形状: (339888, 10)
验证集形状: (80820, 10)
测试集形状: (80820, 10)
特征维度: 10
异常比例（行级）:
- 训练集: 原始 9.88% -> 现有 0.00%
- 验证集: 5.85%
- 测试集: 5.06%
[onlyNormalData=True] 训练集过滤异常数据: 377158 行 -> 339888 行 (移除 37270 个异常样本)

[PCA降维] 启用
  n_components=10
  PCA前特征维度: 27
  PCA后特征维度: 10
  解释方差比（前10个）: [0.51869311 0.15333047 0.1103832  0.07160594 0.0435558  0.02740393
 0.0225212  0.01900313 0.00983904 0.00835796]
  累积解释方差: 0.9847
  时间点数量: train=339888, val=80820, test=80820 (未改变)
[PCA降维] 完成
数据加载自: dataset/downsampleData_scratch_1minut/contact/contact_cleaned_1minut_20250928_172122.parquet
训练集形状: (339888, 10)
验证集形状: (80820, 10)
测试集形状: (80820, 10)
特征维度: 10
异常比例（行级）:
- 训练集: 原始 9.88% -> 现有 0.00%
- 验证集: 5.85%
- 测试集: 5.06%
	speed: 0.0205s/iter; left time: 215.8432s
	speed: 0.0157s/iter; left time: 164.0208s
	speed: 0.0160s/iter; left time: 164.8410s
	speed: 0.0156s/iter; left time: 159.3347s
	speed: 0.0156s/iter; left time: 158.3849s
	speed: 0.0156s/iter; left time: 156.0906s
	speed: 0.0157s/iter; left time: 155.3680s
	speed: 0.0156s/iter; left time: 153.3533s
	speed: 0.0157s/iter; left time: 152.2438s
	speed: 0.0159s/iter; left time: 152.7715s
	speed: 0.0157s/iter; left time: 149.6049s
	speed: 0.0156s/iter; left time: 146.5532s
	speed: 0.0155s/iter; left time: 144.7902s
	speed: 0.0156s/iter; left time: 143.6982s
	speed: 0.0159s/iter; left time: 144.9538s
	speed: 0.0156s/iter; left time: 141.0960s
	speed: 0.0157s/iter; left time: 139.9382s
	speed: 0.0157s/iter; left time: 138.6601s
	speed: 0.0159s/iter; left time: 138.4315s
	speed: 0.0157s/iter; left time: 135.6372s
	speed: 0.0157s/iter; left time: 134.0564s
	speed: 0.0157s/iter; left time: 132.2298s
	speed: 0.0157s/iter; left time: 130.3687s
	speed: 0.0158s/iter; left time: 129.6281s
	speed: 0.0156s/iter; left time: 126.7376s
	speed: 0.0157s/iter; left time: 126.0422s
	speed: 0.0155s/iter; left time: 123.0946s
	speed: 0.0156s/iter; left time: 121.8639s
	speed: 0.0156s/iter; left time: 120.5773s
	speed: 0.0156s/iter; left time: 119.1586s
	speed: 0.0157s/iter; left time: 117.8920s
	speed: 0.0156s/iter; left time: 116.0294s
	speed: 0.0157s/iter; left time: 114.7430s
	speed: 0.0157s/iter; left time: 113.1060s
	speed: 0.0158s/iter; left time: 112.3473s
	speed: 0.0157s/iter; left time: 110.1122s
	speed: 0.0156s/iter; left time: 107.7947s
	speed: 0.0156s/iter; left time: 106.7003s
	speed: 0.0161s/iter; left time: 108.2878s
	speed: 0.0157s/iter; left time: 103.6814s
	speed: 0.0156s/iter; left time: 101.6059s
	speed: 0.0157s/iter; left time: 100.5057s
	speed: 0.0157s/iter; left time: 98.9720s
	speed: 0.0156s/iter; left time: 97.2436s
	speed: 0.0156s/iter; left time: 95.6062s
	speed: 0.0156s/iter; left time: 94.1663s
	speed: 0.0156s/iter; left time: 92.6534s
	speed: 0.0156s/iter; left time: 90.9333s
	speed: 0.0157s/iter; left time: 89.7310s
	speed: 0.0156s/iter; left time: 87.7785s
	speed: 0.0156s/iter; left time: 86.3141s
	speed: 0.0157s/iter; left time: 84.8484s
	speed: 0.0157s/iter; left time: 83.4030s
	speed: 0.0157s/iter; left time: 81.9983s
	speed: 0.0160s/iter; left time: 82.1577s
	speed: 0.0158s/iter; left time: 79.3713s
	speed: 0.0160s/iter; left time: 78.6562s
	speed: 0.0156s/iter; left time: 75.1300s
	speed: 0.0157s/iter; left time: 74.0638s
	speed: 0.0156s/iter; left time: 72.1819s
	speed: 0.0158s/iter; left time: 71.6472s
	speed: 0.0156s/iter; left time: 68.8718s
	speed: 0.0157s/iter; left time: 67.9028s
	speed: 0.0156s/iter; left time: 65.8822s
	speed: 0.0157s/iter; left time: 64.6341s
	speed: 0.0157s/iter; left time: 63.1402s
	speed: 0.0157s/iter; left time: 61.4159s
	speed: 0.0140s/iter; left time: 53.3857s
	speed: 0.0130s/iter; left time: 48.3368s
	speed: 0.0125s/iter; left time: 45.2619s
	speed: 0.0126s/iter; left time: 44.3820s
	speed: 0.0128s/iter; left time: 43.7070s
	speed: 0.0127s/iter; left time: 42.1817s
	speed: 0.0127s/iter; left time: 40.9216s
	speed: 0.0127s/iter; left time: 39.4846s
	speed: 0.0126s/iter; left time: 37.9747s
	speed: 0.0125s/iter; left time: 36.5645s
	speed: 0.0126s/iter; left time: 35.6150s
	speed: 0.0128s/iter; left time: 34.8305s
	speed: 0.0128s/iter; left time: 33.4717s
	speed: 0.0127s/iter; left time: 31.9802s
	speed: 0.0126s/iter; left time: 30.5478s
	speed: 0.0124s/iter; left time: 28.7209s
	speed: 0.0127s/iter; left time: 28.2658s
	speed: 0.0125s/iter; left time: 26.5586s
	speed: 0.0126s/iter; left time: 25.4420s
	speed: 0.0127s/iter; left time: 24.3595s
	speed: 0.0128s/iter; left time: 23.3747s
	speed: 0.0126s/iter; left time: 21.7180s
	speed: 0.0134s/iter; left time: 21.6664s
	speed: 0.0132s/iter; left time: 20.0916s
	speed: 0.0132s/iter; left time: 18.7064s
	speed: 0.0131s/iter; left time: 17.3531s
	speed: 0.0133s/iter; left time: 16.1869s
	speed: 0.0131s/iter; left time: 14.7179s
	speed: 0.0134s/iter; left time: 13.6502s
	speed: 0.0134s/iter; left time: 12.3049s
	speed: 0.0136s/iter; left time: 11.1694s
	speed: 0.0133s/iter; left time: 9.5828s
	speed: 0.0132s/iter; left time: 8.1732s
	speed: 0.0132s/iter; left time: 6.8830s
	speed: 0.0135s/iter; left time: 5.6890s
	speed: 0.0135s/iter; left time: 4.3425s
	speed: 0.0133s/iter; left time: 2.9344s
	speed: 0.0132s/iter; left time: 1.6012s
	speed: 0.0132s/iter; left time: 0.2775s
2025-11-13 17:08:10,260 - INFO - 训练完成!
2025-11-13 17:08:10,260 - INFO - 开始测试模型...
Epoch: 1, Cost time: 177.458s 
Loading checkpoint from: checkpoints2_anormly_ratio_analysis/contact_anormly_ratio1.0_20251113_170506/contact_cleaned_1minut_20250928_172122_checkpoint_2025-11-13_17-08-10/model.pth
Threshold : 0.3475121259689331
2025-11-13 17:09:53,068 - INFO - 测试完成!
pa_accuracy           : 0.9533
pa_precision          : 0.5774
pa_recall             : 0.2947
pa_f_score            : 0.3902
MCC_score             : 0.3913
Affiliation precision : 0.5295
Affiliation recall    : 0.4697
R_AUC_ROC             : 0.5826
R_AUC_PR              : 0.4550
VUS_ROC               : 0.5766
VUS_PR                : 0.4453
Accuracy : 0.9533, Precision : 0.5774, Recall : 0.2947, F-score : 0.3902 
Test results saved to: checkpoints2_anormly_ratio_analysis/contact_anormly_ratio1.0_20251113_170506/contact_cleaned_1minut_20250928_172122_checkpoint_2025-11-13_17-08-10/result.json
/home/wanting/KDD2023-DCdetector/venv/lib/python3.12/site-packages/tsfresh/__init__.py:12: UserWarning: pkg_resources is deprecated as an API. See https://setuptools.pypa.io/en/latest/pkg_resources.html. The pkg_resources package is slated for removal as early as 2025-11-30. Refrain from using this package or pin to Setuptools<81.
  import pkg_resources
2025-11-13 17:09:55,765 - INFO - 开始使用自定义数据集运行DCdetector...
2025-11-13 17:09:55,765 - INFO - 数据集: Custom
2025-11-13 17:09:55,765 - INFO - 输入特征维度: 10
2025-11-13 17:09:55,765 - INFO - 窗口大小: 30
2025-11-13 17:09:55,765 - INFO - 批次大小: 32
2025-11-13 17:09:57,635 - INFO - 开始训练模型...
[onlyNormalData=True] 训练集过滤异常数据: 377158 行 -> 339888 行 (移除 37270 个异常样本)

[PCA降维] 启用
  n_components=10
  PCA前特征维度: 27
  PCA后特征维度: 10
  解释方差比（前10个）: [0.51869311 0.15333047 0.1103832  0.07160594 0.0435558  0.02740393
 0.0225212  0.01900313 0.00983904 0.00835796]
  累积解释方差: 0.9847
  时间点数量: train=339888, val=80820, test=80820 (未改变)
[PCA降维] 完成
数据加载自: dataset/downsampleData_scratch_1minut/contact/contact_cleaned_1minut_20250928_172122.parquet
训练集形状: (339888, 10)
验证集形状: (80820, 10)
测试集形状: (80820, 10)
特征维度: 10
异常比例（行级）:
- 训练集: 原始 9.88% -> 现有 0.00%
- 验证集: 5.85%
- 测试集: 5.06%
[onlyNormalData=True] 训练集过滤异常数据: 377158 行 -> 339888 行 (移除 37270 个异常样本)

[PCA降维] 启用
  n_components=10
  PCA前特征维度: 27
  PCA后特征维度: 10
  解释方差比（前10个）: [0.51869311 0.15333047 0.1103832  0.07160594 0.0435558  0.02740393
 0.0225212  0.01900313 0.00983904 0.00835796]
  累积解释方差: 0.9847
  时间点数量: train=339888, val=80820, test=80820 (未改变)
[PCA降维] 完成
数据加载自: dataset/downsampleData_scratch_1minut/contact/contact_cleaned_1minut_20250928_172122.parquet
训练集形状: (339888, 10)
验证集形状: (80820, 10)
测试集形状: (80820, 10)
特征维度: 10
异常比例（行级）:
- 训练集: 原始 9.88% -> 现有 0.00%
- 验证集: 5.85%
- 测试集: 5.06%
[onlyNormalData=True] 训练集过滤异常数据: 377158 行 -> 339888 行 (移除 37270 个异常样本)

[PCA降维] 启用
  n_components=10
  PCA前特征维度: 27
  PCA后特征维度: 10
  解释方差比（前10个）: [0.51869311 0.15333047 0.1103832  0.07160594 0.0435558  0.02740393
 0.0225212  0.01900313 0.00983904 0.00835796]
  累积解释方差: 0.9847
  时间点数量: train=339888, val=80820, test=80820 (未改变)
[PCA降维] 完成
数据加载自: dataset/downsampleData_scratch_1minut/contact/contact_cleaned_1minut_20250928_172122.parquet
训练集形状: (339888, 10)
验证集形状: (80820, 10)
测试集形状: (80820, 10)
特征维度: 10
异常比例（行级）:
- 训练集: 原始 9.88% -> 现有 0.00%
- 验证集: 5.85%
- 测试集: 5.06%
[onlyNormalData=True] 训练集过滤异常数据: 377158 行 -> 339888 行 (移除 37270 个异常样本)

[PCA降维] 启用
  n_components=10
  PCA前特征维度: 27
  PCA后特征维度: 10
  解释方差比（前10个）: [0.51869311 0.15333047 0.1103832  0.07160594 0.0435558  0.02740393
 0.0225212  0.01900313 0.00983904 0.00835796]
  累积解释方差: 0.9847
  时间点数量: train=339888, val=80820, test=80820 (未改变)
[PCA降维] 完成
数据加载自: dataset/downsampleData_scratch_1minut/contact/contact_cleaned_1minut_20250928_172122.parquet
训练集形状: (339888, 10)
验证集形状: (80820, 10)
测试集形状: (80820, 10)
特征维度: 10
异常比例（行级）:
- 训练集: 原始 9.88% -> 现有 0.00%
- 验证集: 5.85%
- 测试集: 5.06%
	speed: 0.0193s/iter; left time: 203.2097s
	speed: 0.0150s/iter; left time: 156.6223s
	speed: 0.0149s/iter; left time: 153.6639s
	speed: 0.0150s/iter; left time: 153.0070s
	speed: 0.0150s/iter; left time: 152.0838s
	speed: 0.0150s/iter; left time: 150.5073s
	speed: 0.0150s/iter; left time: 149.2923s
	speed: 0.0154s/iter; left time: 151.6354s
	speed: 0.0151s/iter; left time: 146.9382s
	speed: 0.0150s/iter; left time: 144.4952s
	speed: 0.0150s/iter; left time: 142.6554s
	speed: 0.0150s/iter; left time: 140.8648s
	speed: 0.0157s/iter; left time: 146.0513s
	speed: 0.0159s/iter; left time: 146.8183s
	speed: 0.0169s/iter; left time: 153.8930s
	speed: 0.0201s/iter; left time: 181.2884s
	speed: 0.0173s/iter; left time: 154.5782s
	speed: 0.0175s/iter; left time: 154.5858s
	speed: 0.0176s/iter; left time: 153.0936s
	speed: 0.0176s/iter; left time: 151.9822s
	speed: 0.0177s/iter; left time: 150.6088s
	speed: 0.0177s/iter; left time: 149.0499s
	speed: 0.0177s/iter; left time: 146.9466s
	speed: 0.0176s/iter; left time: 144.9943s
	speed: 0.0177s/iter; left time: 143.6602s
	speed: 0.0179s/iter; left time: 143.2211s
	speed: 0.0176s/iter; left time: 139.3115s
	speed: 0.0175s/iter; left time: 137.2420s
	speed: 0.0179s/iter; left time: 138.2318s
	speed: 0.0177s/iter; left time: 135.0923s
	speed: 0.0176s/iter; left time: 132.6002s
	speed: 0.0176s/iter; left time: 130.5732s
	speed: 0.0175s/iter; left time: 128.3472s
	speed: 0.0179s/iter; left time: 129.3567s
	speed: 0.0179s/iter; left time: 127.2956s
	speed: 0.0176s/iter; left time: 123.4716s
	speed: 0.0181s/iter; left time: 125.0090s
	speed: 0.0180s/iter; left time: 122.6799s
	speed: 0.0180s/iter; left time: 120.7047s
	speed: 0.0177s/iter; left time: 117.1871s
	speed: 0.0179s/iter; left time: 116.4536s
	speed: 0.0177s/iter; left time: 113.4985s
	speed: 0.0176s/iter; left time: 111.3324s
	speed: 0.0176s/iter; left time: 109.4480s
	speed: 0.0178s/iter; left time: 109.1498s
	speed: 0.0177s/iter; left time: 106.6841s
	speed: 0.0177s/iter; left time: 104.5524s
	speed: 0.0177s/iter; left time: 102.9614s
	speed: 0.0178s/iter; left time: 101.6867s
	speed: 0.0169s/iter; left time: 94.8018s
	speed: 0.0166s/iter; left time: 91.7924s
	speed: 0.0168s/iter; left time: 91.1334s
	speed: 0.0166s/iter; left time: 88.4898s
	speed: 0.0135s/iter; left time: 70.7115s
	speed: 0.0133s/iter; left time: 68.0460s
	speed: 0.0139s/iter; left time: 69.9807s
	speed: 0.0137s/iter; left time: 67.5769s
	speed: 0.0195s/iter; left time: 93.7751s
	speed: 0.0201s/iter; left time: 94.7029s
	speed: 0.0187s/iter; left time: 86.4007s
	speed: 0.0282s/iter; left time: 127.5485s
	speed: 0.0358s/iter; left time: 158.1869s
	speed: 0.0334s/iter; left time: 144.3177s
	speed: 0.0224s/iter; left time: 94.6932s
	speed: 0.0301s/iter; left time: 123.9171s
	speed: 0.0453s/iter; left time: 182.2123s
	speed: 0.0290s/iter; left time: 113.7147s
	speed: 0.0294s/iter; left time: 112.4679s
	speed: 0.0280s/iter; left time: 104.1568s
	speed: 0.0379s/iter; left time: 137.3289s
	speed: 0.0331s/iter; left time: 116.5082s
	speed: 0.0252s/iter; left time: 86.1676s
	speed: 0.0287s/iter; left time: 95.4014s
	speed: 0.0316s/iter; left time: 101.7635s
	speed: 0.0436s/iter; left time: 136.2180s
	speed: 0.0475s/iter; left time: 143.4079s
	speed: 0.0305s/iter; left time: 89.1121s
	speed: 0.0295s/iter; left time: 83.2850s
	speed: 0.0367s/iter; left time: 99.7490s
	speed: 0.0313s/iter; left time: 81.9318s
	speed: 0.0309s/iter; left time: 77.9739s
	speed: 0.0321s/iter; left time: 77.8234s
	speed: 0.0340s/iter; left time: 78.9387s
	speed: 0.0295s/iter; left time: 65.4547s
	speed: 0.0321s/iter; left time: 68.1743s
	speed: 0.0356s/iter; left time: 71.9499s
	speed: 0.0310s/iter; left time: 59.5299s
	speed: 0.0319s/iter; left time: 58.0969s
	speed: 0.0258s/iter; left time: 44.3566s
	speed: 0.0261s/iter; left time: 42.3332s
	speed: 0.0257s/iter; left time: 39.1579s
	speed: 0.0255s/iter; left time: 36.1883s
	speed: 0.0246s/iter; left time: 32.4358s
	speed: 0.0246s/iter; left time: 29.9792s
	speed: 0.0253s/iter; left time: 28.3419s
	speed: 0.0249s/iter; left time: 25.3955s
	speed: 0.0247s/iter; left time: 22.7414s
	speed: 0.0242s/iter; left time: 19.8877s
	speed: 0.0246s/iter; left time: 17.7698s
	speed: 0.0244s/iter; left time: 15.1381s
	speed: 0.0248s/iter; left time: 12.8993s
	speed: 0.0264s/iter; left time: 11.1044s
	speed: 0.0246s/iter; left time: 7.8835s
	speed: 0.0248s/iter; left time: 5.4750s
	speed: 0.0247s/iter; left time: 2.9836s
	speed: 0.0246s/iter; left time: 0.5162s
2025-11-13 17:14:50,876 - INFO - 训练完成!
2025-11-13 17:14:50,878 - INFO - 开始测试模型...
Epoch: 1, Cost time: 293.159s 
Loading checkpoint from: checkpoints2_anormly_ratio_analysis/contact_anormly_ratio2.0_20251113_170953/contact_cleaned_1minut_20250928_172122_checkpoint_2025-11-13_17-14-50/model.pth
Threshold : 0.3418097358942033
2025-11-13 17:18:37,551 - INFO - 测试完成!
pa_accuracy           : 0.9500
pa_precision          : 0.5088
pa_recall             : 0.4008
pa_f_score            : 0.4484
MCC_score             : 0.4259
Affiliation precision : 0.5051
Affiliation recall    : 0.7023
R_AUC_ROC             : 0.6160
R_AUC_PR              : 0.4691
VUS_ROC               : 0.6089
VUS_PR                : 0.4576
Accuracy : 0.9500, Precision : 0.5088, Recall : 0.4008, F-score : 0.4484 
Test results saved to: checkpoints2_anormly_ratio_analysis/contact_anormly_ratio2.0_20251113_170953/contact_cleaned_1minut_20250928_172122_checkpoint_2025-11-13_17-14-50/result.json
/home/wanting/KDD2023-DCdetector/venv/lib/python3.12/site-packages/tsfresh/__init__.py:12: UserWarning: pkg_resources is deprecated as an API. See https://setuptools.pypa.io/en/latest/pkg_resources.html. The pkg_resources package is slated for removal as early as 2025-11-30. Refrain from using this package or pin to Setuptools<81.
  import pkg_resources
2025-11-13 17:18:44,741 - INFO - 开始使用自定义数据集运行DCdetector...
2025-11-13 17:18:44,741 - INFO - 数据集: Custom
2025-11-13 17:18:44,741 - INFO - 输入特征维度: 10
2025-11-13 17:18:44,741 - INFO - 窗口大小: 30
2025-11-13 17:18:44,741 - INFO - 批次大小: 32
2025-11-13 17:18:49,858 - INFO - 开始训练模型...
[onlyNormalData=True] 训练集过滤异常数据: 377158 行 -> 339888 行 (移除 37270 个异常样本)

[PCA降维] 启用
  n_components=10
  PCA前特征维度: 27
  PCA后特征维度: 10
  解释方差比（前10个）: [0.51869311 0.15333047 0.1103832  0.07160594 0.0435558  0.02740393
 0.0225212  0.01900313 0.00983904 0.00835796]
  累积解释方差: 0.9847
  时间点数量: train=339888, val=80820, test=80820 (未改变)
[PCA降维] 完成
数据加载自: dataset/downsampleData_scratch_1minut/contact/contact_cleaned_1minut_20250928_172122.parquet
训练集形状: (339888, 10)
验证集形状: (80820, 10)
测试集形状: (80820, 10)
特征维度: 10
异常比例（行级）:
- 训练集: 原始 9.88% -> 现有 0.00%
- 验证集: 5.85%
- 测试集: 5.06%
[onlyNormalData=True] 训练集过滤异常数据: 377158 行 -> 339888 行 (移除 37270 个异常样本)

[PCA降维] 启用
  n_components=10
  PCA前特征维度: 27
  PCA后特征维度: 10
  解释方差比（前10个）: [0.51869311 0.15333047 0.1103832  0.07160594 0.0435558  0.02740393
 0.0225212  0.01900313 0.00983904 0.00835796]
  累积解释方差: 0.9847
  时间点数量: train=339888, val=80820, test=80820 (未改变)
[PCA降维] 完成
数据加载自: dataset/downsampleData_scratch_1minut/contact/contact_cleaned_1minut_20250928_172122.parquet
训练集形状: (339888, 10)
验证集形状: (80820, 10)
测试集形状: (80820, 10)
特征维度: 10
异常比例（行级）:
- 训练集: 原始 9.88% -> 现有 0.00%
- 验证集: 5.85%
- 测试集: 5.06%
[onlyNormalData=True] 训练集过滤异常数据: 377158 行 -> 339888 行 (移除 37270 个异常样本)

[PCA降维] 启用
  n_components=10
  PCA前特征维度: 27
  PCA后特征维度: 10
  解释方差比（前10个）: [0.51869311 0.15333047 0.1103832  0.07160594 0.0435558  0.02740393
 0.0225212  0.01900313 0.00983904 0.00835796]
  累积解释方差: 0.9847
  时间点数量: train=339888, val=80820, test=80820 (未改变)
[PCA降维] 完成
数据加载自: dataset/downsampleData_scratch_1minut/contact/contact_cleaned_1minut_20250928_172122.parquet
训练集形状: (339888, 10)
验证集形状: (80820, 10)
测试集形状: (80820, 10)
特征维度: 10
异常比例（行级）:
- 训练集: 原始 9.88% -> 现有 0.00%
- 验证集: 5.85%
- 测试集: 5.06%
[onlyNormalData=True] 训练集过滤异常数据: 377158 行 -> 339888 行 (移除 37270 个异常样本)

[PCA降维] 启用
  n_components=10
  PCA前特征维度: 27
  PCA后特征维度: 10
  解释方差比（前10个）: [0.51869311 0.15333047 0.1103832  0.07160594 0.0435558  0.02740393
 0.0225212  0.01900313 0.00983904 0.00835796]
  累积解释方差: 0.9847
  时间点数量: train=339888, val=80820, test=80820 (未改变)
[PCA降维] 完成
数据加载自: dataset/downsampleData_scratch_1minut/contact/contact_cleaned_1minut_20250928_172122.parquet
训练集形状: (339888, 10)
验证集形状: (80820, 10)
测试集形状: (80820, 10)
特征维度: 10
异常比例（行级）:
- 训练集: 原始 9.88% -> 现有 0.00%
- 验证集: 5.85%
- 测试集: 5.06%
	speed: 0.0432s/iter; left time: 454.2618s
	speed: 0.0384s/iter; left time: 400.3547s
	speed: 0.0331s/iter; left time: 341.5633s
	speed: 0.0378s/iter; left time: 386.2734s
	speed: 0.0406s/iter; left time: 411.3493s
	speed: 0.0386s/iter; left time: 386.4028s
	speed: 0.0395s/iter; left time: 391.6543s
	speed: 0.0386s/iter; left time: 378.8825s
	speed: 0.0395s/iter; left time: 384.1476s
	speed: 0.0397s/iter; left time: 382.3089s
	speed: 0.0395s/iter; left time: 376.1392s
	speed: 0.0408s/iter; left time: 384.1013s
	speed: 0.0399s/iter; left time: 371.8016s
	speed: 0.0404s/iter; left time: 372.9226s
	speed: 0.0399s/iter; left time: 364.1438s
	speed: 0.0288s/iter; left time: 259.9278s
	speed: 0.0384s/iter; left time: 342.6712s
	speed: 0.0409s/iter; left time: 360.8487s
	speed: 0.0407s/iter; left time: 354.8187s
	speed: 0.0408s/iter; left time: 351.6260s
	speed: 0.0400s/iter; left time: 340.7180s
	speed: 0.0398s/iter; left time: 334.8866s
	speed: 0.0388s/iter; left time: 323.2259s
	speed: 0.0411s/iter; left time: 337.9022s
	speed: 0.0405s/iter; left time: 328.6757s
	speed: 0.0371s/iter; left time: 297.8111s
	speed: 0.0365s/iter; left time: 289.5038s
	speed: 0.0405s/iter; left time: 316.5751s
	speed: 0.0396s/iter; left time: 305.5546s
	speed: 0.0404s/iter; left time: 308.0550s
	speed: 0.0402s/iter; left time: 302.2348s
	speed: 0.0384s/iter; left time: 285.2816s
	speed: 0.0378s/iter; left time: 276.8148s
	speed: 0.0402s/iter; left time: 290.3086s
	speed: 0.0382s/iter; left time: 272.3580s
	speed: 0.0379s/iter; left time: 266.2344s
	speed: 0.0290s/iter; left time: 200.8306s
	speed: 0.0382s/iter; left time: 260.7084s
	speed: 0.0399s/iter; left time: 268.5030s
	speed: 0.0407s/iter; left time: 269.6215s
	speed: 0.0364s/iter; left time: 237.1467s
	speed: 0.0379s/iter; left time: 243.5241s
	speed: 0.0398s/iter; left time: 251.7914s
	speed: 0.0368s/iter; left time: 229.2313s
	speed: 0.0366s/iter; left time: 224.1048s
	speed: 0.0395s/iter; left time: 238.0407s
	speed: 0.0401s/iter; left time: 237.7174s
	speed: 0.0382s/iter; left time: 222.6223s
	speed: 0.0361s/iter; left time: 206.6462s
	speed: 0.0343s/iter; left time: 192.8636s
	speed: 0.0390s/iter; left time: 215.3361s
	speed: 0.0380s/iter; left time: 206.1902s
	speed: 0.0331s/iter; left time: 176.2823s
	speed: 0.0351s/iter; left time: 183.3373s
	speed: 0.0356s/iter; left time: 182.1346s
	speed: 0.0387s/iter; left time: 194.3486s
	speed: 0.0369s/iter; left time: 181.7669s
	speed: 0.0360s/iter; left time: 173.5447s
	speed: 0.0364s/iter; left time: 171.7876s
	speed: 0.0366s/iter; left time: 169.3102s
	speed: 0.0336s/iter; left time: 151.9254s
	speed: 0.0295s/iter; left time: 130.5076s
	speed: 0.0328s/iter; left time: 141.8396s
	speed: 0.0344s/iter; left time: 145.0755s
	speed: 0.0312s/iter; left time: 128.3808s
	speed: 0.0371s/iter; left time: 149.2388s
	speed: 0.0326s/iter; left time: 127.6392s
	speed: 0.0246s/iter; left time: 94.0585s
	speed: 0.0285s/iter; left time: 106.2316s
	speed: 0.0263s/iter; left time: 95.2169s
	speed: 0.0202s/iter; left time: 71.2559s
	speed: 0.0247s/iter; left time: 84.4573s
	speed: 0.0177s/iter; left time: 58.6679s
	speed: 0.0179s/iter; left time: 57.5967s
	speed: 0.0252s/iter; left time: 78.5857s
	speed: 0.0265s/iter; left time: 80.1315s
	speed: 0.0278s/iter; left time: 81.2718s
	speed: 0.0247s/iter; left time: 69.6206s
	speed: 0.0212s/iter; left time: 57.7675s
	speed: 0.0249s/iter; left time: 65.2965s
	speed: 0.0349s/iter; left time: 88.0159s
	speed: 0.0283s/iter; left time: 68.6232s
	speed: 0.0250s/iter; left time: 58.1239s
	speed: 0.0207s/iter; left time: 45.9761s
	speed: 0.0196s/iter; left time: 41.4760s
	speed: 0.0288s/iter; left time: 58.1927s
	speed: 0.0379s/iter; left time: 72.8107s
	speed: 0.0367s/iter; left time: 66.8162s
	speed: 0.0371s/iter; left time: 63.8713s
	speed: 0.0353s/iter; left time: 57.2004s
	speed: 0.0212s/iter; left time: 32.2247s
	speed: 0.0197s/iter; left time: 27.9854s
	speed: 0.0211s/iter; left time: 27.8291s
	speed: 0.0371s/iter; left time: 45.3006s
	speed: 0.0270s/iter; left time: 30.2528s
	speed: 0.0351s/iter; left time: 35.8595s
	speed: 0.0380s/iter; left time: 35.0031s
	speed: 0.0237s/iter; left time: 19.4764s
	speed: 0.0163s/iter; left time: 11.7411s
	speed: 0.0163s/iter; left time: 10.0946s
	speed: 0.0185s/iter; left time: 9.6458s
	speed: 0.0348s/iter; left time: 14.6547s
	speed: 0.0389s/iter; left time: 12.4741s
	speed: 0.0352s/iter; left time: 7.7842s
	speed: 0.0388s/iter; left time: 4.6967s
	speed: 0.0381s/iter; left time: 0.8002s
2025-11-13 17:25:49,201 - INFO - 训练完成!
2025-11-13 17:25:49,201 - INFO - 开始测试模型...
Epoch: 1, Cost time: 419.305s 
Loading checkpoint from: checkpoints2_anormly_ratio_analysis/contact_anormly_ratio3.0_20251113_171840/contact_cleaned_1minut_20250928_172122_checkpoint_2025-11-13_17-25-49/model.pth
Threshold : 0.3394851088523865
2025-11-13 17:29:43,021 - INFO - 测试完成!
pa_accuracy           : 0.9515
pa_precision          : 0.5181
pa_recall             : 0.6141
pa_f_score            : 0.5620
MCC_score             : 0.5387
Affiliation precision : 0.5215
Affiliation recall    : 0.7966
R_AUC_ROC             : 0.6559
R_AUC_PR              : 0.5148
VUS_ROC               : 0.6557
VUS_PR                : 0.5092
Accuracy : 0.9515, Precision : 0.5181, Recall : 0.6141, F-score : 0.5620 
Test results saved to: checkpoints2_anormly_ratio_analysis/contact_anormly_ratio3.0_20251113_171840/contact_cleaned_1minut_20250928_172122_checkpoint_2025-11-13_17-25-49/result.json
/home/wanting/KDD2023-DCdetector/venv/lib/python3.12/site-packages/tsfresh/__init__.py:12: UserWarning: pkg_resources is deprecated as an API. See https://setuptools.pypa.io/en/latest/pkg_resources.html. The pkg_resources package is slated for removal as early as 2025-11-30. Refrain from using this package or pin to Setuptools<81.
  import pkg_resources
2025-11-13 17:29:46,305 - INFO - 开始使用自定义数据集运行DCdetector...
2025-11-13 17:29:46,306 - INFO - 数据集: Custom
2025-11-13 17:29:46,306 - INFO - 输入特征维度: 10
2025-11-13 17:29:46,306 - INFO - 窗口大小: 30
2025-11-13 17:29:46,306 - INFO - 批次大小: 32
2025-11-13 17:29:50,457 - INFO - 开始训练模型...
[onlyNormalData=True] 训练集过滤异常数据: 377158 行 -> 339888 行 (移除 37270 个异常样本)

[PCA降维] 启用
  n_components=10
  PCA前特征维度: 27
  PCA后特征维度: 10
  解释方差比（前10个）: [0.51869311 0.15333047 0.1103832  0.07160594 0.0435558  0.02740393
 0.0225212  0.01900313 0.00983904 0.00835796]
  累积解释方差: 0.9847
  时间点数量: train=339888, val=80820, test=80820 (未改变)
[PCA降维] 完成
数据加载自: dataset/downsampleData_scratch_1minut/contact/contact_cleaned_1minut_20250928_172122.parquet
训练集形状: (339888, 10)
验证集形状: (80820, 10)
测试集形状: (80820, 10)
特征维度: 10
异常比例（行级）:
- 训练集: 原始 9.88% -> 现有 0.00%
- 验证集: 5.85%
- 测试集: 5.06%
[onlyNormalData=True] 训练集过滤异常数据: 377158 行 -> 339888 行 (移除 37270 个异常样本)

[PCA降维] 启用
  n_components=10
  PCA前特征维度: 27
  PCA后特征维度: 10
  解释方差比（前10个）: [0.51869311 0.15333047 0.1103832  0.07160594 0.0435558  0.02740393
 0.0225212  0.01900313 0.00983904 0.00835796]
  累积解释方差: 0.9847
  时间点数量: train=339888, val=80820, test=80820 (未改变)
[PCA降维] 完成
数据加载自: dataset/downsampleData_scratch_1minut/contact/contact_cleaned_1minut_20250928_172122.parquet
训练集形状: (339888, 10)
验证集形状: (80820, 10)
测试集形状: (80820, 10)
特征维度: 10
异常比例（行级）:
- 训练集: 原始 9.88% -> 现有 0.00%
- 验证集: 5.85%
- 测试集: 5.06%
[onlyNormalData=True] 训练集过滤异常数据: 377158 行 -> 339888 行 (移除 37270 个异常样本)

[PCA降维] 启用
  n_components=10
  PCA前特征维度: 27
  PCA后特征维度: 10
  解释方差比（前10个）: [0.51869311 0.15333047 0.1103832  0.07160594 0.0435558  0.02740393
 0.0225212  0.01900313 0.00983904 0.00835796]
  累积解释方差: 0.9847
  时间点数量: train=339888, val=80820, test=80820 (未改变)
[PCA降维] 完成
数据加载自: dataset/downsampleData_scratch_1minut/contact/contact_cleaned_1minut_20250928_172122.parquet
训练集形状: (339888, 10)
验证集形状: (80820, 10)
测试集形状: (80820, 10)
特征维度: 10
异常比例（行级）:
- 训练集: 原始 9.88% -> 现有 0.00%
- 验证集: 5.85%
- 测试集: 5.06%
[onlyNormalData=True] 训练集过滤异常数据: 377158 行 -> 339888 行 (移除 37270 个异常样本)

[PCA降维] 启用
  n_components=10
  PCA前特征维度: 27
  PCA后特征维度: 10
  解释方差比（前10个）: [0.51869311 0.15333047 0.1103832  0.07160594 0.0435558  0.02740393
 0.0225212  0.01900313 0.00983904 0.00835796]
  累积解释方差: 0.9847
  时间点数量: train=339888, val=80820, test=80820 (未改变)
[PCA降维] 完成
数据加载自: dataset/downsampleData_scratch_1minut/contact/contact_cleaned_1minut_20250928_172122.parquet
训练集形状: (339888, 10)
验证集形状: (80820, 10)
测试集形状: (80820, 10)
特征维度: 10
异常比例（行级）:
- 训练集: 原始 9.88% -> 现有 0.00%
- 验证集: 5.85%
- 测试集: 5.06%
	speed: 0.0429s/iter; left time: 451.5968s
	speed: 0.0402s/iter; left time: 418.7129s
	speed: 0.0343s/iter; left time: 354.0580s
	speed: 0.0369s/iter; left time: 377.6012s
	speed: 0.0398s/iter; left time: 403.2719s
	speed: 0.0415s/iter; left time: 415.5824s
	speed: 0.0412s/iter; left time: 409.1895s
	speed: 0.0389s/iter; left time: 381.7525s
	speed: 0.0398s/iter; left time: 386.8553s
	speed: 0.0389s/iter; left time: 374.5252s
	speed: 0.0387s/iter; left time: 368.7141s
	speed: 0.0403s/iter; left time: 379.7019s
	speed: 0.0406s/iter; left time: 378.0416s
	speed: 0.0392s/iter; left time: 361.4010s
	speed: 0.0393s/iter; left time: 358.3902s
	speed: 0.0395s/iter; left time: 356.4604s
	speed: 0.0402s/iter; left time: 358.5289s
	speed: 0.0400s/iter; left time: 353.1070s
	speed: 0.0357s/iter; left time: 311.6387s
	speed: 0.0356s/iter; left time: 307.2691s
	speed: 0.0355s/iter; left time: 302.4639s
	speed: 0.0373s/iter; left time: 314.4837s
	speed: 0.0386s/iter; left time: 321.0329s
	speed: 0.0375s/iter; left time: 308.5641s
	speed: 0.0426s/iter; left time: 346.0087s
	speed: 0.0399s/iter; left time: 319.6932s
	speed: 0.0430s/iter; left time: 340.8625s
	speed: 0.0420s/iter; left time: 328.6709s
	speed: 0.0412s/iter; left time: 318.1494s
	speed: 0.0395s/iter; left time: 301.2653s
	speed: 0.0391s/iter; left time: 294.0335s
	speed: 0.0340s/iter; left time: 252.5539s
	speed: 0.0401s/iter; left time: 293.4432s
	speed: 0.0382s/iter; left time: 275.4815s
	speed: 0.0392s/iter; left time: 278.8552s
	speed: 0.0381s/iter; left time: 267.3026s
	speed: 0.0378s/iter; left time: 261.7879s
	speed: 0.0353s/iter; left time: 240.8083s
	speed: 0.0345s/iter; left time: 232.0279s
	speed: 0.0350s/iter; left time: 231.8981s
	speed: 0.0398s/iter; left time: 259.5811s
	speed: 0.0410s/iter; left time: 263.2350s
	speed: 0.0411s/iter; left time: 259.6858s
	speed: 0.0443s/iter; left time: 275.3168s
	speed: 0.0440s/iter; left time: 269.1207s
	speed: 0.0440s/iter; left time: 264.9367s
	speed: 0.0439s/iter; left time: 260.2009s
	speed: 0.0443s/iter; left time: 257.9434s
	speed: 0.0432s/iter; left time: 247.2024s
	speed: 0.0447s/iter; left time: 251.2637s
	speed: 0.0436s/iter; left time: 240.5204s
	speed: 0.0434s/iter; left time: 235.2807s
	speed: 0.0407s/iter; left time: 216.5231s
	speed: 0.0436s/iter; left time: 227.7716s
	speed: 0.0454s/iter; left time: 232.5423s
	speed: 0.0449s/iter; left time: 225.3386s
	speed: 0.0450s/iter; left time: 221.4493s
	speed: 0.0447s/iter; left time: 215.4456s
	speed: 0.0446s/iter; left time: 210.5142s
	speed: 0.0442s/iter; left time: 204.3389s
	speed: 0.0440s/iter; left time: 198.7704s
	speed: 0.0404s/iter; left time: 178.4582s
	speed: 0.0468s/iter; left time: 202.0706s
	speed: 0.0447s/iter; left time: 188.7295s
	speed: 0.0324s/iter; left time: 133.6505s
	speed: 0.0454s/iter; left time: 182.5994s
	speed: 0.0481s/iter; left time: 188.6158s
	speed: 0.0475s/iter; left time: 181.5218s
	speed: 0.0466s/iter; left time: 173.3411s
	speed: 0.0464s/iter; left time: 167.9507s
	speed: 0.0471s/iter; left time: 165.6776s
	speed: 0.0458s/iter; left time: 156.5539s
	speed: 0.0452s/iter; left time: 150.0346s
	speed: 0.0460s/iter; left time: 148.1465s
	speed: 0.0481s/iter; left time: 149.9899s
	speed: 0.0456s/iter; left time: 137.7173s
	speed: 0.0458s/iter; left time: 133.8144s
	speed: 0.0459s/iter; left time: 129.4706s
	speed: 0.0494s/iter; left time: 134.4146s
	speed: 0.0472s/iter; left time: 123.6574s
	speed: 0.0458s/iter; left time: 115.3491s
	speed: 0.0441s/iter; left time: 106.6984s
	speed: 0.0460s/iter; left time: 106.8493s
	speed: 0.0468s/iter; left time: 103.9089s
	speed: 0.0450s/iter; left time: 95.3569s
	speed: 0.0434s/iter; left time: 87.6253s
	speed: 0.0464s/iter; left time: 89.1843s
	speed: 0.0458s/iter; left time: 83.4688s
	speed: 0.0456s/iter; left time: 78.4024s
	speed: 0.0453s/iter; left time: 73.4748s
	speed: 0.0354s/iter; left time: 53.7749s
	speed: 0.0440s/iter; left time: 62.5193s
	speed: 0.0444s/iter; left time: 58.6985s
	speed: 0.0463s/iter; left time: 56.5320s
	speed: 0.0477s/iter; left time: 53.4847s
	speed: 0.0430s/iter; left time: 43.9174s
	speed: 0.0461s/iter; left time: 42.4418s
	speed: 0.0446s/iter; left time: 36.6573s
	speed: 0.0466s/iter; left time: 33.5793s
	speed: 0.0362s/iter; left time: 22.4690s
	speed: 0.0406s/iter; left time: 21.1328s
	speed: 0.0387s/iter; left time: 16.3131s
	speed: 0.0456s/iter; left time: 14.6506s
	speed: 0.0457s/iter; left time: 10.0935s
	speed: 0.0496s/iter; left time: 6.0042s
	speed: 0.0485s/iter; left time: 1.0175s
2025-11-13 17:38:29,297 - INFO - 训练完成!
2025-11-13 17:38:29,298 - INFO - 开始测试模型...
Epoch: 1, Cost time: 518.802s 
Loading checkpoint from: checkpoints2_anormly_ratio_analysis/contact_anormly_ratio4.0_20251113_172944/contact_cleaned_1minut_20250928_172122_checkpoint_2025-11-13_17-38-29/model.pth
Threshold : 0.3372812867164612
2025-11-13 17:43:12,055 - INFO - 测试完成!
pa_accuracy           : 0.9463
pa_precision          : 0.4796
pa_recall             : 0.6943
pa_f_score            : 0.5673
MCC_score             : 0.5502
Affiliation precision : 0.5365
Affiliation recall    : 0.8583
R_AUC_ROC             : 0.6695
R_AUC_PR              : 0.5129
VUS_ROC               : 0.6748
VUS_PR                : 0.5124
Accuracy : 0.9463, Precision : 0.4796, Recall : 0.6943, F-score : 0.5673 
Test results saved to: checkpoints2_anormly_ratio_analysis/contact_anormly_ratio4.0_20251113_172944/contact_cleaned_1minut_20250928_172122_checkpoint_2025-11-13_17-38-29/result.json
/home/wanting/KDD2023-DCdetector/venv/lib/python3.12/site-packages/tsfresh/__init__.py:12: UserWarning: pkg_resources is deprecated as an API. See https://setuptools.pypa.io/en/latest/pkg_resources.html. The pkg_resources package is slated for removal as early as 2025-11-30. Refrain from using this package or pin to Setuptools<81.
  import pkg_resources
2025-11-13 17:43:14,764 - INFO - 开始使用自定义数据集运行DCdetector...
2025-11-13 17:43:14,765 - INFO - 数据集: Custom
2025-11-13 17:43:14,765 - INFO - 输入特征维度: 10
2025-11-13 17:43:14,765 - INFO - 窗口大小: 30
2025-11-13 17:43:14,765 - INFO - 批次大小: 32
2025-11-13 17:43:17,005 - INFO - 开始训练模型...
[onlyNormalData=True] 训练集过滤异常数据: 377158 行 -> 339888 行 (移除 37270 个异常样本)

[PCA降维] 启用
  n_components=10
  PCA前特征维度: 27
  PCA后特征维度: 10
  解释方差比（前10个）: [0.51869311 0.15333047 0.1103832  0.07160594 0.0435558  0.02740393
 0.0225212  0.01900313 0.00983904 0.00835796]
  累积解释方差: 0.9847
  时间点数量: train=339888, val=80820, test=80820 (未改变)
[PCA降维] 完成
数据加载自: dataset/downsampleData_scratch_1minut/contact/contact_cleaned_1minut_20250928_172122.parquet
训练集形状: (339888, 10)
验证集形状: (80820, 10)
测试集形状: (80820, 10)
特征维度: 10
异常比例（行级）:
- 训练集: 原始 9.88% -> 现有 0.00%
- 验证集: 5.85%
- 测试集: 5.06%
[onlyNormalData=True] 训练集过滤异常数据: 377158 行 -> 339888 行 (移除 37270 个异常样本)

[PCA降维] 启用
  n_components=10
  PCA前特征维度: 27
  PCA后特征维度: 10
  解释方差比（前10个）: [0.51869311 0.15333047 0.1103832  0.07160594 0.0435558  0.02740393
 0.0225212  0.01900313 0.00983904 0.00835796]
  累积解释方差: 0.9847
  时间点数量: train=339888, val=80820, test=80820 (未改变)
[PCA降维] 完成
数据加载自: dataset/downsampleData_scratch_1minut/contact/contact_cleaned_1minut_20250928_172122.parquet
训练集形状: (339888, 10)
验证集形状: (80820, 10)
测试集形状: (80820, 10)
特征维度: 10
异常比例（行级）:
- 训练集: 原始 9.88% -> 现有 0.00%
- 验证集: 5.85%
- 测试集: 5.06%
[onlyNormalData=True] 训练集过滤异常数据: 377158 行 -> 339888 行 (移除 37270 个异常样本)

[PCA降维] 启用
  n_components=10
  PCA前特征维度: 27
  PCA后特征维度: 10
  解释方差比（前10个）: [0.51869311 0.15333047 0.1103832  0.07160594 0.0435558  0.02740393
 0.0225212  0.01900313 0.00983904 0.00835796]
  累积解释方差: 0.9847
  时间点数量: train=339888, val=80820, test=80820 (未改变)
[PCA降维] 完成
数据加载自: dataset/downsampleData_scratch_1minut/contact/contact_cleaned_1minut_20250928_172122.parquet
训练集形状: (339888, 10)
验证集形状: (80820, 10)
测试集形状: (80820, 10)
特征维度: 10
异常比例（行级）:
- 训练集: 原始 9.88% -> 现有 0.00%
- 验证集: 5.85%
- 测试集: 5.06%
[onlyNormalData=True] 训练集过滤异常数据: 377158 行 -> 339888 行 (移除 37270 个异常样本)

[PCA降维] 启用
  n_components=10
  PCA前特征维度: 27
  PCA后特征维度: 10
  解释方差比（前10个）: [0.51869311 0.15333047 0.1103832  0.07160594 0.0435558  0.02740393
 0.0225212  0.01900313 0.00983904 0.00835796]
  累积解释方差: 0.9847
  时间点数量: train=339888, val=80820, test=80820 (未改变)
[PCA降维] 完成
数据加载自: dataset/downsampleData_scratch_1minut/contact/contact_cleaned_1minut_20250928_172122.parquet
训练集形状: (339888, 10)
验证集形状: (80820, 10)
测试集形状: (80820, 10)
特征维度: 10
异常比例（行级）:
- 训练集: 原始 9.88% -> 现有 0.00%
- 验证集: 5.85%
- 测试集: 5.06%
	speed: 0.0434s/iter; left time: 456.3965s
	speed: 0.0378s/iter; left time: 394.3967s
	speed: 0.0383s/iter; left time: 394.9216s
	speed: 0.0366s/iter; left time: 374.0937s
	speed: 0.0378s/iter; left time: 382.3912s
	speed: 0.0373s/iter; left time: 373.7379s
	speed: 0.0363s/iter; left time: 360.3955s
	speed: 0.0355s/iter; left time: 348.7060s
	speed: 0.0365s/iter; left time: 354.7008s
	speed: 0.0360s/iter; left time: 346.2700s
	speed: 0.0362s/iter; left time: 344.9124s
	speed: 0.0361s/iter; left time: 339.6596s
	speed: 0.0361s/iter; left time: 336.6803s
	speed: 0.0367s/iter; left time: 338.2832s
	speed: 0.0364s/iter; left time: 332.4523s
	speed: 0.0364s/iter; left time: 327.9754s
	speed: 0.0367s/iter; left time: 326.9872s
	speed: 0.0354s/iter; left time: 312.1773s
	speed: 0.0361s/iter; left time: 314.9632s
	speed: 0.0359s/iter; left time: 309.8382s
	speed: 0.0363s/iter; left time: 309.2833s
	speed: 0.0358s/iter; left time: 301.5588s
	speed: 0.0360s/iter; left time: 299.9372s
	speed: 0.0359s/iter; left time: 294.7697s
	speed: 0.0349s/iter; left time: 283.4295s
	speed: 0.0343s/iter; left time: 274.8150s
	speed: 0.0340s/iter; left time: 269.2731s
	speed: 0.0341s/iter; left time: 266.4192s
	speed: 0.0340s/iter; left time: 262.8710s
	speed: 0.0341s/iter; left time: 260.1157s
	speed: 0.0342s/iter; left time: 257.4027s
	speed: 0.0339s/iter; left time: 251.6964s
	speed: 0.0337s/iter; left time: 247.0810s
	speed: 0.0339s/iter; left time: 244.9587s
	speed: 0.0341s/iter; left time: 242.8132s
	speed: 0.0337s/iter; left time: 236.6435s
	speed: 0.0342s/iter; left time: 236.5581s
	speed: 0.0345s/iter; left time: 235.1159s
	speed: 0.0343s/iter; left time: 230.2090s
	speed: 0.0304s/iter; left time: 201.5562s
	speed: 0.0296s/iter; left time: 192.8207s
	speed: 0.0296s/iter; left time: 189.8430s
	speed: 0.0294s/iter; left time: 186.0551s
	speed: 0.0292s/iter; left time: 181.7815s
	speed: 0.0295s/iter; left time: 180.2636s
	speed: 0.0295s/iter; left time: 177.3722s
	speed: 0.0294s/iter; left time: 174.3653s
	speed: 0.0293s/iter; left time: 170.7585s
	speed: 0.0294s/iter; left time: 168.2523s
	speed: 0.0294s/iter; left time: 165.4782s
	speed: 0.0294s/iter; left time: 162.5578s
	speed: 0.0294s/iter; left time: 159.5490s
	speed: 0.0293s/iter; left time: 155.8925s
	speed: 0.0291s/iter; left time: 152.0631s
	speed: 0.0294s/iter; left time: 150.6988s
	speed: 0.0295s/iter; left time: 147.9356s
	speed: 0.0294s/iter; left time: 144.8512s
	speed: 0.0295s/iter; left time: 142.0841s
	speed: 0.0294s/iter; left time: 138.7308s
	speed: 0.0295s/iter; left time: 136.2525s
	speed: 0.0294s/iter; left time: 133.1098s
	speed: 0.0294s/iter; left time: 130.0881s
	speed: 0.0292s/iter; left time: 126.0420s
	speed: 0.0294s/iter; left time: 124.2872s
	speed: 0.0287s/iter; left time: 118.3249s
	speed: 0.0281s/iter; left time: 112.9892s
	speed: 0.0277s/iter; left time: 108.4763s
	speed: 0.0257s/iter; left time: 98.3045s
	speed: 0.0238s/iter; left time: 88.5585s
	speed: 0.0232s/iter; left time: 84.1008s
	speed: 0.0234s/iter; left time: 82.4287s
	speed: 0.0234s/iter; left time: 79.8996s
	speed: 0.0232s/iter; left time: 76.9875s
	speed: 0.0234s/iter; left time: 75.2729s
	speed: 0.0238s/iter; left time: 74.3862s
	speed: 0.0232s/iter; left time: 70.2166s
	speed: 0.0230s/iter; left time: 67.2568s
	speed: 0.0234s/iter; left time: 65.9689s
	speed: 0.0236s/iter; left time: 64.1521s
	speed: 0.0236s/iter; left time: 61.8753s
	speed: 0.0236s/iter; left time: 59.4095s
	speed: 0.0242s/iter; left time: 58.6734s
	speed: 0.0234s/iter; left time: 54.4243s
	speed: 0.0241s/iter; left time: 53.5125s
	speed: 0.0235s/iter; left time: 49.7679s
	speed: 0.0198s/iter; left time: 40.0479s
	speed: 0.0197s/iter; left time: 37.8453s
	speed: 0.0199s/iter; left time: 36.1760s
	speed: 0.0209s/iter; left time: 35.9694s
	speed: 0.0196s/iter; left time: 31.7046s
	speed: 0.0205s/iter; left time: 31.2007s
	speed: 0.0196s/iter; left time: 27.9111s
	speed: 0.0200s/iter; left time: 26.4560s
	speed: 0.0194s/iter; left time: 23.7170s
	speed: 0.0173s/iter; left time: 19.3665s
	speed: 0.0176s/iter; left time: 17.9726s
	speed: 0.0175s/iter; left time: 16.0895s
	speed: 0.0176s/iter; left time: 14.4597s
	speed: 0.0178s/iter; left time: 12.8648s
	speed: 0.0185s/iter; left time: 11.5137s
	speed: 0.0180s/iter; left time: 9.3908s
	speed: 0.0172s/iter; left time: 7.2588s
	speed: 0.0179s/iter; left time: 5.7513s
	speed: 0.0186s/iter; left time: 4.1085s
	speed: 0.0206s/iter; left time: 2.4931s
	speed: 0.0213s/iter; left time: 0.4483s
2025-11-13 17:49:16,578 - INFO - 训练完成!
2025-11-13 17:49:16,579 - INFO - 开始测试模型...
Epoch: 1, Cost time: 359.550s 
Loading checkpoint from: checkpoints2_anormly_ratio_analysis/contact_anormly_ratio5.0_20251113_174312/contact_cleaned_1minut_20250928_172122_checkpoint_2025-11-13_17-49-16/model.pth
Threshold : 0.33322417736053467
2025-11-13 17:52:59,332 - INFO - 测试完成!
pa_accuracy           : 0.9382
pa_precision          : 0.4342
pa_recall             : 0.7188
pa_f_score            : 0.5414
MCC_score             : 0.5291
Affiliation precision : 0.5356
Affiliation recall    : 0.8795
R_AUC_ROC             : 0.6762
R_AUC_PR              : 0.5061
VUS_ROC               : 0.6843
VUS_PR                : 0.5088
Accuracy : 0.9382, Precision : 0.4342, Recall : 0.7188, F-score : 0.5414 
Test results saved to: checkpoints2_anormly_ratio_analysis/contact_anormly_ratio5.0_20251113_174312/contact_cleaned_1minut_20250928_172122_checkpoint_2025-11-13_17-49-16/result.json
/home/wanting/KDD2023-DCdetector/venv/lib/python3.12/site-packages/tsfresh/__init__.py:12: UserWarning: pkg_resources is deprecated as an API. See https://setuptools.pypa.io/en/latest/pkg_resources.html. The pkg_resources package is slated for removal as early as 2025-11-30. Refrain from using this package or pin to Setuptools<81.
  import pkg_resources
2025-11-13 17:53:01,975 - INFO - 开始使用自定义数据集运行DCdetector...
2025-11-13 17:53:01,975 - INFO - 数据集: Custom
2025-11-13 17:53:01,975 - INFO - 输入特征维度: 10
2025-11-13 17:53:01,975 - INFO - 窗口大小: 30
2025-11-13 17:53:01,975 - INFO - 批次大小: 32
2025-11-13 17:53:04,033 - INFO - 开始训练模型...
[onlyNormalData=True] 训练集过滤异常数据: 377158 行 -> 339888 行 (移除 37270 个异常样本)

[PCA降维] 启用
  n_components=10
  PCA前特征维度: 27
  PCA后特征维度: 10
  解释方差比（前10个）: [0.51869311 0.15333047 0.1103832  0.07160594 0.0435558  0.02740393
 0.0225212  0.01900313 0.00983904 0.00835796]
  累积解释方差: 0.9847
  时间点数量: train=339888, val=80820, test=80820 (未改变)
[PCA降维] 完成
数据加载自: dataset/downsampleData_scratch_1minut/contact/contact_cleaned_1minut_20250928_172122.parquet
训练集形状: (339888, 10)
验证集形状: (80820, 10)
测试集形状: (80820, 10)
特征维度: 10
异常比例（行级）:
- 训练集: 原始 9.88% -> 现有 0.00%
- 验证集: 5.85%
- 测试集: 5.06%
[onlyNormalData=True] 训练集过滤异常数据: 377158 行 -> 339888 行 (移除 37270 个异常样本)

[PCA降维] 启用
  n_components=10
  PCA前特征维度: 27
  PCA后特征维度: 10
  解释方差比（前10个）: [0.51869311 0.15333047 0.1103832  0.07160594 0.0435558  0.02740393
 0.0225212  0.01900313 0.00983904 0.00835796]
  累积解释方差: 0.9847
  时间点数量: train=339888, val=80820, test=80820 (未改变)
[PCA降维] 完成
数据加载自: dataset/downsampleData_scratch_1minut/contact/contact_cleaned_1minut_20250928_172122.parquet
训练集形状: (339888, 10)
验证集形状: (80820, 10)
测试集形状: (80820, 10)
特征维度: 10
异常比例（行级）:
- 训练集: 原始 9.88% -> 现有 0.00%
- 验证集: 5.85%
- 测试集: 5.06%
[onlyNormalData=True] 训练集过滤异常数据: 377158 行 -> 339888 行 (移除 37270 个异常样本)

[PCA降维] 启用
  n_components=10
  PCA前特征维度: 27
  PCA后特征维度: 10
  解释方差比（前10个）: [0.51869311 0.15333047 0.1103832  0.07160594 0.0435558  0.02740393
 0.0225212  0.01900313 0.00983904 0.00835796]
  累积解释方差: 0.9847
  时间点数量: train=339888, val=80820, test=80820 (未改变)
[PCA降维] 完成
数据加载自: dataset/downsampleData_scratch_1minut/contact/contact_cleaned_1minut_20250928_172122.parquet
训练集形状: (339888, 10)
验证集形状: (80820, 10)
测试集形状: (80820, 10)
特征维度: 10
异常比例（行级）:
- 训练集: 原始 9.88% -> 现有 0.00%
- 验证集: 5.85%
- 测试集: 5.06%
[onlyNormalData=True] 训练集过滤异常数据: 377158 行 -> 339888 行 (移除 37270 个异常样本)

[PCA降维] 启用
  n_components=10
  PCA前特征维度: 27
  PCA后特征维度: 10
  解释方差比（前10个）: [0.51869311 0.15333047 0.1103832  0.07160594 0.0435558  0.02740393
 0.0225212  0.01900313 0.00983904 0.00835796]
  累积解释方差: 0.9847
  时间点数量: train=339888, val=80820, test=80820 (未改变)
[PCA降维] 完成
数据加载自: dataset/downsampleData_scratch_1minut/contact/contact_cleaned_1minut_20250928_172122.parquet
训练集形状: (339888, 10)
验证集形状: (80820, 10)
测试集形状: (80820, 10)
特征维度: 10
异常比例（行级）:
- 训练集: 原始 9.88% -> 现有 0.00%
- 验证集: 5.85%
- 测试集: 5.06%
	speed: 0.0380s/iter; left time: 399.9794s
	speed: 0.0331s/iter; left time: 345.1718s
	speed: 0.0322s/iter; left time: 332.8405s
	speed: 0.0322s/iter; left time: 329.4373s
	speed: 0.0324s/iter; left time: 327.7831s
	speed: 0.0333s/iter; left time: 333.2912s
	speed: 0.0329s/iter; left time: 326.8340s
	speed: 0.0328s/iter; left time: 322.2398s
	speed: 0.0327s/iter; left time: 318.0185s
	speed: 0.0332s/iter; left time: 319.2141s
	speed: 0.0330s/iter; left time: 314.3023s
	speed: 0.0328s/iter; left time: 309.1660s
	speed: 0.0332s/iter; left time: 309.4844s
	speed: 0.0331s/iter; left time: 305.6737s
	speed: 0.0326s/iter; left time: 297.6136s
	speed: 0.0330s/iter; left time: 297.7203s
	speed: 0.0324s/iter; left time: 289.0610s
	speed: 0.0328s/iter; left time: 289.7571s
	speed: 0.0334s/iter; left time: 291.6641s
	speed: 0.0329s/iter; left time: 283.9454s
	speed: 0.0330s/iter; left time: 280.9654s
	speed: 0.0328s/iter; left time: 275.8729s
	speed: 0.0329s/iter; left time: 273.5716s
	speed: 0.0331s/iter; left time: 272.3575s
	speed: 0.0331s/iter; left time: 269.0172s
	speed: 0.0328s/iter; left time: 263.1474s
	speed: 0.0334s/iter; left time: 264.1976s
	speed: 0.0328s/iter; left time: 256.3772s
	speed: 0.0327s/iter; left time: 252.6210s
	speed: 0.0328s/iter; left time: 250.1026s
	speed: 0.0329s/iter; left time: 247.7727s
	speed: 0.0324s/iter; left time: 240.8019s
	speed: 0.0334s/iter; left time: 244.5039s
	speed: 0.0331s/iter; left time: 238.7812s
	speed: 0.0329s/iter; left time: 233.9261s
	speed: 0.0331s/iter; left time: 232.5339s
	speed: 0.0329s/iter; left time: 228.0212s
	speed: 0.0330s/iter; left time: 224.8630s
	speed: 0.0329s/iter; left time: 221.1994s
	speed: 0.0328s/iter; left time: 216.9983s
	speed: 0.0330s/iter; left time: 215.4830s
	speed: 0.0331s/iter; left time: 212.4591s
	speed: 0.0330s/iter; left time: 208.3615s
	speed: 0.0329s/iter; left time: 204.8705s
	speed: 0.0321s/iter; left time: 196.7647s
	speed: 0.0320s/iter; left time: 192.9652s
	speed: 0.0320s/iter; left time: 189.4144s
	speed: 0.0319s/iter; left time: 185.8510s
	speed: 0.0320s/iter; left time: 182.9146s
	speed: 0.0315s/iter; left time: 176.9010s
	speed: 0.0318s/iter; left time: 175.5773s
	speed: 0.0322s/iter; left time: 174.4768s
	speed: 0.0317s/iter; left time: 168.7396s
	speed: 0.0320s/iter; left time: 166.9463s
	speed: 0.0317s/iter; left time: 162.2746s
	speed: 0.0320s/iter; left time: 160.6231s
	speed: 0.0317s/iter; left time: 156.0174s
	speed: 0.0317s/iter; left time: 152.5930s
	speed: 0.0319s/iter; left time: 150.7594s
	speed: 0.0317s/iter; left time: 146.6014s
	speed: 0.0316s/iter; left time: 142.7229s
	speed: 0.0320s/iter; left time: 141.2997s
	speed: 0.0318s/iter; left time: 137.5098s
	speed: 0.0321s/iter; left time: 135.3294s
	speed: 0.0319s/iter; left time: 131.6072s
	speed: 0.0323s/iter; left time: 129.7304s
	speed: 0.0319s/iter; left time: 125.0655s
	speed: 0.0323s/iter; left time: 123.5594s
	speed: 0.0321s/iter; left time: 119.5219s
	speed: 0.0316s/iter; left time: 114.4103s
	speed: 0.0318s/iter; left time: 111.8492s
	speed: 0.0321s/iter; left time: 109.8796s
	speed: 0.0320s/iter; left time: 106.2804s
	speed: 0.0318s/iter; left time: 102.3316s
	speed: 0.0320s/iter; left time: 99.7933s
	speed: 0.0321s/iter; left time: 97.0358s
	speed: 0.0320s/iter; left time: 93.5661s
	speed: 0.0319s/iter; left time: 90.0927s
	speed: 0.0278s/iter; left time: 75.6663s
	speed: 0.0253s/iter; left time: 66.3895s
	speed: 0.0257s/iter; left time: 64.7709s
	speed: 0.0255s/iter; left time: 61.7524s
	speed: 0.0253s/iter; left time: 58.7820s
	speed: 0.0254s/iter; left time: 56.4350s
	speed: 0.0253s/iter; left time: 53.6435s
	speed: 0.0253s/iter; left time: 51.1020s
	speed: 0.0255s/iter; left time: 48.8980s
	speed: 0.0253s/iter; left time: 46.0338s
	speed: 0.0260s/iter; left time: 44.6663s
	speed: 0.0250s/iter; left time: 40.4487s
	speed: 0.0253s/iter; left time: 38.4583s
	speed: 0.0252s/iter; left time: 35.7582s
	speed: 0.0250s/iter; left time: 33.0652s
	speed: 0.0252s/iter; left time: 30.7926s
	speed: 0.0255s/iter; left time: 28.5381s
	speed: 0.0256s/iter; left time: 26.1804s
	speed: 0.0226s/iter; left time: 20.8122s
	speed: 0.0212s/iter; left time: 17.3742s
	speed: 0.0208s/iter; left time: 15.0219s
	speed: 0.0207s/iter; left time: 12.8593s
	speed: 0.0201s/iter; left time: 10.4593s
	speed: 0.0189s/iter; left time: 7.9722s
	speed: 0.0177s/iter; left time: 5.6852s
	speed: 0.0177s/iter; left time: 3.9037s
	speed: 0.0178s/iter; left time: 2.1523s
	speed: 0.0178s/iter; left time: 0.3734s
2025-11-13 17:59:13,199 - INFO - 训练完成!
2025-11-13 17:59:13,199 - INFO - 开始测试模型...
Epoch: 1, Cost time: 369.143s 
Loading checkpoint from: checkpoints2_anormly_ratio_analysis/contact_anormly_ratio6.0_20251113_175259/contact_cleaned_1minut_20250928_172122_checkpoint_2025-11-13_17-59-13/model.pth
Threshold : 0.33060401678085327
2025-11-13 18:03:17,417 - INFO - 测试完成!
pa_accuracy           : 0.9306
pa_precision          : 0.3993
pa_recall             : 0.7325
pa_f_score            : 0.5168
MCC_score             : 0.5088
Affiliation precision : 0.5398
Affiliation recall    : 0.8772
R_AUC_ROC             : 0.6791
R_AUC_PR              : 0.4972
VUS_ROC               : 0.6858
VUS_PR                : 0.4980
Accuracy : 0.9306, Precision : 0.3993, Recall : 0.7325, F-score : 0.5168 
Test results saved to: checkpoints2_anormly_ratio_analysis/contact_anormly_ratio6.0_20251113_175259/contact_cleaned_1minut_20250928_172122_checkpoint_2025-11-13_17-59-13/result.json
/home/wanting/KDD2023-DCdetector/venv/lib/python3.12/site-packages/tsfresh/__init__.py:12: UserWarning: pkg_resources is deprecated as an API. See https://setuptools.pypa.io/en/latest/pkg_resources.html. The pkg_resources package is slated for removal as early as 2025-11-30. Refrain from using this package or pin to Setuptools<81.
  import pkg_resources
2025-11-13 18:03:20,081 - INFO - 开始使用自定义数据集运行DCdetector...
2025-11-13 18:03:20,081 - INFO - 数据集: Custom
2025-11-13 18:03:20,081 - INFO - 输入特征维度: 10
2025-11-13 18:03:20,081 - INFO - 窗口大小: 30
2025-11-13 18:03:20,081 - INFO - 批次大小: 32
2025-11-13 18:03:22,315 - INFO - 开始训练模型...
[onlyNormalData=True] 训练集过滤异常数据: 408309 行 -> 390335 行 (移除 17974 个异常样本)

[PCA降维] 启用
  n_components=10
  PCA前特征维度: 28
  PCA后特征维度: 10
  解释方差比（前10个）: [0.44531896 0.19176419 0.11007933 0.0892243  0.06624989 0.04059656
 0.01873708 0.00939986 0.00887274 0.00681558]
  累积解释方差: 0.9871
  时间点数量: train=390335, val=87495, test=87495 (未改变)
[PCA降维] 完成
数据加载自: dataset/downsampleData_scratch_1minut/ring/Ring_cleaned_1minut_20250928_170147.parquet
训练集形状: (390335, 10)
验证集形状: (87495, 10)
测试集形状: (87495, 10)
特征维度: 10
异常比例（行级）:
- 训练集: 原始 4.40% -> 现有 0.00%
- 验证集: 2.97%
- 测试集: 4.20%
[onlyNormalData=True] 训练集过滤异常数据: 408309 行 -> 390335 行 (移除 17974 个异常样本)

[PCA降维] 启用
  n_components=10
  PCA前特征维度: 28
  PCA后特征维度: 10
  解释方差比（前10个）: [0.44531896 0.19176419 0.11007933 0.0892243  0.06624989 0.04059656
 0.01873708 0.00939986 0.00887274 0.00681558]
  累积解释方差: 0.9871
  时间点数量: train=390335, val=87495, test=87495 (未改变)
[PCA降维] 完成
数据加载自: dataset/downsampleData_scratch_1minut/ring/Ring_cleaned_1minut_20250928_170147.parquet
训练集形状: (390335, 10)
验证集形状: (87495, 10)
测试集形状: (87495, 10)
特征维度: 10
异常比例（行级）:
- 训练集: 原始 4.40% -> 现有 0.00%
- 验证集: 2.97%
- 测试集: 4.20%
[onlyNormalData=True] 训练集过滤异常数据: 408309 行 -> 390335 行 (移除 17974 个异常样本)

[PCA降维] 启用
  n_components=10
  PCA前特征维度: 28
  PCA后特征维度: 10
  解释方差比（前10个）: [0.44531896 0.19176419 0.11007933 0.0892243  0.06624989 0.04059656
 0.01873708 0.00939986 0.00887274 0.00681558]
  累积解释方差: 0.9871
  时间点数量: train=390335, val=87495, test=87495 (未改变)
[PCA降维] 完成
数据加载自: dataset/downsampleData_scratch_1minut/ring/Ring_cleaned_1minut_20250928_170147.parquet
训练集形状: (390335, 10)
验证集形状: (87495, 10)
测试集形状: (87495, 10)
特征维度: 10
异常比例（行级）:
- 训练集: 原始 4.40% -> 现有 0.00%
- 验证集: 2.97%
- 测试集: 4.20%
[onlyNormalData=True] 训练集过滤异常数据: 408309 行 -> 390335 行 (移除 17974 个异常样本)

[PCA降维] 启用
  n_components=10
  PCA前特征维度: 28
  PCA后特征维度: 10
  解释方差比（前10个）: [0.44531896 0.19176419 0.11007933 0.0892243  0.06624989 0.04059656
 0.01873708 0.00939986 0.00887274 0.00681558]
  累积解释方差: 0.9871
  时间点数量: train=390335, val=87495, test=87495 (未改变)
[PCA降维] 完成
数据加载自: dataset/downsampleData_scratch_1minut/ring/Ring_cleaned_1minut_20250928_170147.parquet
训练集形状: (390335, 10)
验证集形状: (87495, 10)
测试集形状: (87495, 10)
特征维度: 10
异常比例（行级）:
- 训练集: 原始 4.40% -> 现有 0.00%
- 验证集: 2.97%
- 测试集: 4.20%
	speed: 0.0392s/iter; left time: 474.3392s
	speed: 0.0333s/iter; left time: 399.2813s
	speed: 0.0335s/iter; left time: 398.6037s
	speed: 0.0336s/iter; left time: 396.6413s
	speed: 0.0339s/iter; left time: 397.0916s
	speed: 0.0348s/iter; left time: 403.9690s
	speed: 0.0344s/iter; left time: 395.2992s
	speed: 0.0343s/iter; left time: 390.8371s
	speed: 0.0340s/iter; left time: 383.6112s
	speed: 0.0336s/iter; left time: 376.0551s
	speed: 0.0340s/iter; left time: 377.2858s
	speed: 0.0337s/iter; left time: 370.5648s
	speed: 0.0342s/iter; left time: 372.8950s
	speed: 0.0339s/iter; left time: 366.1458s
	speed: 0.0335s/iter; left time: 358.3621s
	speed: 0.0338s/iter; left time: 358.1280s
	speed: 0.0339s/iter; left time: 356.0278s
	speed: 0.0333s/iter; left time: 346.0902s
	speed: 0.0339s/iter; left time: 349.5792s
	speed: 0.0336s/iter; left time: 342.4724s
	speed: 0.0350s/iter; left time: 353.7537s
	speed: 0.0335s/iter; left time: 335.1335s
	speed: 0.0348s/iter; left time: 344.4741s
	speed: 0.0355s/iter; left time: 348.1785s
	speed: 0.0356s/iter; left time: 345.1183s
	speed: 0.0360s/iter; left time: 345.3870s
	speed: 0.0358s/iter; left time: 340.2533s
	speed: 0.0359s/iter; left time: 337.2671s
	speed: 0.0357s/iter; left time: 332.1727s
	speed: 0.0358s/iter; left time: 329.3580s
	speed: 0.0363s/iter; left time: 330.1271s
	speed: 0.0359s/iter; left time: 322.8308s
	speed: 0.0358s/iter; left time: 318.7274s
	speed: 0.0358s/iter; left time: 314.8577s
	speed: 0.0361s/iter; left time: 314.1583s
	speed: 0.0357s/iter; left time: 306.6244s
	speed: 0.0362s/iter; left time: 308.0146s
	speed: 0.0356s/iter; left time: 298.7244s
	speed: 0.0351s/iter; left time: 290.9765s
	speed: 0.0357s/iter; left time: 292.6285s
	speed: 0.0362s/iter; left time: 293.2462s
	speed: 0.0357s/iter; left time: 285.4315s
	speed: 0.0354s/iter; left time: 279.7517s
	speed: 0.0359s/iter; left time: 279.7026s
	speed: 0.0360s/iter; left time: 277.4579s
	speed: 0.0357s/iter; left time: 270.9371s
	speed: 0.0355s/iter; left time: 266.2966s
	speed: 0.0352s/iter; left time: 260.1264s
	speed: 0.0356s/iter; left time: 260.1218s
	speed: 0.0359s/iter; left time: 258.4370s
	speed: 0.0360s/iter; left time: 255.4867s
	speed: 0.0361s/iter; left time: 252.3814s
	speed: 0.0356s/iter; left time: 245.7308s
	speed: 0.0358s/iter; left time: 243.0945s
	speed: 0.0358s/iter; left time: 239.8188s
	speed: 0.0356s/iter; left time: 234.6152s
	speed: 0.0357s/iter; left time: 232.0279s
	speed: 0.0362s/iter; left time: 231.6435s
	speed: 0.0352s/iter; left time: 221.6131s
	speed: 0.0346s/iter; left time: 214.5569s
	speed: 0.0337s/iter; left time: 205.3350s
	speed: 0.0349s/iter; left time: 209.3981s
	speed: 0.0333s/iter; left time: 196.5456s
	speed: 0.0343s/iter; left time: 198.7352s
	speed: 0.0344s/iter; left time: 196.1668s
	speed: 0.0347s/iter; left time: 194.5207s
	speed: 0.0343s/iter; left time: 188.6545s
	speed: 0.0343s/iter; left time: 184.9688s
	speed: 0.0347s/iter; left time: 183.7107s
	speed: 0.0339s/iter; left time: 176.4609s
	speed: 0.0347s/iter; left time: 176.7804s
	speed: 0.0348s/iter; left time: 173.8378s
	speed: 0.0337s/iter; left time: 164.8900s
	speed: 0.0343s/iter; left time: 164.5343s
	speed: 0.0351s/iter; left time: 164.7386s
	speed: 0.0341s/iter; left time: 156.7713s
	speed: 0.0342s/iter; left time: 153.9770s
	speed: 0.0349s/iter; left time: 153.5604s
	speed: 0.0344s/iter; left time: 147.8220s
	speed: 0.0340s/iter; left time: 142.8038s
	speed: 0.0348s/iter; left time: 142.7839s
	speed: 0.0335s/iter; left time: 133.8096s
	speed: 0.0357s/iter; left time: 139.1284s
	speed: 0.0347s/iter; left time: 131.7059s
	speed: 0.0352s/iter; left time: 130.3114s
	speed: 0.0340s/iter; left time: 122.3760s
	speed: 0.0347s/iter; left time: 121.3422s
	speed: 0.0345s/iter; left time: 117.2696s
	speed: 0.0342s/iter; left time: 112.8830s
	speed: 0.0347s/iter; left time: 111.0357s
	speed: 0.0353s/iter; left time: 109.2103s
	speed: 0.0310s/iter; left time: 92.8623s
	speed: 0.0281s/iter; left time: 81.4439s
	speed: 0.0279s/iter; left time: 77.9416s
	speed: 0.0278s/iter; left time: 74.9986s
	speed: 0.0277s/iter; left time: 71.9132s
	speed: 0.0277s/iter; left time: 69.0861s
	speed: 0.0276s/iter; left time: 66.0763s
	speed: 0.0281s/iter; left time: 64.5762s
	speed: 0.0276s/iter; left time: 60.7559s
	speed: 0.0276s/iter; left time: 57.8448s
	speed: 0.0279s/iter; left time: 55.7379s
	speed: 0.0278s/iter; left time: 52.8476s
	speed: 0.0277s/iter; left time: 49.8093s
	speed: 0.0277s/iter; left time: 47.0197s
	speed: 0.0273s/iter; left time: 43.6858s
	speed: 0.0272s/iter; left time: 40.7186s
	speed: 0.0276s/iter; left time: 38.6406s
	speed: 0.0279s/iter; left time: 36.2249s
	speed: 0.0280s/iter; left time: 33.5454s
	speed: 0.0265s/iter; left time: 29.1360s
	speed: 0.0238s/iter; left time: 23.7671s
	speed: 0.0225s/iter; left time: 20.1771s
	speed: 0.0223s/iter; left time: 17.8177s
	speed: 0.0226s/iter; left time: 15.7982s
	speed: 0.0226s/iter; left time: 13.5380s
	speed: 0.0223s/iter; left time: 11.1180s
	speed: 0.0227s/iter; left time: 9.0329s
	speed: 0.0230s/iter; left time: 6.8622s
	speed: 0.0243s/iter; left time: 4.8168s
	speed: 0.0260s/iter; left time: 2.5509s
2025-11-13 18:11:25,668 - INFO - 训练完成!
2025-11-13 18:11:25,668 - INFO - 开始测试模型...
Epoch: 1, Cost time: 483.330s 
Loading checkpoint from: checkpoints2_anormly_ratio_analysis/ring_anormly_ratio1.0_20251113_180318/Ring_cleaned_1minut_20250928_170147_checkpoint_2025-11-13_18-11-25/model.pth
Threshold : 0.34594595432281494
2025-11-13 18:16:50,866 - INFO - 测试完成!
pa_accuracy           : 0.9600
pa_precision          : 0.5526
pa_recall             : 0.2583
pa_f_score            : 0.3520
MCC_score             : 0.3602
Affiliation precision : 0.5275
Affiliation recall    : 0.4510
R_AUC_ROC             : 0.5736
R_AUC_PR              : 0.4316
VUS_ROC               : 0.5673
VUS_PR                : 0.4191
Accuracy : 0.9600, Precision : 0.5526, Recall : 0.2583, F-score : 0.3520 
Test results saved to: checkpoints2_anormly_ratio_analysis/ring_anormly_ratio1.0_20251113_180318/Ring_cleaned_1minut_20250928_170147_checkpoint_2025-11-13_18-11-25/result.json

================================================================================
ANOMALY TRANSFORMER - PARAMETER ANALYSIS
================================================================================
Parameter to analyze: anormly_ratio
Parameter values: [1.0, 2.0, 3.0, 4.0, 5.0, 6.0]
Datasets: ['contact', 'ring', 'pcb']
Fixed parameters: {'num_epochs': 1, 'batch_size': 32, 'lr': 0.0001, 'win_size': 30, 'n_heads': 1, 'e_layers': 3, 'patch_size': '3,6,10', 'anormly_ratio': 3.0}
================================================================================

Working directory: /home/wanting/KDD2023-DCdetector


Starting experiments...

################################################################################
# Experiment 1/18
# Dataset: contact, anormly_ratio: 1.0
################################################################################


================================================================================
Running: contact | anormly_ratio=1.0
================================================================================
Command: python run_custom_dataset.py --dataset Custom --data_path dataset/downsampleData_scratch_1minut/contact/contact_cleaned_1minut_20250928_172122.parquet --num_epochs 1 --win_size 30 --batch_size 32 --mode train --input_c 10 --output_c 10 --lr 0.0001 --anormly_ratio 1.0 --index 0 --patience 3 --patch_size 3,6,10 --n_heads 1 --d_model 256 --e_layers 3 --d_ff 512 --activation gelu --output_attention True --model_save_path checkpoints2_anormly_ratio_analysis/contact_anormly_ratio1.0_20251113_170506
================================================================================


✓ Results: Precision=0.5774, Recall=0.2947, F-score=0.3902

################################################################################
# Experiment 2/18
# Dataset: contact, anormly_ratio: 2.0
################################################################################


================================================================================
Running: contact | anormly_ratio=2.0
================================================================================
Command: python run_custom_dataset.py --dataset Custom --data_path dataset/downsampleData_scratch_1minut/contact/contact_cleaned_1minut_20250928_172122.parquet --num_epochs 1 --win_size 30 --batch_size 32 --mode train --input_c 10 --output_c 10 --lr 0.0001 --anormly_ratio 2.0 --index 0 --patience 3 --patch_size 3,6,10 --n_heads 1 --d_model 256 --e_layers 3 --d_ff 512 --activation gelu --output_attention True --model_save_path checkpoints2_anormly_ratio_analysis/contact_anormly_ratio2.0_20251113_170953
================================================================================


✓ Results: Precision=0.5088, Recall=0.4008, F-score=0.4484

################################################################################
# Experiment 3/18
# Dataset: contact, anormly_ratio: 3.0
################################################################################


================================================================================
Running: contact | anormly_ratio=3.0
================================================================================
Command: python run_custom_dataset.py --dataset Custom --data_path dataset/downsampleData_scratch_1minut/contact/contact_cleaned_1minut_20250928_172122.parquet --num_epochs 1 --win_size 30 --batch_size 32 --mode train --input_c 10 --output_c 10 --lr 0.0001 --anormly_ratio 3.0 --index 0 --patience 3 --patch_size 3,6,10 --n_heads 1 --d_model 256 --e_layers 3 --d_ff 512 --activation gelu --output_attention True --model_save_path checkpoints2_anormly_ratio_analysis/contact_anormly_ratio3.0_20251113_171840
================================================================================


✓ Results: Precision=0.5181, Recall=0.6141, F-score=0.5620

################################################################################
# Experiment 4/18
# Dataset: contact, anormly_ratio: 4.0
################################################################################


================================================================================
Running: contact | anormly_ratio=4.0
================================================================================
Command: python run_custom_dataset.py --dataset Custom --data_path dataset/downsampleData_scratch_1minut/contact/contact_cleaned_1minut_20250928_172122.parquet --num_epochs 1 --win_size 30 --batch_size 32 --mode train --input_c 10 --output_c 10 --lr 0.0001 --anormly_ratio 4.0 --index 0 --patience 3 --patch_size 3,6,10 --n_heads 1 --d_model 256 --e_layers 3 --d_ff 512 --activation gelu --output_attention True --model_save_path checkpoints2_anormly_ratio_analysis/contact_anormly_ratio4.0_20251113_172944
================================================================================


✓ Results: Precision=0.4796, Recall=0.6943, F-score=0.5673

################################################################################
# Experiment 5/18
# Dataset: contact, anormly_ratio: 5.0
################################################################################


================================================================================
Running: contact | anormly_ratio=5.0
================================================================================
Command: python run_custom_dataset.py --dataset Custom --data_path dataset/downsampleData_scratch_1minut/contact/contact_cleaned_1minut_20250928_172122.parquet --num_epochs 1 --win_size 30 --batch_size 32 --mode train --input_c 10 --output_c 10 --lr 0.0001 --anormly_ratio 5.0 --index 0 --patience 3 --patch_size 3,6,10 --n_heads 1 --d_model 256 --e_layers 3 --d_ff 512 --activation gelu --output_attention True --model_save_path checkpoints2_anormly_ratio_analysis/contact_anormly_ratio5.0_20251113_174312
================================================================================


✓ Results: Precision=0.4342, Recall=0.7188, F-score=0.5414

################################################################################
# Experiment 6/18
# Dataset: contact, anormly_ratio: 6.0
################################################################################


================================================================================
Running: contact | anormly_ratio=6.0
================================================================================
Command: python run_custom_dataset.py --dataset Custom --data_path dataset/downsampleData_scratch_1minut/contact/contact_cleaned_1minut_20250928_172122.parquet --num_epochs 1 --win_size 30 --batch_size 32 --mode train --input_c 10 --output_c 10 --lr 0.0001 --anormly_ratio 6.0 --index 0 --patience 3 --patch_size 3,6,10 --n_heads 1 --d_model 256 --e_layers 3 --d_ff 512 --activation gelu --output_attention True --model_save_path checkpoints2_anormly_ratio_analysis/contact_anormly_ratio6.0_20251113_175259
================================================================================


✓ Results: Precision=0.3993, Recall=0.7325, F-score=0.5168

################################################################################
# Experiment 7/18
# Dataset: ring, anormly_ratio: 1.0
################################################################################


================================================================================
Running: ring | anormly_ratio=1.0
================================================================================
Command: python run_custom_dataset.py --dataset Custom --data_path dataset/downsampleData_scratch_1minut/ring/Ring_cleaned_1minut_20250928_170147.parquet --num_epochs 1 --win_size 30 --batch_size 32 --mode train --input_c 10 --output_c 10 --lr 0.0001 --anormly_ratio 1.0 --index 0 --patience 3 --patch_size 3,6,10 --n_heads 1 --d_model 256 --e_layers 3 --d_ff 512 --activation gelu --output_attention True --model_save_path checkpoints2_anormly_ratio_analysis/ring_anormly_ratio1.0_20251113_180318
================================================================================


✓ Results: Precision=0.5526, Recall=0.2583, F-score=0.3520
/home/wanting/KDD2023-DCdetector/venv/lib/python3.12/site-packages/tsfresh/__init__.py:12: UserWarning: pkg_resources is deprecated as an API. See https://setuptools.pypa.io/en/latest/pkg_resources.html. The pkg_resources package is slated for removal as early as 2025-11-30. Refrain from using this package or pin to Setuptools<81.
  import pkg_resources
2025-11-13 18:16:53,503 - INFO - 开始使用自定义数据集运行DCdetector...
2025-11-13 18:16:53,503 - INFO - 数据集: Custom
2025-11-13 18:16:53,503 - INFO - 输入特征维度: 10
2025-11-13 18:16:53,503 - INFO - 窗口大小: 30
2025-11-13 18:16:53,503 - INFO - 批次大小: 32
2025-11-13 18:16:55,689 - INFO - 开始训练模型...
[onlyNormalData=True] 训练集过滤异常数据: 408309 行 -> 390335 行 (移除 17974 个异常样本)

[PCA降维] 启用
  n_components=10
  PCA前特征维度: 28
  PCA后特征维度: 10
  解释方差比（前10个）: [0.44531896 0.19176419 0.11007933 0.0892243  0.06624989 0.04059656
 0.01873708 0.00939986 0.00887274 0.00681558]
  累积解释方差: 0.9871
  时间点数量: train=390335, val=87495, test=87495 (未改变)
[PCA降维] 完成
数据加载自: dataset/downsampleData_scratch_1minut/ring/Ring_cleaned_1minut_20250928_170147.parquet
训练集形状: (390335, 10)
验证集形状: (87495, 10)
测试集形状: (87495, 10)
特征维度: 10
异常比例（行级）:
- 训练集: 原始 4.40% -> 现有 0.00%
- 验证集: 2.97%
- 测试集: 4.20%
[onlyNormalData=True] 训练集过滤异常数据: 408309 行 -> 390335 行 (移除 17974 个异常样本)

[PCA降维] 启用
  n_components=10
  PCA前特征维度: 28
  PCA后特征维度: 10
  解释方差比（前10个）: [0.44531896 0.19176419 0.11007933 0.0892243  0.06624989 0.04059656
 0.01873708 0.00939986 0.00887274 0.00681558]
  累积解释方差: 0.9871
  时间点数量: train=390335, val=87495, test=87495 (未改变)
[PCA降维] 完成
数据加载自: dataset/downsampleData_scratch_1minut/ring/Ring_cleaned_1minut_20250928_170147.parquet
训练集形状: (390335, 10)
验证集形状: (87495, 10)
测试集形状: (87495, 10)
特征维度: 10
异常比例（行级）:
- 训练集: 原始 4.40% -> 现有 0.00%
- 验证集: 2.97%
- 测试集: 4.20%
[onlyNormalData=True] 训练集过滤异常数据: 408309 行 -> 390335 行 (移除 17974 个异常样本)

[PCA降维] 启用
  n_components=10
  PCA前特征维度: 28
  PCA后特征维度: 10
  解释方差比（前10个）: [0.44531896 0.19176419 0.11007933 0.0892243  0.06624989 0.04059656
 0.01873708 0.00939986 0.00887274 0.00681558]
  累积解释方差: 0.9871
  时间点数量: train=390335, val=87495, test=87495 (未改变)
[PCA降维] 完成
数据加载自: dataset/downsampleData_scratch_1minut/ring/Ring_cleaned_1minut_20250928_170147.parquet
训练集形状: (390335, 10)
验证集形状: (87495, 10)
测试集形状: (87495, 10)
特征维度: 10
异常比例（行级）:
- 训练集: 原始 4.40% -> 现有 0.00%
- 验证集: 2.97%
- 测试集: 4.20%
[onlyNormalData=True] 训练集过滤异常数据: 408309 行 -> 390335 行 (移除 17974 个异常样本)

[PCA降维] 启用
  n_components=10
  PCA前特征维度: 28
  PCA后特征维度: 10
  解释方差比（前10个）: [0.44531896 0.19176419 0.11007933 0.0892243  0.06624989 0.04059656
 0.01873708 0.00939986 0.00887274 0.00681558]
  累积解释方差: 0.9871
  时间点数量: train=390335, val=87495, test=87495 (未改变)
[PCA降维] 完成
数据加载自: dataset/downsampleData_scratch_1minut/ring/Ring_cleaned_1minut_20250928_170147.parquet
训练集形状: (390335, 10)
验证集形状: (87495, 10)
测试集形状: (87495, 10)
特征维度: 10
异常比例（行级）:
- 训练集: 原始 4.40% -> 现有 0.00%
- 验证集: 2.97%
- 测试集: 4.20%
	speed: 0.0361s/iter; left time: 436.5168s
	speed: 0.0306s/iter; left time: 366.9355s
	speed: 0.0303s/iter; left time: 360.2218s
	speed: 0.0301s/iter; left time: 355.1739s
	speed: 0.0266s/iter; left time: 311.5705s
	speed: 0.0263s/iter; left time: 305.4667s
	speed: 0.0265s/iter; left time: 305.0588s
	speed: 0.0265s/iter; left time: 301.7299s
	speed: 0.0263s/iter; left time: 296.8645s
	speed: 0.0264s/iter; left time: 295.9018s
	speed: 0.0266s/iter; left time: 294.7557s
	speed: 0.0281s/iter; left time: 308.9787s
	speed: 0.0295s/iter; left time: 321.8049s
	speed: 0.0306s/iter; left time: 330.7522s
	speed: 0.0306s/iter; left time: 327.2865s
	speed: 0.0305s/iter; left time: 323.3969s
	speed: 0.0305s/iter; left time: 320.6553s
	speed: 0.0305s/iter; left time: 317.1780s
	speed: 0.0307s/iter; left time: 315.8929s
	speed: 0.0306s/iter; left time: 312.1768s
	speed: 0.0307s/iter; left time: 310.2600s
	speed: 0.0306s/iter; left time: 305.8271s
	speed: 0.0308s/iter; left time: 304.6940s
	speed: 0.0308s/iter; left time: 301.3503s
	speed: 0.0306s/iter; left time: 296.3460s
	speed: 0.0305s/iter; left time: 293.1995s
	speed: 0.0307s/iter; left time: 291.7579s
	speed: 0.0306s/iter; left time: 287.6271s
	speed: 0.0306s/iter; left time: 284.3475s
	speed: 0.0307s/iter; left time: 282.1036s
	speed: 0.0304s/iter; left time: 276.5145s
	speed: 0.0307s/iter; left time: 276.0525s
	speed: 0.0306s/iter; left time: 272.1700s
	speed: 0.0307s/iter; left time: 269.8367s
	speed: 0.0306s/iter; left time: 266.2131s
	speed: 0.0305s/iter; left time: 262.1646s
	speed: 0.0306s/iter; left time: 260.1764s
	speed: 0.0307s/iter; left time: 257.6006s
	speed: 0.0307s/iter; left time: 254.3685s
	speed: 0.0307s/iter; left time: 251.9574s
	speed: 0.0304s/iter; left time: 246.3902s
	speed: 0.0304s/iter; left time: 243.1486s
	speed: 0.0305s/iter; left time: 241.0273s
	speed: 0.0305s/iter; left time: 237.6010s
	speed: 0.0305s/iter; left time: 234.8510s
	speed: 0.0309s/iter; left time: 234.7132s
	speed: 0.0286s/iter; left time: 214.7074s
	speed: 0.0266s/iter; left time: 196.6323s
	speed: 0.0268s/iter; left time: 195.9285s
	speed: 0.0265s/iter; left time: 191.0360s
	speed: 0.0268s/iter; left time: 190.3559s
	speed: 0.0268s/iter; left time: 187.4444s
	speed: 0.0265s/iter; left time: 182.4678s
	speed: 0.0270s/iter; left time: 183.3576s
	speed: 0.0269s/iter; left time: 179.9450s
	speed: 0.0270s/iter; left time: 177.9310s
	speed: 0.0266s/iter; left time: 173.0145s
	speed: 0.0273s/iter; left time: 174.6372s
	speed: 0.0266s/iter; left time: 167.6080s
	speed: 0.0267s/iter; left time: 165.7103s
	speed: 0.0269s/iter; left time: 164.1288s
	speed: 0.0267s/iter; left time: 159.9068s
	speed: 0.0264s/iter; left time: 155.9219s
	speed: 0.0268s/iter; left time: 155.5103s
	speed: 0.0267s/iter; left time: 151.9902s
	speed: 0.0265s/iter; left time: 148.2519s
	speed: 0.0271s/iter; left time: 148.7306s
	speed: 0.0266s/iter; left time: 143.7602s
	speed: 0.0264s/iter; left time: 139.8246s
	speed: 0.0265s/iter; left time: 137.4954s
	speed: 0.0256s/iter; left time: 130.6458s
	speed: 0.0227s/iter; left time: 113.6108s
	speed: 0.0244s/iter; left time: 119.7063s
	speed: 0.0239s/iter; left time: 114.8419s
	speed: 0.0247s/iter; left time: 115.9208s
	speed: 0.0236s/iter; left time: 108.4128s
	speed: 0.0240s/iter; left time: 107.8129s
	speed: 0.0237s/iter; left time: 104.1781s
	speed: 0.0243s/iter; left time: 104.2449s
	speed: 0.0240s/iter; left time: 100.7644s
	speed: 0.0240s/iter; left time: 98.4004s
	speed: 0.0240s/iter; left time: 95.9462s
	speed: 0.0244s/iter; left time: 94.9940s
	speed: 0.0243s/iter; left time: 92.2524s
	speed: 0.0244s/iter; left time: 90.1257s
	speed: 0.0238s/iter; left time: 85.6047s
	speed: 0.0225s/iter; left time: 78.7500s
	speed: 0.0196s/iter; left time: 66.5237s
	speed: 0.0184s/iter; left time: 60.7397s
	speed: 0.0177s/iter; left time: 56.4730s
	speed: 0.0176s/iter; left time: 54.5268s
	speed: 0.0180s/iter; left time: 54.1089s
	speed: 0.0172s/iter; left time: 49.8294s
	speed: 0.0178s/iter; left time: 49.7366s
	speed: 0.0176s/iter; left time: 47.5939s
	speed: 0.0172s/iter; left time: 44.6692s
	speed: 0.0166s/iter; left time: 41.5009s
	speed: 0.0195s/iter; left time: 46.7576s
	speed: 0.0200s/iter; left time: 46.0601s
	speed: 0.0233s/iter; left time: 51.1508s
	speed: 0.0307s/iter; left time: 64.5120s
	speed: 0.0309s/iter; left time: 61.6975s
	speed: 0.0309s/iter; left time: 58.6245s
	speed: 0.0311s/iter; left time: 55.8484s
	speed: 0.0309s/iter; left time: 52.3875s
	speed: 0.0309s/iter; left time: 49.4315s
	speed: 0.0315s/iter; left time: 47.1675s
	speed: 0.0306s/iter; left time: 42.7239s
	speed: 0.0315s/iter; left time: 40.9312s
	speed: 0.0312s/iter; left time: 37.4215s
	speed: 0.0307s/iter; left time: 33.7470s
	speed: 0.0305s/iter; left time: 30.4161s
	speed: 0.0313s/iter; left time: 28.1320s
	speed: 0.0290s/iter; left time: 23.1314s
	speed: 0.0279s/iter; left time: 19.4542s
	speed: 0.0286s/iter; left time: 17.0737s
	speed: 0.0285s/iter; left time: 14.1937s
	speed: 0.0286s/iter; left time: 11.3747s
	speed: 0.0280s/iter; left time: 8.3589s
	speed: 0.0288s/iter; left time: 5.6942s
	speed: 0.0273s/iter; left time: 2.6801s
2025-11-13 18:23:37,236 - INFO - 训练完成!
2025-11-13 18:23:37,236 - INFO - 开始测试模型...
Epoch: 1, Cost time: 401.522s 
Loading checkpoint from: checkpoints2_anormly_ratio_analysis/ring_anormly_ratio2.0_20251113_181651/Ring_cleaned_1minut_20250928_170147_checkpoint_2025-11-13_18-23-37/model.pth
Threshold : 0.3398725688457489
2025-11-13 18:29:02,185 - INFO - 测试完成!
pa_accuracy           : 0.9579
pa_precision          : 0.4995
pa_recall             : 0.3815
pa_f_score            : 0.4326
MCC_score             : 0.4151
Affiliation precision : 0.5344
Affiliation recall    : 0.6351
R_AUC_ROC             : 0.6058
R_AUC_PR              : 0.4411
VUS_ROC               : 0.6012
VUS_PR                : 0.4317
Accuracy : 0.9579, Precision : 0.4995, Recall : 0.3815, F-score : 0.4326 
Test results saved to: checkpoints2_anormly_ratio_analysis/ring_anormly_ratio2.0_20251113_181651/Ring_cleaned_1minut_20250928_170147_checkpoint_2025-11-13_18-23-37/result.json
/home/wanting/KDD2023-DCdetector/venv/lib/python3.12/site-packages/tsfresh/__init__.py:12: UserWarning: pkg_resources is deprecated as an API. See https://setuptools.pypa.io/en/latest/pkg_resources.html. The pkg_resources package is slated for removal as early as 2025-11-30. Refrain from using this package or pin to Setuptools<81.
  import pkg_resources
2025-11-13 18:29:04,892 - INFO - 开始使用自定义数据集运行DCdetector...
2025-11-13 18:29:04,892 - INFO - 数据集: Custom
2025-11-13 18:29:04,892 - INFO - 输入特征维度: 10
2025-11-13 18:29:04,892 - INFO - 窗口大小: 30
2025-11-13 18:29:04,892 - INFO - 批次大小: 32
2025-11-13 18:29:07,115 - INFO - 开始训练模型...
[onlyNormalData=True] 训练集过滤异常数据: 408309 行 -> 390335 行 (移除 17974 个异常样本)

[PCA降维] 启用
  n_components=10
  PCA前特征维度: 28
  PCA后特征维度: 10
  解释方差比（前10个）: [0.44531896 0.19176419 0.11007933 0.0892243  0.06624989 0.04059656
 0.01873708 0.00939986 0.00887274 0.00681558]
  累积解释方差: 0.9871
  时间点数量: train=390335, val=87495, test=87495 (未改变)
[PCA降维] 完成
数据加载自: dataset/downsampleData_scratch_1minut/ring/Ring_cleaned_1minut_20250928_170147.parquet
训练集形状: (390335, 10)
验证集形状: (87495, 10)
测试集形状: (87495, 10)
特征维度: 10
异常比例（行级）:
- 训练集: 原始 4.40% -> 现有 0.00%
- 验证集: 2.97%
- 测试集: 4.20%
[onlyNormalData=True] 训练集过滤异常数据: 408309 行 -> 390335 行 (移除 17974 个异常样本)

[PCA降维] 启用
  n_components=10
  PCA前特征维度: 28
  PCA后特征维度: 10
  解释方差比（前10个）: [0.44531896 0.19176419 0.11007933 0.0892243  0.06624989 0.04059656
 0.01873708 0.00939986 0.00887274 0.00681558]
  累积解释方差: 0.9871
  时间点数量: train=390335, val=87495, test=87495 (未改变)
[PCA降维] 完成
数据加载自: dataset/downsampleData_scratch_1minut/ring/Ring_cleaned_1minut_20250928_170147.parquet
训练集形状: (390335, 10)
验证集形状: (87495, 10)
测试集形状: (87495, 10)
特征维度: 10
异常比例（行级）:
- 训练集: 原始 4.40% -> 现有 0.00%
- 验证集: 2.97%
- 测试集: 4.20%
[onlyNormalData=True] 训练集过滤异常数据: 408309 行 -> 390335 行 (移除 17974 个异常样本)

[PCA降维] 启用
  n_components=10
  PCA前特征维度: 28
  PCA后特征维度: 10
  解释方差比（前10个）: [0.44531896 0.19176419 0.11007933 0.0892243  0.06624989 0.04059656
 0.01873708 0.00939986 0.00887274 0.00681558]
  累积解释方差: 0.9871
  时间点数量: train=390335, val=87495, test=87495 (未改变)
[PCA降维] 完成
数据加载自: dataset/downsampleData_scratch_1minut/ring/Ring_cleaned_1minut_20250928_170147.parquet
训练集形状: (390335, 10)
验证集形状: (87495, 10)
测试集形状: (87495, 10)
特征维度: 10
异常比例（行级）:
- 训练集: 原始 4.40% -> 现有 0.00%
- 验证集: 2.97%
- 测试集: 4.20%
[onlyNormalData=True] 训练集过滤异常数据: 408309 行 -> 390335 行 (移除 17974 个异常样本)

[PCA降维] 启用
  n_components=10
  PCA前特征维度: 28
  PCA后特征维度: 10
  解释方差比（前10个）: [0.44531896 0.19176419 0.11007933 0.0892243  0.06624989 0.04059656
 0.01873708 0.00939986 0.00887274 0.00681558]
  累积解释方差: 0.9871
  时间点数量: train=390335, val=87495, test=87495 (未改变)
[PCA降维] 完成
数据加载自: dataset/downsampleData_scratch_1minut/ring/Ring_cleaned_1minut_20250928_170147.parquet
训练集形状: (390335, 10)
验证集形状: (87495, 10)
测试集形状: (87495, 10)
特征维度: 10
异常比例（行级）:
- 训练集: 原始 4.40% -> 现有 0.00%
- 验证集: 2.97%
- 测试集: 4.20%
	speed: 0.0401s/iter; left time: 484.7806s
	speed: 0.0351s/iter; left time: 420.6705s
	speed: 0.0342s/iter; left time: 407.2390s
	speed: 0.0344s/iter; left time: 406.3876s
	speed: 0.0346s/iter; left time: 404.7316s
	speed: 0.0337s/iter; left time: 390.9627s
	speed: 0.0343s/iter; left time: 394.8568s
	speed: 0.0346s/iter; left time: 394.6666s
	speed: 0.0351s/iter; left time: 396.8469s
	speed: 0.0340s/iter; left time: 380.6425s
	speed: 0.0341s/iter; left time: 378.2123s
	speed: 0.0345s/iter; left time: 379.4523s
	speed: 0.0338s/iter; left time: 368.1283s
	speed: 0.0339s/iter; left time: 366.2857s
	speed: 0.0344s/iter; left time: 367.6881s
	speed: 0.0347s/iter; left time: 368.2046s
	speed: 0.0349s/iter; left time: 366.4431s
	speed: 0.0348s/iter; left time: 361.8204s
	speed: 0.0345s/iter; left time: 355.1278s
	speed: 0.0350s/iter; left time: 356.4209s
	speed: 0.0340s/iter; left time: 343.3651s
	speed: 0.0354s/iter; left time: 354.1201s
	speed: 0.0342s/iter; left time: 338.0454s
	speed: 0.0338s/iter; left time: 330.8580s
	speed: 0.0336s/iter; left time: 326.1802s
	speed: 0.0337s/iter; left time: 323.4892s
	speed: 0.0338s/iter; left time: 321.4653s
	speed: 0.0341s/iter; left time: 320.0854s
	speed: 0.0343s/iter; left time: 319.0242s
	speed: 0.0341s/iter; left time: 313.8260s
	speed: 0.0345s/iter; left time: 313.5100s
	speed: 0.0345s/iter; left time: 310.0559s
	speed: 0.0346s/iter; left time: 307.8460s
	speed: 0.0340s/iter; left time: 299.0212s
	speed: 0.0341s/iter; left time: 296.9062s
	speed: 0.0347s/iter; left time: 298.2072s
	speed: 0.0348s/iter; left time: 295.7655s
	speed: 0.0347s/iter; left time: 291.5428s
	speed: 0.0351s/iter; left time: 290.9494s
	speed: 0.0339s/iter; left time: 278.0975s
	speed: 0.0335s/iter; left time: 271.1454s
	speed: 0.0341s/iter; left time: 272.7030s
	speed: 0.0342s/iter; left time: 270.1154s
	speed: 0.0347s/iter; left time: 270.2794s
	speed: 0.0344s/iter; left time: 264.8788s
	speed: 0.0343s/iter; left time: 260.5448s
	speed: 0.0347s/iter; left time: 260.1449s
	speed: 0.0345s/iter; left time: 255.2756s
	speed: 0.0342s/iter; left time: 249.3182s
	speed: 0.0340s/iter; left time: 244.4061s
	speed: 0.0343s/iter; left time: 243.4026s
	speed: 0.0345s/iter; left time: 241.4013s
	speed: 0.0350s/iter; left time: 241.1119s
	speed: 0.0347s/iter; left time: 235.7452s
	speed: 0.0345s/iter; left time: 231.0612s
	speed: 0.0340s/iter; left time: 224.6501s
	speed: 0.0341s/iter; left time: 221.9022s
	speed: 0.0341s/iter; left time: 218.1868s
	speed: 0.0328s/iter; left time: 206.7113s
	speed: 0.0307s/iter; left time: 190.3953s
	speed: 0.0300s/iter; left time: 183.1258s
	speed: 0.0297s/iter; left time: 178.2605s
	speed: 0.0306s/iter; left time: 180.3857s
	speed: 0.0312s/iter; left time: 181.1569s
	speed: 0.0307s/iter; left time: 175.0168s
	speed: 0.0313s/iter; left time: 175.4583s
	speed: 0.0310s/iter; left time: 170.5287s
	speed: 0.0313s/iter; left time: 168.9727s
	speed: 0.0308s/iter; left time: 163.2568s
	speed: 0.0305s/iter; left time: 158.4693s
	speed: 0.0298s/iter; left time: 151.9356s
	speed: 0.0303s/iter; left time: 151.4672s
	speed: 0.0310s/iter; left time: 152.0477s
	speed: 0.0293s/iter; left time: 140.4333s
	speed: 0.0254s/iter; left time: 119.3482s
	speed: 0.0266s/iter; left time: 122.1750s
	speed: 0.0259s/iter; left time: 116.4354s
	speed: 0.0254s/iter; left time: 111.8251s
	speed: 0.0266s/iter; left time: 114.2058s
	speed: 0.0260s/iter; left time: 109.2299s
	speed: 0.0259s/iter; left time: 105.9781s
	speed: 0.0263s/iter; left time: 105.2017s
	speed: 0.0263s/iter; left time: 102.4254s
	speed: 0.0263s/iter; left time: 99.7923s
	speed: 0.0247s/iter; left time: 91.3804s
	speed: 0.0232s/iter; left time: 83.4037s
	speed: 0.0219s/iter; left time: 76.6188s
	speed: 0.0217s/iter; left time: 73.8395s
	speed: 0.0211s/iter; left time: 69.6483s
	speed: 0.0208s/iter; left time: 66.4065s
	speed: 0.0208s/iter; left time: 64.5676s
	speed: 0.0214s/iter; left time: 64.0763s
	speed: 0.0206s/iter; left time: 59.7313s
	speed: 0.0220s/iter; left time: 61.5316s
	speed: 0.0229s/iter; left time: 61.8472s
	speed: 0.0259s/iter; left time: 67.1584s
	speed: 0.0273s/iter; left time: 68.1722s
	speed: 0.0265s/iter; left time: 63.4726s
	speed: 0.0234s/iter; left time: 53.8672s
	speed: 0.0236s/iter; left time: 51.9634s
	speed: 0.0243s/iter; left time: 51.0493s
	speed: 0.0250s/iter; left time: 49.9169s
	speed: 0.0236s/iter; left time: 44.7133s
	speed: 0.0231s/iter; left time: 41.5161s
	speed: 0.0236s/iter; left time: 40.0290s
	speed: 0.0233s/iter; left time: 37.2346s
	speed: 0.0231s/iter; left time: 34.5719s
	speed: 0.0246s/iter; left time: 34.4166s
	speed: 0.0239s/iter; left time: 31.0741s
	speed: 0.0242s/iter; left time: 28.9411s
	speed: 0.0234s/iter; left time: 25.6630s
	speed: 0.0235s/iter; left time: 23.4936s
	speed: 0.0233s/iter; left time: 20.8847s
	speed: 0.0228s/iter; left time: 18.1880s
	speed: 0.0230s/iter; left time: 16.0226s
	speed: 0.0234s/iter; left time: 14.0185s
	speed: 0.0243s/iter; left time: 12.0819s
	speed: 0.0235s/iter; left time: 9.3392s
	speed: 0.0236s/iter; left time: 7.0268s
	speed: 0.0237s/iter; left time: 4.6855s
	speed: 0.0229s/iter; left time: 2.2411s
2025-11-13 18:36:10,774 - INFO - 训练完成!
2025-11-13 18:36:10,774 - INFO - 开始测试模型...
Epoch: 1, Cost time: 423.636s 
Loading checkpoint from: checkpoints2_anormly_ratio_analysis/ring_anormly_ratio3.0_20251113_182902/Ring_cleaned_1minut_20250928_170147_checkpoint_2025-11-13_18-36-10/model.pth
Threshold : 0.3381698727607727
2025-11-13 18:39:55,492 - INFO - 测试完成!
pa_accuracy           : 0.9552
pa_precision          : 0.4690
pa_recall             : 0.4937
pa_f_score            : 0.4811
MCC_score             : 0.4578
Affiliation precision : 0.5366
Affiliation recall    : 0.7034
R_AUC_ROC             : 0.6294
R_AUC_PR              : 0.4524
VUS_ROC               : 0.6265
VUS_PR                : 0.4446
Accuracy : 0.9552, Precision : 0.4690, Recall : 0.4937, F-score : 0.4811 
Test results saved to: checkpoints2_anormly_ratio_analysis/ring_anormly_ratio3.0_20251113_182902/Ring_cleaned_1minut_20250928_170147_checkpoint_2025-11-13_18-36-10/result.json
/home/wanting/KDD2023-DCdetector/venv/lib/python3.12/site-packages/tsfresh/__init__.py:12: UserWarning: pkg_resources is deprecated as an API. See https://setuptools.pypa.io/en/latest/pkg_resources.html. The pkg_resources package is slated for removal as early as 2025-11-30. Refrain from using this package or pin to Setuptools<81.
  import pkg_resources
2025-11-13 18:39:58,095 - INFO - 开始使用自定义数据集运行DCdetector...
2025-11-13 18:39:58,095 - INFO - 数据集: Custom
2025-11-13 18:39:58,095 - INFO - 输入特征维度: 10
2025-11-13 18:39:58,095 - INFO - 窗口大小: 30
2025-11-13 18:39:58,095 - INFO - 批次大小: 32
2025-11-13 18:40:00,310 - INFO - 开始训练模型...
[onlyNormalData=True] 训练集过滤异常数据: 408309 行 -> 390335 行 (移除 17974 个异常样本)

[PCA降维] 启用
  n_components=10
  PCA前特征维度: 28
  PCA后特征维度: 10
  解释方差比（前10个）: [0.44531896 0.19176419 0.11007933 0.0892243  0.06624989 0.04059656
 0.01873708 0.00939986 0.00887274 0.00681558]
  累积解释方差: 0.9871
  时间点数量: train=390335, val=87495, test=87495 (未改变)
[PCA降维] 完成
数据加载自: dataset/downsampleData_scratch_1minut/ring/Ring_cleaned_1minut_20250928_170147.parquet
训练集形状: (390335, 10)
验证集形状: (87495, 10)
测试集形状: (87495, 10)
特征维度: 10
异常比例（行级）:
- 训练集: 原始 4.40% -> 现有 0.00%
- 验证集: 2.97%
- 测试集: 4.20%
[onlyNormalData=True] 训练集过滤异常数据: 408309 行 -> 390335 行 (移除 17974 个异常样本)

[PCA降维] 启用
  n_components=10
  PCA前特征维度: 28
  PCA后特征维度: 10
  解释方差比（前10个）: [0.44531896 0.19176419 0.11007933 0.0892243  0.06624989 0.04059656
 0.01873708 0.00939986 0.00887274 0.00681558]
  累积解释方差: 0.9871
  时间点数量: train=390335, val=87495, test=87495 (未改变)
[PCA降维] 完成
数据加载自: dataset/downsampleData_scratch_1minut/ring/Ring_cleaned_1minut_20250928_170147.parquet
训练集形状: (390335, 10)
验证集形状: (87495, 10)
测试集形状: (87495, 10)
特征维度: 10
异常比例（行级）:
- 训练集: 原始 4.40% -> 现有 0.00%
- 验证集: 2.97%
- 测试集: 4.20%
[onlyNormalData=True] 训练集过滤异常数据: 408309 行 -> 390335 行 (移除 17974 个异常样本)

[PCA降维] 启用
  n_components=10
  PCA前特征维度: 28
  PCA后特征维度: 10
  解释方差比（前10个）: [0.44531896 0.19176419 0.11007933 0.0892243  0.06624989 0.04059656
 0.01873708 0.00939986 0.00887274 0.00681558]
  累积解释方差: 0.9871
  时间点数量: train=390335, val=87495, test=87495 (未改变)
[PCA降维] 完成
数据加载自: dataset/downsampleData_scratch_1minut/ring/Ring_cleaned_1minut_20250928_170147.parquet
训练集形状: (390335, 10)
验证集形状: (87495, 10)
测试集形状: (87495, 10)
特征维度: 10
异常比例（行级）:
- 训练集: 原始 4.40% -> 现有 0.00%
- 验证集: 2.97%
- 测试集: 4.20%
[onlyNormalData=True] 训练集过滤异常数据: 408309 行 -> 390335 行 (移除 17974 个异常样本)

[PCA降维] 启用
  n_components=10
  PCA前特征维度: 28
  PCA后特征维度: 10
  解释方差比（前10个）: [0.44531896 0.19176419 0.11007933 0.0892243  0.06624989 0.04059656
 0.01873708 0.00939986 0.00887274 0.00681558]
  累积解释方差: 0.9871
  时间点数量: train=390335, val=87495, test=87495 (未改变)
[PCA降维] 完成
数据加载自: dataset/downsampleData_scratch_1minut/ring/Ring_cleaned_1minut_20250928_170147.parquet
训练集形状: (390335, 10)
验证集形状: (87495, 10)
测试集形状: (87495, 10)
特征维度: 10
异常比例（行级）:
- 训练集: 原始 4.40% -> 现有 0.00%
- 验证集: 2.97%
- 测试集: 4.20%
	speed: 0.0361s/iter; left time: 436.8686s
	speed: 0.0309s/iter; left time: 371.1185s
	speed: 0.0308s/iter; left time: 366.2836s
	speed: 0.0308s/iter; left time: 363.0402s
	speed: 0.0311s/iter; left time: 363.7645s
	speed: 0.0309s/iter; left time: 358.0954s
	speed: 0.0311s/iter; left time: 357.0888s
	speed: 0.0310s/iter; left time: 353.1494s
	speed: 0.0308s/iter; left time: 347.6173s
	speed: 0.0309s/iter; left time: 345.8799s
	speed: 0.0305s/iter; left time: 338.4586s
	speed: 0.0310s/iter; left time: 341.2486s
	speed: 0.0311s/iter; left time: 338.9950s
	speed: 0.0308s/iter; left time: 332.5434s
	speed: 0.0308s/iter; left time: 329.5701s
	speed: 0.0307s/iter; left time: 325.5975s
	speed: 0.0313s/iter; left time: 328.4952s
	speed: 0.0310s/iter; left time: 322.2412s
	speed: 0.0312s/iter; left time: 321.2331s
	speed: 0.0309s/iter; left time: 314.8113s
	speed: 0.0312s/iter; left time: 315.5343s
	speed: 0.0308s/iter; left time: 307.5743s
	speed: 0.0308s/iter; left time: 305.2180s
	speed: 0.0307s/iter; left time: 301.0670s
	speed: 0.0307s/iter; left time: 297.6794s
	speed: 0.0310s/iter; left time: 297.4421s
	speed: 0.0308s/iter; left time: 292.9868s
	speed: 0.0310s/iter; left time: 290.8779s
	speed: 0.0307s/iter; left time: 285.7095s
	speed: 0.0310s/iter; left time: 285.2163s
	speed: 0.0309s/iter; left time: 280.7547s
	speed: 0.0309s/iter; left time: 278.2061s
	speed: 0.0312s/iter; left time: 277.4526s
	speed: 0.0312s/iter; left time: 274.2781s
	speed: 0.0309s/iter; left time: 268.9318s
	speed: 0.0310s/iter; left time: 266.2202s
	speed: 0.0308s/iter; left time: 261.3790s
	speed: 0.0306s/iter; left time: 257.3504s
	speed: 0.0310s/iter; left time: 257.3559s
	speed: 0.0309s/iter; left time: 253.2033s
	speed: 0.0306s/iter; left time: 247.9355s
	speed: 0.0307s/iter; left time: 245.4865s
	speed: 0.0313s/iter; left time: 247.2723s
	speed: 0.0307s/iter; left time: 239.6950s
	speed: 0.0312s/iter; left time: 240.3626s
	speed: 0.0308s/iter; left time: 234.3590s
	speed: 0.0310s/iter; left time: 232.7458s
	speed: 0.0310s/iter; left time: 229.4049s
	speed: 0.0309s/iter; left time: 225.7408s
	speed: 0.0311s/iter; left time: 223.7024s
	speed: 0.0291s/iter; left time: 206.5260s
	speed: 0.0299s/iter; left time: 209.5383s
	speed: 0.0293s/iter; left time: 201.9069s
	speed: 0.0293s/iter; left time: 198.9013s
	speed: 0.0297s/iter; left time: 198.7598s
	speed: 0.0303s/iter; left time: 199.7001s
	speed: 0.0296s/iter; left time: 192.1482s
	speed: 0.0297s/iter; left time: 189.8708s
	speed: 0.0292s/iter; left time: 184.1367s
	speed: 0.0289s/iter; left time: 178.9784s
	speed: 0.0298s/iter; left time: 181.6782s
	speed: 0.0293s/iter; left time: 175.7925s
	speed: 0.0296s/iter; left time: 174.4928s
	speed: 0.0287s/iter; left time: 166.5523s
	speed: 0.0296s/iter; left time: 168.5781s
	speed: 0.0298s/iter; left time: 166.6613s
	speed: 0.0296s/iter; left time: 162.6802s
	speed: 0.0293s/iter; left time: 157.9483s
	speed: 0.0300s/iter; left time: 159.0966s
	speed: 0.0297s/iter; left time: 154.5002s
	speed: 0.0295s/iter; left time: 150.3137s
	speed: 0.0300s/iter; left time: 150.1552s
	speed: 0.0290s/iter; left time: 141.8576s
	speed: 0.0295s/iter; left time: 141.6788s
	speed: 0.0300s/iter; left time: 140.8918s
	speed: 0.0297s/iter; left time: 136.5540s
	speed: 0.0285s/iter; left time: 127.9937s
	speed: 0.0289s/iter; left time: 127.0901s
	speed: 0.0288s/iter; left time: 123.7172s
	speed: 0.0289s/iter; left time: 121.5045s
	speed: 0.0287s/iter; left time: 117.6986s
	speed: 0.0290s/iter; left time: 115.9486s
	speed: 0.0289s/iter; left time: 112.6669s
	speed: 0.0288s/iter; left time: 109.4210s
	speed: 0.0289s/iter; left time: 107.0310s
	speed: 0.0287s/iter; left time: 103.1383s
	speed: 0.0243s/iter; left time: 84.9686s
	speed: 0.0241s/iter; left time: 81.8905s
	speed: 0.0237s/iter; left time: 78.1747s
	speed: 0.0244s/iter; left time: 77.9718s
	speed: 0.0229s/iter; left time: 70.8378s
	speed: 0.0221s/iter; left time: 66.2056s
	speed: 0.0223s/iter; left time: 64.6468s
	speed: 0.0225s/iter; left time: 63.0247s
	speed: 0.0226s/iter; left time: 61.0586s
	speed: 0.0230s/iter; left time: 59.8774s
	speed: 0.0226s/iter; left time: 56.5449s
	speed: 0.0229s/iter; left time: 54.9385s
	speed: 0.0243s/iter; left time: 55.7900s
	speed: 0.0242s/iter; left time: 53.2803s
	speed: 0.0294s/iter; left time: 61.7193s
	speed: 0.0293s/iter; left time: 58.5738s
	speed: 0.0291s/iter; left time: 55.2233s
	speed: 0.0293s/iter; left time: 52.6919s
	speed: 0.0293s/iter; left time: 49.6721s
	speed: 0.0294s/iter; left time: 46.9496s
	speed: 0.0296s/iter; left time: 44.2879s
	speed: 0.0295s/iter; left time: 41.2297s
	speed: 0.0298s/iter; left time: 38.6181s
	speed: 0.0296s/iter; left time: 35.5101s
	speed: 0.0300s/iter; left time: 32.8939s
	speed: 0.0295s/iter; left time: 29.4614s
	speed: 0.0295s/iter; left time: 26.4462s
	speed: 0.0296s/iter; left time: 23.6183s
	speed: 0.0287s/iter; left time: 20.0560s
	speed: 0.0293s/iter; left time: 17.5281s
	speed: 0.0288s/iter; left time: 14.3194s
	speed: 0.0292s/iter; left time: 11.6231s
	speed: 0.0269s/iter; left time: 8.0037s
	speed: 0.0245s/iter; left time: 4.8494s
	speed: 0.0246s/iter; left time: 2.4120s
2025-11-13 18:46:52,921 - INFO - 训练完成!
2025-11-13 18:46:52,921 - INFO - 开始测试模型...
Epoch: 1, Cost time: 412.586s 
Loading checkpoint from: checkpoints2_anormly_ratio_analysis/ring_anormly_ratio4.0_20251113_183956/Ring_cleaned_1minut_20250928_170147_checkpoint_2025-11-13_18-46-52/model.pth
Threshold : 0.3349339962005615
2025-11-13 18:51:04,639 - INFO - 测试完成!
pa_accuracy           : 0.9531
pa_precision          : 0.4600
pa_recall             : 0.6493
pa_f_score            : 0.5385
MCC_score             : 0.5231
Affiliation precision : 0.5402
Affiliation recall    : 0.8060
R_AUC_ROC             : 0.6602
R_AUC_PR              : 0.4820
VUS_ROC               : 0.6664
VUS_PR                : 0.4826
Accuracy : 0.9531, Precision : 0.4600, Recall : 0.6493, F-score : 0.5385 
Test results saved to: checkpoints2_anormly_ratio_analysis/ring_anormly_ratio4.0_20251113_183956/Ring_cleaned_1minut_20250928_170147_checkpoint_2025-11-13_18-46-52/result.json
/home/wanting/KDD2023-DCdetector/venv/lib/python3.12/site-packages/tsfresh/__init__.py:12: UserWarning: pkg_resources is deprecated as an API. See https://setuptools.pypa.io/en/latest/pkg_resources.html. The pkg_resources package is slated for removal as early as 2025-11-30. Refrain from using this package or pin to Setuptools<81.
  import pkg_resources
2025-11-13 18:51:07,325 - INFO - 开始使用自定义数据集运行DCdetector...
2025-11-13 18:51:07,325 - INFO - 数据集: Custom
2025-11-13 18:51:07,325 - INFO - 输入特征维度: 10
2025-11-13 18:51:07,325 - INFO - 窗口大小: 30
2025-11-13 18:51:07,325 - INFO - 批次大小: 32
2025-11-13 18:51:09,560 - INFO - 开始训练模型...
[onlyNormalData=True] 训练集过滤异常数据: 408309 行 -> 390335 行 (移除 17974 个异常样本)

[PCA降维] 启用
  n_components=10
  PCA前特征维度: 28
  PCA后特征维度: 10
  解释方差比（前10个）: [0.44531896 0.19176419 0.11007933 0.0892243  0.06624989 0.04059656
 0.01873708 0.00939986 0.00887274 0.00681558]
  累积解释方差: 0.9871
  时间点数量: train=390335, val=87495, test=87495 (未改变)
[PCA降维] 完成
数据加载自: dataset/downsampleData_scratch_1minut/ring/Ring_cleaned_1minut_20250928_170147.parquet
训练集形状: (390335, 10)
验证集形状: (87495, 10)
测试集形状: (87495, 10)
特征维度: 10
异常比例（行级）:
- 训练集: 原始 4.40% -> 现有 0.00%
- 验证集: 2.97%
- 测试集: 4.20%
[onlyNormalData=True] 训练集过滤异常数据: 408309 行 -> 390335 行 (移除 17974 个异常样本)

[PCA降维] 启用
  n_components=10
  PCA前特征维度: 28
  PCA后特征维度: 10
  解释方差比（前10个）: [0.44531896 0.19176419 0.11007933 0.0892243  0.06624989 0.04059656
 0.01873708 0.00939986 0.00887274 0.00681558]
  累积解释方差: 0.9871
  时间点数量: train=390335, val=87495, test=87495 (未改变)
[PCA降维] 完成
数据加载自: dataset/downsampleData_scratch_1minut/ring/Ring_cleaned_1minut_20250928_170147.parquet
训练集形状: (390335, 10)
验证集形状: (87495, 10)
测试集形状: (87495, 10)
特征维度: 10
异常比例（行级）:
- 训练集: 原始 4.40% -> 现有 0.00%
- 验证集: 2.97%
- 测试集: 4.20%
[onlyNormalData=True] 训练集过滤异常数据: 408309 行 -> 390335 行 (移除 17974 个异常样本)

[PCA降维] 启用
  n_components=10
  PCA前特征维度: 28
  PCA后特征维度: 10
  解释方差比（前10个）: [0.44531896 0.19176419 0.11007933 0.0892243  0.06624989 0.04059656
 0.01873708 0.00939986 0.00887274 0.00681558]
  累积解释方差: 0.9871
  时间点数量: train=390335, val=87495, test=87495 (未改变)
[PCA降维] 完成
数据加载自: dataset/downsampleData_scratch_1minut/ring/Ring_cleaned_1minut_20250928_170147.parquet
训练集形状: (390335, 10)
验证集形状: (87495, 10)
测试集形状: (87495, 10)
特征维度: 10
异常比例（行级）:
- 训练集: 原始 4.40% -> 现有 0.00%
- 验证集: 2.97%
- 测试集: 4.20%
[onlyNormalData=True] 训练集过滤异常数据: 408309 行 -> 390335 行 (移除 17974 个异常样本)

[PCA降维] 启用
  n_components=10
  PCA前特征维度: 28
  PCA后特征维度: 10
  解释方差比（前10个）: [0.44531896 0.19176419 0.11007933 0.0892243  0.06624989 0.04059656
 0.01873708 0.00939986 0.00887274 0.00681558]
  累积解释方差: 0.9871
  时间点数量: train=390335, val=87495, test=87495 (未改变)
[PCA降维] 完成
数据加载自: dataset/downsampleData_scratch_1minut/ring/Ring_cleaned_1minut_20250928_170147.parquet
训练集形状: (390335, 10)
验证集形状: (87495, 10)
测试集形状: (87495, 10)
特征维度: 10
异常比例（行级）:
- 训练集: 原始 4.40% -> 现有 0.00%
- 验证集: 2.97%
- 测试集: 4.20%
	speed: 0.0290s/iter; left time: 350.2833s
	speed: 0.0238s/iter; left time: 285.8396s
	speed: 0.0265s/iter; left time: 315.0248s
	speed: 0.0305s/iter; left time: 359.4426s
	speed: 0.0339s/iter; left time: 396.4245s
	speed: 0.0340s/iter; left time: 394.6947s
	speed: 0.0339s/iter; left time: 389.7214s
	speed: 0.0337s/iter; left time: 384.1995s
	speed: 0.0340s/iter; left time: 383.9310s
	speed: 0.0329s/iter; left time: 368.3133s
	speed: 0.0332s/iter; left time: 368.8032s
	speed: 0.0324s/iter; left time: 356.3399s
	speed: 0.0324s/iter; left time: 353.3518s
	speed: 0.0324s/iter; left time: 349.3291s
	speed: 0.0326s/iter; left time: 349.1725s
	speed: 0.0379s/iter; left time: 401.4228s
	speed: 0.0376s/iter; left time: 395.2224s
	speed: 0.0381s/iter; left time: 396.4820s
	speed: 0.0400s/iter; left time: 411.6469s
	speed: 0.0388s/iter; left time: 395.7029s
	speed: 0.0388s/iter; left time: 391.4740s
	speed: 0.0396s/iter; left time: 396.0786s
	speed: 0.0396s/iter; left time: 392.3248s
	speed: 0.0413s/iter; left time: 404.9946s
	speed: 0.0379s/iter; left time: 367.9795s
	speed: 0.0381s/iter; left time: 365.8070s
	speed: 0.0362s/iter; left time: 343.7102s
	speed: 0.0387s/iter; left time: 363.6777s
	speed: 0.0386s/iter; left time: 359.3677s
	speed: 0.0396s/iter; left time: 364.5181s
	speed: 0.0394s/iter; left time: 358.8000s
	speed: 0.0392s/iter; left time: 353.1626s
	speed: 0.0396s/iter; left time: 352.4728s
	speed: 0.0400s/iter; left time: 351.6470s
	speed: 0.0394s/iter; left time: 342.3357s
	speed: 0.0394s/iter; left time: 338.9959s
	speed: 0.0384s/iter; left time: 326.6527s
	speed: 0.0380s/iter; left time: 318.9421s
	speed: 0.0380s/iter; left time: 315.0035s
	speed: 0.0399s/iter; left time: 326.8487s
	speed: 0.0375s/iter; left time: 303.9674s
	speed: 0.0374s/iter; left time: 298.7450s
	speed: 0.0362s/iter; left time: 285.5190s
	speed: 0.0350s/iter; left time: 272.7477s
	speed: 0.0346s/iter; left time: 266.3242s
	speed: 0.0361s/iter; left time: 274.4905s
	speed: 0.0350s/iter; left time: 262.5055s
	speed: 0.0364s/iter; left time: 269.6466s
	speed: 0.0359s/iter; left time: 261.7597s
	speed: 0.0365s/iter; left time: 262.4623s
	speed: 0.0353s/iter; left time: 250.9062s
	speed: 0.0357s/iter; left time: 249.8618s
	speed: 0.0357s/iter; left time: 246.5893s
	speed: 0.0362s/iter; left time: 246.4043s
	speed: 0.0377s/iter; left time: 252.2763s
	speed: 0.0371s/iter; left time: 244.8350s
	speed: 0.0369s/iter; left time: 239.4940s
	speed: 0.0393s/iter; left time: 251.7071s
	speed: 0.0385s/iter; left time: 242.7295s
	speed: 0.0387s/iter; left time: 239.8353s
	speed: 0.0366s/iter; left time: 223.0841s
	speed: 0.0382s/iter; left time: 228.8813s
	speed: 0.0382s/iter; left time: 225.0399s
	speed: 0.0376s/iter; left time: 217.8965s
	speed: 0.0384s/iter; left time: 218.9690s
	speed: 0.0370s/iter; left time: 207.1040s
	speed: 0.0377s/iter; left time: 207.5139s
	speed: 0.0381s/iter; left time: 205.7773s
	speed: 0.0353s/iter; left time: 187.1928s
	speed: 0.0348s/iter; left time: 180.8757s
	speed: 0.0344s/iter; left time: 175.1830s
	speed: 0.0356s/iter; left time: 177.9090s
	speed: 0.0360s/iter; left time: 176.2463s
	speed: 0.0344s/iter; left time: 165.1299s
	speed: 0.0325s/iter; left time: 152.6091s
	speed: 0.0349s/iter; left time: 160.2500s
	speed: 0.0350s/iter; left time: 157.5565s
	speed: 0.0358s/iter; left time: 157.2906s
	speed: 0.0385s/iter; left time: 165.6093s
	speed: 0.0408s/iter; left time: 171.3495s
	speed: 0.0391s/iter; left time: 160.2374s
	speed: 0.0397s/iter; left time: 158.8770s
	speed: 0.0403s/iter; left time: 157.2605s
	speed: 0.0407s/iter; left time: 154.7576s
	speed: 0.0399s/iter; left time: 147.7339s
	speed: 0.0395s/iter; left time: 142.1498s
	speed: 0.0404s/iter; left time: 141.1643s
	speed: 0.0393s/iter; left time: 133.6515s
	speed: 0.0411s/iter; left time: 135.4975s
	speed: 0.0407s/iter; left time: 130.0580s
	speed: 0.0393s/iter; left time: 121.6275s
	speed: 0.0389s/iter; left time: 116.6026s
	speed: 0.0382s/iter; left time: 110.8406s
	speed: 0.0389s/iter; left time: 108.7048s
	speed: 0.0378s/iter; left time: 101.9164s
	speed: 0.0362s/iter; left time: 93.9885s
	speed: 0.0351s/iter; left time: 87.7861s
	speed: 0.0390s/iter; left time: 93.5242s
	speed: 0.0387s/iter; left time: 88.9542s
	speed: 0.0373s/iter; left time: 81.9525s
	speed: 0.0387s/iter; left time: 81.1475s
	speed: 0.0394s/iter; left time: 78.7558s
	speed: 0.0390s/iter; left time: 73.9823s
	speed: 0.0386s/iter; left time: 69.3789s
	speed: 0.0399s/iter; left time: 67.7041s
	speed: 0.0392s/iter; left time: 62.6173s
	speed: 0.0391s/iter; left time: 58.5984s
	speed: 0.0381s/iter; left time: 53.2820s
	speed: 0.0387s/iter; left time: 50.2438s
	speed: 0.0383s/iter; left time: 45.8883s
	speed: 0.0382s/iter; left time: 41.8934s
	speed: 0.0400s/iter; left time: 39.9099s
	speed: 0.0391s/iter; left time: 35.1420s
	speed: 0.0398s/iter; left time: 31.7681s
	speed: 0.0382s/iter; left time: 26.6854s
	speed: 0.0391s/iter; left time: 23.3521s
	speed: 0.0380s/iter; left time: 18.9439s
	speed: 0.0396s/iter; left time: 15.7463s
	speed: 0.0372s/iter; left time: 11.0978s
	speed: 0.0382s/iter; left time: 7.5651s
	speed: 0.0395s/iter; left time: 3.8700s
2025-11-13 18:59:43,238 - INFO - 训练完成!
2025-11-13 18:59:43,238 - INFO - 开始测试模型...
Epoch: 1, Cost time: 513.645s 
Loading checkpoint from: checkpoints2_anormly_ratio_analysis/ring_anormly_ratio5.0_20251113_185105/Ring_cleaned_1minut_20250928_170147_checkpoint_2025-11-13_18-59-43/model.pth
Threshold : 0.3331095576286316
2025-11-13 19:04:56,983 - INFO - 测试完成!
pa_accuracy           : 0.9470
pa_precision          : 0.4207
pa_recall             : 0.6884
pa_f_score            : 0.5223
MCC_score             : 0.5128
Affiliation precision : 0.5426
Affiliation recall    : 0.8291
R_AUC_ROC             : 0.6684
R_AUC_PR              : 0.4757
VUS_ROC               : 0.6769
VUS_PR                : 0.4785
Accuracy : 0.9470, Precision : 0.4207, Recall : 0.6884, F-score : 0.5223 
Test results saved to: checkpoints2_anormly_ratio_analysis/ring_anormly_ratio5.0_20251113_185105/Ring_cleaned_1minut_20250928_170147_checkpoint_2025-11-13_18-59-43/result.json
/home/wanting/KDD2023-DCdetector/venv/lib/python3.12/site-packages/tsfresh/__init__.py:12: UserWarning: pkg_resources is deprecated as an API. See https://setuptools.pypa.io/en/latest/pkg_resources.html. The pkg_resources package is slated for removal as early as 2025-11-30. Refrain from using this package or pin to Setuptools<81.
  import pkg_resources
2025-11-13 19:05:01,567 - INFO - 开始使用自定义数据集运行DCdetector...
2025-11-13 19:05:01,567 - INFO - 数据集: Custom
2025-11-13 19:05:01,567 - INFO - 输入特征维度: 10
2025-11-13 19:05:01,567 - INFO - 窗口大小: 30
2025-11-13 19:05:01,567 - INFO - 批次大小: 32
2025-11-13 19:05:08,081 - INFO - 开始训练模型...
[onlyNormalData=True] 训练集过滤异常数据: 408309 行 -> 390335 行 (移除 17974 个异常样本)

[PCA降维] 启用
  n_components=10
  PCA前特征维度: 28
  PCA后特征维度: 10
  解释方差比（前10个）: [0.44531896 0.19176419 0.11007933 0.0892243  0.06624989 0.04059656
 0.01873708 0.00939986 0.00887274 0.00681558]
  累积解释方差: 0.9871
  时间点数量: train=390335, val=87495, test=87495 (未改变)
[PCA降维] 完成
数据加载自: dataset/downsampleData_scratch_1minut/ring/Ring_cleaned_1minut_20250928_170147.parquet
训练集形状: (390335, 10)
验证集形状: (87495, 10)
测试集形状: (87495, 10)
特征维度: 10
异常比例（行级）:
- 训练集: 原始 4.40% -> 现有 0.00%
- 验证集: 2.97%
- 测试集: 4.20%
[onlyNormalData=True] 训练集过滤异常数据: 408309 行 -> 390335 行 (移除 17974 个异常样本)

[PCA降维] 启用
  n_components=10
  PCA前特征维度: 28
  PCA后特征维度: 10
  解释方差比（前10个）: [0.44531896 0.19176419 0.11007933 0.0892243  0.06624989 0.04059656
 0.01873708 0.00939986 0.00887274 0.00681558]
  累积解释方差: 0.9871
  时间点数量: train=390335, val=87495, test=87495 (未改变)
[PCA降维] 完成
数据加载自: dataset/downsampleData_scratch_1minut/ring/Ring_cleaned_1minut_20250928_170147.parquet
训练集形状: (390335, 10)
验证集形状: (87495, 10)
测试集形状: (87495, 10)
特征维度: 10
异常比例（行级）:
- 训练集: 原始 4.40% -> 现有 0.00%
- 验证集: 2.97%
- 测试集: 4.20%
[onlyNormalData=True] 训练集过滤异常数据: 408309 行 -> 390335 行 (移除 17974 个异常样本)

[PCA降维] 启用
  n_components=10
  PCA前特征维度: 28
  PCA后特征维度: 10
  解释方差比（前10个）: [0.44531896 0.19176419 0.11007933 0.0892243  0.06624989 0.04059656
 0.01873708 0.00939986 0.00887274 0.00681558]
  累积解释方差: 0.9871
  时间点数量: train=390335, val=87495, test=87495 (未改变)
[PCA降维] 完成
数据加载自: dataset/downsampleData_scratch_1minut/ring/Ring_cleaned_1minut_20250928_170147.parquet
训练集形状: (390335, 10)
验证集形状: (87495, 10)
测试集形状: (87495, 10)
特征维度: 10
异常比例（行级）:
- 训练集: 原始 4.40% -> 现有 0.00%
- 验证集: 2.97%
- 测试集: 4.20%
[onlyNormalData=True] 训练集过滤异常数据: 408309 行 -> 390335 行 (移除 17974 个异常样本)

[PCA降维] 启用
  n_components=10
  PCA前特征维度: 28
  PCA后特征维度: 10
  解释方差比（前10个）: [0.44531896 0.19176419 0.11007933 0.0892243  0.06624989 0.04059656
 0.01873708 0.00939986 0.00887274 0.00681558]
  累积解释方差: 0.9871
  时间点数量: train=390335, val=87495, test=87495 (未改变)
[PCA降维] 完成
数据加载自: dataset/downsampleData_scratch_1minut/ring/Ring_cleaned_1minut_20250928_170147.parquet
训练集形状: (390335, 10)
验证集形状: (87495, 10)
测试集形状: (87495, 10)
特征维度: 10
异常比例（行级）:
- 训练集: 原始 4.40% -> 现有 0.00%
- 验证集: 2.97%
- 测试集: 4.20%
	speed: 0.0424s/iter; left time: 512.7171s
	speed: 0.1157s/iter; left time: 1388.3266s
	speed: 0.0367s/iter; left time: 436.4022s
	speed: 0.0322s/iter; left time: 379.3344s
	speed: 0.0312s/iter; left time: 364.7921s
	speed: 0.0313s/iter; left time: 362.7676s
	speed: 0.0312s/iter; left time: 359.2245s
	speed: 0.0314s/iter; left time: 357.4183s
	speed: 0.0312s/iter; left time: 352.4077s
	speed: 0.0314s/iter; left time: 352.0952s
	speed: 0.0311s/iter; left time: 345.6472s
	speed: 0.0311s/iter; left time: 342.2916s
	speed: 0.0313s/iter; left time: 341.4875s
	speed: 0.0313s/iter; left time: 338.4401s
	speed: 0.0313s/iter; left time: 334.3808s
	speed: 0.0311s/iter; left time: 329.3286s
	speed: 0.0313s/iter; left time: 328.1718s
	speed: 0.0311s/iter; left time: 323.8160s
	speed: 0.0313s/iter; left time: 322.7503s
	speed: 0.0311s/iter; left time: 316.8473s
	speed: 0.0315s/iter; left time: 318.4766s
	speed: 0.0312s/iter; left time: 311.9917s
	speed: 0.0313s/iter; left time: 310.2941s
	speed: 0.0313s/iter; left time: 306.5420s
	speed: 0.0312s/iter; left time: 302.4496s
	speed: 0.0312s/iter; left time: 299.5116s
	speed: 0.0313s/iter; left time: 297.7177s
	speed: 0.0312s/iter; left time: 293.4524s
	speed: 0.0311s/iter; left time: 289.3671s
	speed: 0.0281s/iter; left time: 258.4136s
	speed: 0.0273s/iter; left time: 248.7718s
	speed: 0.0274s/iter; left time: 246.7341s
	speed: 0.0278s/iter; left time: 247.3271s
	speed: 0.0284s/iter; left time: 249.4383s
	speed: 0.0283s/iter; left time: 246.5273s
	speed: 0.0281s/iter; left time: 241.7875s
	speed: 0.0269s/iter; left time: 229.0185s
	speed: 0.0271s/iter; left time: 227.3197s
	speed: 0.0272s/iter; left time: 225.4354s
	speed: 0.0270s/iter; left time: 221.3583s
	speed: 0.0272s/iter; left time: 220.3426s
	speed: 0.0271s/iter; left time: 216.8593s
	speed: 0.0272s/iter; left time: 214.6026s
	speed: 0.0271s/iter; left time: 210.9836s
	speed: 0.0273s/iter; left time: 210.4282s
	speed: 0.0272s/iter; left time: 206.9573s
	speed: 0.0272s/iter; left time: 203.7440s
	speed: 0.0272s/iter; left time: 201.0621s
	speed: 0.0271s/iter; left time: 198.0285s
	speed: 0.0272s/iter; left time: 195.5248s
	speed: 0.0270s/iter; left time: 191.7584s
	speed: 0.0272s/iter; left time: 190.6578s
	speed: 0.0272s/iter; left time: 187.3575s
	speed: 0.0273s/iter; left time: 185.2732s
	speed: 0.0272s/iter; left time: 182.2298s
	speed: 0.0272s/iter; left time: 179.5235s
	speed: 0.0268s/iter; left time: 174.0555s
	speed: 0.0264s/iter; left time: 168.5884s
	speed: 0.0264s/iter; left time: 166.4116s
	speed: 0.0266s/iter; left time: 164.8027s
	speed: 0.0264s/iter; left time: 161.2158s
	speed: 0.0263s/iter; left time: 157.9470s
	speed: 0.0265s/iter; left time: 156.3260s
	speed: 0.0269s/iter; left time: 156.0820s
	speed: 0.0266s/iter; left time: 151.5958s
	speed: 0.0269s/iter; left time: 150.6053s
	speed: 0.0262s/iter; left time: 144.0703s
	speed: 0.0266s/iter; left time: 143.4320s
	speed: 0.0266s/iter; left time: 141.0440s
	speed: 0.0267s/iter; left time: 138.8404s
	speed: 0.0266s/iter; left time: 135.5535s
	speed: 0.0267s/iter; left time: 133.2405s
	speed: 0.0264s/iter; left time: 129.5399s
	speed: 0.0263s/iter; left time: 126.3436s
	speed: 0.0267s/iter; left time: 125.2586s
	speed: 0.0267s/iter; left time: 122.5914s
	speed: 0.0267s/iter; left time: 119.9245s
	speed: 0.0268s/iter; left time: 117.9876s
	speed: 0.0261s/iter; left time: 112.2233s
	speed: 0.0263s/iter; left time: 110.2112s
	speed: 0.0264s/iter; left time: 108.1824s
	speed: 0.0258s/iter; left time: 103.1674s
	speed: 0.0267s/iter; left time: 104.1292s
	speed: 0.0259s/iter; left time: 98.5123s
	speed: 0.0261s/iter; left time: 96.3991s
	speed: 0.0263s/iter; left time: 94.6373s
	speed: 0.0264s/iter; left time: 92.4860s
	speed: 0.0262s/iter; left time: 89.0587s
	speed: 0.0265s/iter; left time: 87.5128s
	speed: 0.0265s/iter; left time: 84.8052s
	speed: 0.0266s/iter; left time: 82.3672s
	speed: 0.0266s/iter; left time: 79.6340s
	speed: 0.0269s/iter; left time: 77.8483s
	speed: 0.0265s/iter; left time: 74.2731s
	speed: 0.0262s/iter; left time: 70.6813s
	speed: 0.0265s/iter; left time: 68.9292s
	speed: 0.0264s/iter; left time: 66.0140s
	speed: 0.0221s/iter; left time: 52.8892s
	speed: 0.0214s/iter; left time: 49.2806s
	speed: 0.0212s/iter; left time: 46.4960s
	speed: 0.0211s/iter; left time: 44.2788s
	speed: 0.0210s/iter; left time: 42.0505s
	speed: 0.0212s/iter; left time: 40.1674s
	speed: 0.0210s/iter; left time: 37.7727s
	speed: 0.0211s/iter; left time: 35.7823s
	speed: 0.0210s/iter; left time: 33.5833s
	speed: 0.0213s/iter; left time: 31.9764s
	speed: 0.0211s/iter; left time: 29.4893s
	speed: 0.0212s/iter; left time: 27.4828s
	speed: 0.0209s/iter; left time: 25.0708s
	speed: 0.0202s/iter; left time: 22.1997s
	speed: 0.0176s/iter; left time: 17.6053s
	speed: 0.0175s/iter; left time: 15.7578s
	speed: 0.0175s/iter; left time: 13.9792s
	speed: 0.0177s/iter; left time: 12.3255s
	speed: 0.0175s/iter; left time: 10.4492s
	speed: 0.0176s/iter; left time: 8.7427s
	speed: 0.0175s/iter; left time: 6.9626s
	speed: 0.0176s/iter; left time: 5.2580s
	speed: 0.0177s/iter; left time: 3.5106s
	speed: 0.0178s/iter; left time: 1.7408s
2025-11-13 19:11:45,743 - INFO - 训练完成!
2025-11-13 19:11:45,743 - INFO - 开始测试模型...
Epoch: 1, Cost time: 397.633s 
Loading checkpoint from: checkpoints2_anormly_ratio_analysis/ring_anormly_ratio6.0_20251113_190459/Ring_cleaned_1minut_20250928_170147_checkpoint_2025-11-13_19-11-45/model.pth
Threshold : 0.33092978596687317
2025-11-13 19:17:13,080 - INFO - 测试完成!
pa_accuracy           : 0.9402
pa_precision          : 0.3851
pa_recall             : 0.7047
pa_f_score            : 0.4980
MCC_score             : 0.4935
Affiliation precision : 0.5586
Affiliation recall    : 0.8322
R_AUC_ROC             : 0.6742
R_AUC_PR              : 0.4707
VUS_ROC               : 0.6811
VUS_PR                : 0.4716
Accuracy : 0.9402, Precision : 0.3851, Recall : 0.7047, F-score : 0.4980 
Test results saved to: checkpoints2_anormly_ratio_analysis/ring_anormly_ratio6.0_20251113_190459/Ring_cleaned_1minut_20250928_170147_checkpoint_2025-11-13_19-11-45/result.json
/home/wanting/KDD2023-DCdetector/venv/lib/python3.12/site-packages/tsfresh/__init__.py:12: UserWarning: pkg_resources is deprecated as an API. See https://setuptools.pypa.io/en/latest/pkg_resources.html. The pkg_resources package is slated for removal as early as 2025-11-30. Refrain from using this package or pin to Setuptools<81.
  import pkg_resources
2025-11-13 19:17:15,680 - INFO - 开始使用自定义数据集运行DCdetector...
2025-11-13 19:17:15,680 - INFO - 数据集: Custom
2025-11-13 19:17:15,680 - INFO - 输入特征维度: 10
2025-11-13 19:17:15,680 - INFO - 窗口大小: 30
2025-11-13 19:17:15,680 - INFO - 批次大小: 32
2025-11-13 19:17:17,999 - INFO - 开始训练模型...
[onlyNormalData=True] 训练集过滤异常数据: 408340 行 -> 391922 行 (移除 16418 个异常样本)

[PCA降维] 启用
  n_components=10
  PCA前特征维度: 31
  PCA后特征维度: 10
  解释方差比（前10个）: [0.32616914 0.16267314 0.1372184  0.11142357 0.06736721 0.04779601
 0.02843967 0.0252639  0.02060194 0.01696907]
  累积解释方差: 0.9439
  时间点数量: train=391922, val=87502, test=87502 (未改变)
[PCA降维] 完成
数据加载自: dataset/downsampleData_scratch_1minut/pcb/pcb_cleaned_1minut_20250928_161509.parquet
训练集形状: (391922, 10)
验证集形状: (87502, 10)
测试集形状: (87502, 10)
特征维度: 10
异常比例（行级）:
- 训练集: 原始 4.02% -> 现有 0.00%
- 验证集: 1.52%
- 测试集: 2.10%
[onlyNormalData=True] 训练集过滤异常数据: 408340 行 -> 391922 行 (移除 16418 个异常样本)

[PCA降维] 启用
  n_components=10
  PCA前特征维度: 31
  PCA后特征维度: 10
  解释方差比（前10个）: [0.32616914 0.16267314 0.1372184  0.11142357 0.06736721 0.04779601
 0.02843967 0.0252639  0.02060194 0.01696907]
  累积解释方差: 0.9439
  时间点数量: train=391922, val=87502, test=87502 (未改变)
[PCA降维] 完成
数据加载自: dataset/downsampleData_scratch_1minut/pcb/pcb_cleaned_1minut_20250928_161509.parquet
训练集形状: (391922, 10)
验证集形状: (87502, 10)
测试集形状: (87502, 10)
特征维度: 10
异常比例（行级）:
- 训练集: 原始 4.02% -> 现有 0.00%
- 验证集: 1.52%
- 测试集: 2.10%
[onlyNormalData=True] 训练集过滤异常数据: 408340 行 -> 391922 行 (移除 16418 个异常样本)

[PCA降维] 启用
  n_components=10
  PCA前特征维度: 31
  PCA后特征维度: 10
  解释方差比（前10个）: [0.32616914 0.16267314 0.1372184  0.11142357 0.06736721 0.04779601
 0.02843967 0.0252639  0.02060194 0.01696907]
  累积解释方差: 0.9439
  时间点数量: train=391922, val=87502, test=87502 (未改变)
[PCA降维] 完成
数据加载自: dataset/downsampleData_scratch_1minut/pcb/pcb_cleaned_1minut_20250928_161509.parquet
训练集形状: (391922, 10)
验证集形状: (87502, 10)
测试集形状: (87502, 10)
特征维度: 10
异常比例（行级）:
- 训练集: 原始 4.02% -> 现有 0.00%
- 验证集: 1.52%
- 测试集: 2.10%
[onlyNormalData=True] 训练集过滤异常数据: 408340 行 -> 391922 行 (移除 16418 个异常样本)

[PCA降维] 启用
  n_components=10
  PCA前特征维度: 31
  PCA后特征维度: 10
  解释方差比（前10个）: [0.32616914 0.16267314 0.1372184  0.11142357 0.06736721 0.04779601
 0.02843967 0.0252639  0.02060194 0.01696907]
  累积解释方差: 0.9439
  时间点数量: train=391922, val=87502, test=87502 (未改变)
[PCA降维] 完成
数据加载自: dataset/downsampleData_scratch_1minut/pcb/pcb_cleaned_1minut_20250928_161509.parquet
训练集形状: (391922, 10)
验证集形状: (87502, 10)
测试集形状: (87502, 10)
特征维度: 10
异常比例（行级）:
- 训练集: 原始 4.02% -> 现有 0.00%
- 验证集: 1.52%
- 测试集: 2.10%
	speed: 0.0395s/iter; left time: 479.2256s
	speed: 0.0347s/iter; left time: 418.3674s
	speed: 0.0344s/iter; left time: 411.1865s
	speed: 0.0342s/iter; left time: 404.8117s
	speed: 0.0341s/iter; left time: 400.3958s
	speed: 0.0343s/iter; left time: 399.6157s
	speed: 0.0344s/iter; left time: 397.6284s
	speed: 0.0340s/iter; left time: 388.8333s
	speed: 0.0336s/iter; left time: 380.8485s
	speed: 0.0320s/iter; left time: 360.3612s
	speed: 0.0326s/iter; left time: 363.0188s
	speed: 0.0326s/iter; left time: 359.7269s
	speed: 0.0326s/iter; left time: 356.4281s
	speed: 0.0322s/iter; left time: 348.9021s
	speed: 0.0324s/iter; left time: 348.3360s
	speed: 0.0327s/iter; left time: 347.6858s
	speed: 0.0326s/iter; left time: 343.4224s
	speed: 0.0326s/iter; left time: 340.4421s
	speed: 0.0337s/iter; left time: 348.8545s
	speed: 0.0337s/iter; left time: 345.7730s
	speed: 0.0332s/iter; left time: 337.1730s
	speed: 0.0324s/iter; left time: 325.2434s
	speed: 0.0330s/iter; left time: 328.2716s
	speed: 0.0331s/iter; left time: 325.4701s
	speed: 0.0330s/iter; left time: 321.4492s
	speed: 0.0330s/iter; left time: 318.0251s
	speed: 0.0329s/iter; left time: 313.7947s
	speed: 0.0331s/iter; left time: 313.0542s
	speed: 0.0330s/iter; left time: 308.8924s
	speed: 0.0330s/iter; left time: 305.4393s
	speed: 0.0331s/iter; left time: 302.9542s
	speed: 0.0331s/iter; left time: 299.3737s
	speed: 0.0331s/iter; left time: 295.9319s
	speed: 0.0331s/iter; left time: 292.7531s
	speed: 0.0331s/iter; left time: 289.4254s
	speed: 0.0328s/iter; left time: 283.2463s
	speed: 0.0329s/iter; left time: 280.8103s
	speed: 0.0329s/iter; left time: 278.1540s
	speed: 0.0330s/iter; left time: 275.4958s
	speed: 0.0331s/iter; left time: 272.9639s
	speed: 0.0329s/iter; left time: 267.6485s
	speed: 0.0330s/iter; left time: 265.5191s
	speed: 0.0324s/iter; left time: 257.8358s
	speed: 0.0321s/iter; left time: 252.0901s
	speed: 0.0271s/iter; left time: 209.6549s
	speed: 0.0269s/iter; left time: 205.4398s
	speed: 0.0270s/iter; left time: 203.9867s
	speed: 0.0269s/iter; left time: 200.6774s
	speed: 0.0270s/iter; left time: 198.3084s
	speed: 0.0266s/iter; left time: 193.0190s
	speed: 0.0274s/iter; left time: 196.0366s
	speed: 0.0270s/iter; left time: 190.2487s
	speed: 0.0274s/iter; left time: 190.4231s
	speed: 0.0270s/iter; left time: 184.6964s
	speed: 0.0274s/iter; left time: 185.0197s
	speed: 0.0270s/iter; left time: 179.6952s
	speed: 0.0270s/iter; left time: 177.0291s
	speed: 0.0269s/iter; left time: 173.1262s
	speed: 0.0271s/iter; left time: 171.6946s
	speed: 0.0267s/iter; left time: 166.9045s
	speed: 0.0270s/iter; left time: 166.0938s
	speed: 0.0269s/iter; left time: 162.8347s
	speed: 0.0275s/iter; left time: 163.2874s
	speed: 0.0271s/iter; left time: 158.6042s
	speed: 0.0270s/iter; left time: 155.0506s
	speed: 0.0268s/iter; left time: 151.2322s
	speed: 0.0273s/iter; left time: 151.5039s
	speed: 0.0270s/iter; left time: 147.3300s
	speed: 0.0270s/iter; left time: 144.2474s
	speed: 0.0269s/iter; left time: 141.1859s
	speed: 0.0273s/iter; left time: 140.4088s
	speed: 0.0272s/iter; left time: 137.3496s
	speed: 0.0250s/iter; left time: 123.9130s
	speed: 0.0257s/iter; left time: 124.5579s
	speed: 0.0254s/iter; left time: 120.6315s
	speed: 0.0254s/iter; left time: 118.2009s
	speed: 0.0249s/iter; left time: 113.2629s
	speed: 0.0258s/iter; left time: 114.5728s
	speed: 0.0258s/iter; left time: 112.1440s
	speed: 0.0254s/iter; left time: 107.9885s
	speed: 0.0253s/iter; left time: 104.7323s
	speed: 0.0256s/iter; left time: 103.4513s
	speed: 0.0257s/iter; left time: 101.4086s
	speed: 0.0253s/iter; left time: 97.5145s
	speed: 0.0255s/iter; left time: 95.3987s
	speed: 0.0255s/iter; left time: 92.9593s
	speed: 0.0258s/iter; left time: 91.6663s
	speed: 0.0251s/iter; left time: 86.6001s
	speed: 0.0249s/iter; left time: 83.4921s
	speed: 0.0253s/iter; left time: 81.9940s
	speed: 0.0254s/iter; left time: 79.9205s
	speed: 0.0252s/iter; left time: 76.6626s
	speed: 0.0252s/iter; left time: 74.2519s
	speed: 0.0254s/iter; left time: 72.4425s
	speed: 0.0255s/iter; left time: 70.1014s
	speed: 0.0252s/iter; left time: 66.6429s
	speed: 0.0257s/iter; left time: 65.5377s
	speed: 0.0254s/iter; left time: 62.2725s
	speed: 0.0250s/iter; left time: 58.7503s
	speed: 0.0252s/iter; left time: 56.7177s
	speed: 0.0253s/iter; left time: 54.2359s
	speed: 0.0253s/iter; left time: 51.8292s
	speed: 0.0253s/iter; left time: 49.3483s
	speed: 0.0252s/iter; left time: 46.5164s
	speed: 0.0252s/iter; left time: 43.9496s
	speed: 0.0210s/iter; left time: 34.6361s
	speed: 0.0213s/iter; left time: 32.9121s
	speed: 0.0209s/iter; left time: 30.1929s
	speed: 0.0207s/iter; left time: 27.9366s
	speed: 0.0205s/iter; left time: 25.5567s
	speed: 0.0207s/iter; left time: 23.6899s
	speed: 0.0208s/iter; left time: 21.8170s
	speed: 0.0199s/iter; left time: 18.8408s
	speed: 0.0206s/iter; left time: 17.4614s
	speed: 0.0197s/iter; left time: 14.7136s
	speed: 0.0202s/iter; left time: 13.0710s
	speed: 0.0208s/iter; left time: 11.4033s
	speed: 0.0210s/iter; left time: 9.3667s
	speed: 0.0206s/iter; left time: 7.1555s
	speed: 0.0206s/iter; left time: 5.0820s
	speed: 0.0184s/iter; left time: 2.7069s
	speed: 0.0158s/iter; left time: 0.7449s
2025-11-13 19:23:52,203 - INFO - 训练完成!
2025-11-13 19:23:52,203 - INFO - 开始测试模型...
Epoch: 1, Cost time: 394.179s 
Loading checkpoint from: checkpoints2_anormly_ratio_analysis/pcb_anormly_ratio1.0_20251113_191713/pcb_cleaned_1minut_20250928_161509_checkpoint_2025-11-13_19-23-52/model.pth
Threshold : 0.34526291489601135
2025-11-13 19:29:07,883 - INFO - 测试完成!
pa_accuracy           : 0.9714
pa_precision          : 0.3031
pa_recall             : 0.2767
pa_f_score            : 0.2893
MCC_score             : 0.2750
Affiliation precision : 0.4976
Affiliation recall    : 0.7039
R_AUC_ROC             : 0.5629
R_AUC_PR              : 0.2832
VUS_ROC               : 0.5569
VUS_PR                : 0.2739
Accuracy : 0.9714, Precision : 0.3031, Recall : 0.2767, F-score : 0.2893 
Test results saved to: checkpoints2_anormly_ratio_analysis/pcb_anormly_ratio1.0_20251113_191713/pcb_cleaned_1minut_20250928_161509_checkpoint_2025-11-13_19-23-52/result.json
/home/wanting/KDD2023-DCdetector/venv/lib/python3.12/site-packages/tsfresh/__init__.py:12: UserWarning: pkg_resources is deprecated as an API. See https://setuptools.pypa.io/en/latest/pkg_resources.html. The pkg_resources package is slated for removal as early as 2025-11-30. Refrain from using this package or pin to Setuptools<81.
  import pkg_resources
2025-11-13 19:29:10,427 - INFO - 开始使用自定义数据集运行DCdetector...
2025-11-13 19:29:10,427 - INFO - 数据集: Custom
2025-11-13 19:29:10,427 - INFO - 输入特征维度: 10
2025-11-13 19:29:10,427 - INFO - 窗口大小: 30
2025-11-13 19:29:10,427 - INFO - 批次大小: 32
2025-11-13 19:29:12,834 - INFO - 开始训练模型...
[onlyNormalData=True] 训练集过滤异常数据: 408340 行 -> 391922 行 (移除 16418 个异常样本)

[PCA降维] 启用
  n_components=10
  PCA前特征维度: 31
  PCA后特征维度: 10
  解释方差比（前10个）: [0.32616914 0.16267314 0.1372184  0.11142357 0.06736721 0.04779601
 0.02843967 0.0252639  0.02060194 0.01696907]
  累积解释方差: 0.9439
  时间点数量: train=391922, val=87502, test=87502 (未改变)
[PCA降维] 完成
数据加载自: dataset/downsampleData_scratch_1minut/pcb/pcb_cleaned_1minut_20250928_161509.parquet
训练集形状: (391922, 10)
验证集形状: (87502, 10)
测试集形状: (87502, 10)
特征维度: 10
异常比例（行级）:
- 训练集: 原始 4.02% -> 现有 0.00%
- 验证集: 1.52%
- 测试集: 2.10%
[onlyNormalData=True] 训练集过滤异常数据: 408340 行 -> 391922 行 (移除 16418 个异常样本)

[PCA降维] 启用
  n_components=10
  PCA前特征维度: 31
  PCA后特征维度: 10
  解释方差比（前10个）: [0.32616914 0.16267314 0.1372184  0.11142357 0.06736721 0.04779601
 0.02843967 0.0252639  0.02060194 0.01696907]
  累积解释方差: 0.9439
  时间点数量: train=391922, val=87502, test=87502 (未改变)
[PCA降维] 完成
数据加载自: dataset/downsampleData_scratch_1minut/pcb/pcb_cleaned_1minut_20250928_161509.parquet
训练集形状: (391922, 10)
验证集形状: (87502, 10)
测试集形状: (87502, 10)
特征维度: 10
异常比例（行级）:
- 训练集: 原始 4.02% -> 现有 0.00%
- 验证集: 1.52%
- 测试集: 2.10%
[onlyNormalData=True] 训练集过滤异常数据: 408340 行 -> 391922 行 (移除 16418 个异常样本)

[PCA降维] 启用
  n_components=10
  PCA前特征维度: 31
  PCA后特征维度: 10
  解释方差比（前10个）: [0.32616914 0.16267314 0.1372184  0.11142357 0.06736721 0.04779601
 0.02843967 0.0252639  0.02060194 0.01696907]
  累积解释方差: 0.9439
  时间点数量: train=391922, val=87502, test=87502 (未改变)
[PCA降维] 完成
数据加载自: dataset/downsampleData_scratch_1minut/pcb/pcb_cleaned_1minut_20250928_161509.parquet
训练集形状: (391922, 10)
验证集形状: (87502, 10)
测试集形状: (87502, 10)
特征维度: 10
异常比例（行级）:
- 训练集: 原始 4.02% -> 现有 0.00%
- 验证集: 1.52%
- 测试集: 2.10%
[onlyNormalData=True] 训练集过滤异常数据: 408340 行 -> 391922 行 (移除 16418 个异常样本)

[PCA降维] 启用
  n_components=10
  PCA前特征维度: 31
  PCA后特征维度: 10
  解释方差比（前10个）: [0.32616914 0.16267314 0.1372184  0.11142357 0.06736721 0.04779601
 0.02843967 0.0252639  0.02060194 0.01696907]
  累积解释方差: 0.9439
  时间点数量: train=391922, val=87502, test=87502 (未改变)
[PCA降维] 完成
数据加载自: dataset/downsampleData_scratch_1minut/pcb/pcb_cleaned_1minut_20250928_161509.parquet
训练集形状: (391922, 10)
验证集形状: (87502, 10)
测试集形状: (87502, 10)
特征维度: 10
异常比例（行级）:
- 训练集: 原始 4.02% -> 现有 0.00%
- 验证集: 1.52%
- 测试集: 2.10%
	speed: 0.0336s/iter; left time: 408.3794s
	speed: 0.0287s/iter; left time: 345.2282s
	speed: 0.0285s/iter; left time: 340.6068s
	speed: 0.0284s/iter; left time: 336.3694s
	speed: 0.0285s/iter; left time: 335.1645s
	speed: 0.0284s/iter; left time: 330.5764s
	speed: 0.0285s/iter; left time: 328.6063s
	speed: 0.0284s/iter; left time: 325.3464s
	speed: 0.0285s/iter; left time: 323.2096s
	speed: 0.0285s/iter; left time: 320.9694s
	speed: 0.0284s/iter; left time: 316.5050s
	speed: 0.0285s/iter; left time: 315.2757s
	speed: 0.0240s/iter; left time: 263.0482s
	speed: 0.0228s/iter; left time: 247.2788s
	speed: 0.0226s/iter; left time: 243.3522s
	speed: 0.0228s/iter; left time: 243.2507s
	speed: 0.0227s/iter; left time: 239.1873s
	speed: 0.0224s/iter; left time: 234.2617s
	speed: 0.0227s/iter; left time: 235.0624s
	speed: 0.0227s/iter; left time: 232.7862s
	speed: 0.0227s/iter; left time: 230.7136s
	speed: 0.0227s/iter; left time: 227.6928s
	speed: 0.0227s/iter; left time: 226.2347s
	speed: 0.0228s/iter; left time: 224.4947s
	speed: 0.0228s/iter; left time: 221.9027s
	speed: 0.0227s/iter; left time: 219.1917s
	speed: 0.0224s/iter; left time: 213.4643s
	speed: 0.0222s/iter; left time: 209.4497s
	speed: 0.0224s/iter; left time: 209.4547s
	speed: 0.0220s/iter; left time: 203.5573s
	speed: 0.0229s/iter; left time: 209.7297s
	speed: 0.0226s/iter; left time: 204.4927s
	speed: 0.0227s/iter; left time: 202.9836s
	speed: 0.0225s/iter; left time: 199.0371s
	speed: 0.0226s/iter; left time: 197.8845s
	speed: 0.0221s/iter; left time: 191.3347s
	speed: 0.0220s/iter; left time: 188.0246s
	speed: 0.0221s/iter; left time: 186.2741s
	speed: 0.0220s/iter; left time: 183.9834s
	speed: 0.0220s/iter; left time: 181.3073s
	speed: 0.0204s/iter; left time: 166.1303s
	speed: 0.0216s/iter; left time: 173.7948s
	speed: 0.0214s/iter; left time: 169.9736s
	speed: 0.0216s/iter; left time: 169.4456s
	speed: 0.0213s/iter; left time: 165.3826s
	speed: 0.0212s/iter; left time: 161.9220s
	speed: 0.0214s/iter; left time: 161.6444s
	speed: 0.0214s/iter; left time: 159.5197s
	speed: 0.0215s/iter; left time: 157.9349s
	speed: 0.0218s/iter; left time: 157.6763s
	speed: 0.0214s/iter; left time: 153.2943s
	speed: 0.0213s/iter; left time: 150.0851s
	speed: 0.0214s/iter; left time: 148.7295s
	speed: 0.0216s/iter; left time: 147.5898s
	speed: 0.0213s/iter; left time: 143.6089s
	speed: 0.0218s/iter; left time: 144.8658s
	speed: 0.0213s/iter; left time: 139.5794s
	speed: 0.0215s/iter; left time: 138.8900s
	speed: 0.0213s/iter; left time: 135.0251s
	speed: 0.0212s/iter; left time: 132.6943s
	speed: 0.0213s/iter; left time: 130.9074s
	speed: 0.0213s/iter; left time: 128.6575s
	speed: 0.0212s/iter; left time: 126.2225s
	speed: 0.0212s/iter; left time: 124.1934s
	speed: 0.0218s/iter; left time: 125.2285s
	speed: 0.0213s/iter; left time: 120.4879s
	speed: 0.0213s/iter; left time: 118.3323s
	speed: 0.0213s/iter; left time: 116.2022s
	speed: 0.0217s/iter; left time: 115.9683s
	speed: 0.0213s/iter; left time: 111.8710s
	speed: 0.0216s/iter; left time: 111.3290s
	speed: 0.0213s/iter; left time: 107.7334s
	speed: 0.0215s/iter; left time: 106.2300s
	speed: 0.0214s/iter; left time: 103.6245s
	speed: 0.0214s/iter; left time: 101.6633s
	speed: 0.0212s/iter; left time: 98.7217s
	speed: 0.0214s/iter; left time: 97.4426s
	speed: 0.0214s/iter; left time: 95.3694s
	speed: 0.0216s/iter; left time: 93.9041s
	speed: 0.0214s/iter; left time: 90.9281s
	speed: 0.0216s/iter; left time: 89.4723s
	speed: 0.0214s/iter; left time: 86.6475s
	speed: 0.0214s/iter; left time: 84.2888s
	speed: 0.0213s/iter; left time: 82.0941s
	speed: 0.0213s/iter; left time: 79.9177s
	speed: 0.0217s/iter; left time: 78.9704s
	speed: 0.0213s/iter; left time: 75.7081s
	speed: 0.0214s/iter; left time: 73.8598s
	speed: 0.0213s/iter; left time: 71.3683s
	speed: 0.0213s/iter; left time: 69.2519s
	speed: 0.0213s/iter; left time: 67.1024s
	speed: 0.0213s/iter; left time: 64.7918s
	speed: 0.0214s/iter; left time: 62.9652s
	speed: 0.0219s/iter; left time: 62.2465s
	speed: 0.0216s/iter; left time: 59.2882s
	speed: 0.0214s/iter; left time: 56.7530s
	speed: 0.0217s/iter; left time: 55.1798s
	speed: 0.0213s/iter; left time: 52.1596s
	speed: 0.0213s/iter; left time: 50.0743s
	speed: 0.0213s/iter; left time: 47.9143s
	speed: 0.0216s/iter; left time: 46.3783s
	speed: 0.0187s/iter; left time: 38.2521s
	speed: 0.0173s/iter; left time: 33.6938s
	speed: 0.0177s/iter; left time: 32.6685s
	speed: 0.0167s/iter; left time: 29.2264s
	speed: 0.0174s/iter; left time: 28.7085s
	speed: 0.0166s/iter; left time: 25.6665s
	speed: 0.0166s/iter; left time: 24.0403s
	speed: 0.0166s/iter; left time: 22.3482s
	speed: 0.0171s/iter; left time: 21.3058s
	speed: 0.0166s/iter; left time: 19.0551s
	speed: 0.0166s/iter; left time: 17.3840s
	speed: 0.0166s/iter; left time: 15.7360s
	speed: 0.0166s/iter; left time: 14.0610s
	speed: 0.0168s/iter; left time: 12.5697s
	speed: 0.0166s/iter; left time: 10.7550s
	speed: 0.0166s/iter; left time: 9.1059s
	speed: 0.0166s/iter; left time: 7.4183s
	speed: 0.0167s/iter; left time: 5.7868s
	speed: 0.0180s/iter; left time: 4.4550s
	speed: 0.0167s/iter; left time: 2.4515s
	speed: 0.0175s/iter; left time: 0.8208s
2025-11-13 19:34:15,892 - INFO - 训练完成!
2025-11-13 19:34:15,892 - INFO - 开始测试模型...
Epoch: 1, Cost time: 303.034s 
Loading checkpoint from: checkpoints2_anormly_ratio_analysis/pcb_anormly_ratio2.0_20251113_192908/pcb_cleaned_1minut_20250928_161509_checkpoint_2025-11-13_19-34-15/model.pth
Threshold : 0.3419402241706848
2025-11-13 19:37:48,652 - INFO - 测试完成!
pa_accuracy           : 0.9661
pa_precision          : 0.3086
pa_recall             : 0.4929
pa_f_score            : 0.3795
MCC_score             : 0.3736
Affiliation precision : 0.5028
Affiliation recall    : 0.8144
R_AUC_ROC             : 0.5999
R_AUC_PR              : 0.3245
VUS_ROC               : 0.5964
VUS_PR                : 0.3180
Accuracy : 0.9661, Precision : 0.3086, Recall : 0.4929, F-score : 0.3795 
Test results saved to: checkpoints2_anormly_ratio_analysis/pcb_anormly_ratio2.0_20251113_192908/pcb_cleaned_1minut_20250928_161509_checkpoint_2025-11-13_19-34-15/result.json

################################################################################
# Experiment 8/18
# Dataset: ring, anormly_ratio: 2.0
################################################################################


================================================================================
Running: ring | anormly_ratio=2.0
================================================================================
Command: python run_custom_dataset.py --dataset Custom --data_path dataset/downsampleData_scratch_1minut/ring/Ring_cleaned_1minut_20250928_170147.parquet --num_epochs 1 --win_size 30 --batch_size 32 --mode train --input_c 10 --output_c 10 --lr 0.0001 --anormly_ratio 2.0 --index 0 --patience 3 --patch_size 3,6,10 --n_heads 1 --d_model 256 --e_layers 3 --d_ff 512 --activation gelu --output_attention True --model_save_path checkpoints2_anormly_ratio_analysis/ring_anormly_ratio2.0_20251113_181651
================================================================================


✓ Results: Precision=0.4995, Recall=0.3815, F-score=0.4326

################################################################################
# Experiment 9/18
# Dataset: ring, anormly_ratio: 3.0
################################################################################


================================================================================
Running: ring | anormly_ratio=3.0
================================================================================
Command: python run_custom_dataset.py --dataset Custom --data_path dataset/downsampleData_scratch_1minut/ring/Ring_cleaned_1minut_20250928_170147.parquet --num_epochs 1 --win_size 30 --batch_size 32 --mode train --input_c 10 --output_c 10 --lr 0.0001 --anormly_ratio 3.0 --index 0 --patience 3 --patch_size 3,6,10 --n_heads 1 --d_model 256 --e_layers 3 --d_ff 512 --activation gelu --output_attention True --model_save_path checkpoints2_anormly_ratio_analysis/ring_anormly_ratio3.0_20251113_182902
================================================================================


✓ Results: Precision=0.4690, Recall=0.4937, F-score=0.4811

################################################################################
# Experiment 10/18
# Dataset: ring, anormly_ratio: 4.0
################################################################################


================================================================================
Running: ring | anormly_ratio=4.0
================================================================================
Command: python run_custom_dataset.py --dataset Custom --data_path dataset/downsampleData_scratch_1minut/ring/Ring_cleaned_1minut_20250928_170147.parquet --num_epochs 1 --win_size 30 --batch_size 32 --mode train --input_c 10 --output_c 10 --lr 0.0001 --anormly_ratio 4.0 --index 0 --patience 3 --patch_size 3,6,10 --n_heads 1 --d_model 256 --e_layers 3 --d_ff 512 --activation gelu --output_attention True --model_save_path checkpoints2_anormly_ratio_analysis/ring_anormly_ratio4.0_20251113_183956
================================================================================


✓ Results: Precision=0.4600, Recall=0.6493, F-score=0.5385

################################################################################
# Experiment 11/18
# Dataset: ring, anormly_ratio: 5.0
################################################################################


================================================================================
Running: ring | anormly_ratio=5.0
================================================================================
Command: python run_custom_dataset.py --dataset Custom --data_path dataset/downsampleData_scratch_1minut/ring/Ring_cleaned_1minut_20250928_170147.parquet --num_epochs 1 --win_size 30 --batch_size 32 --mode train --input_c 10 --output_c 10 --lr 0.0001 --anormly_ratio 5.0 --index 0 --patience 3 --patch_size 3,6,10 --n_heads 1 --d_model 256 --e_layers 3 --d_ff 512 --activation gelu --output_attention True --model_save_path checkpoints2_anormly_ratio_analysis/ring_anormly_ratio5.0_20251113_185105
================================================================================


✓ Results: Precision=0.4207, Recall=0.6884, F-score=0.5223

################################################################################
# Experiment 12/18
# Dataset: ring, anormly_ratio: 6.0
################################################################################


================================================================================
Running: ring | anormly_ratio=6.0
================================================================================
Command: python run_custom_dataset.py --dataset Custom --data_path dataset/downsampleData_scratch_1minut/ring/Ring_cleaned_1minut_20250928_170147.parquet --num_epochs 1 --win_size 30 --batch_size 32 --mode train --input_c 10 --output_c 10 --lr 0.0001 --anormly_ratio 6.0 --index 0 --patience 3 --patch_size 3,6,10 --n_heads 1 --d_model 256 --e_layers 3 --d_ff 512 --activation gelu --output_attention True --model_save_path checkpoints2_anormly_ratio_analysis/ring_anormly_ratio6.0_20251113_190459
================================================================================


✓ Results: Precision=0.3851, Recall=0.7047, F-score=0.4980

################################################################################
# Experiment 13/18
# Dataset: pcb, anormly_ratio: 1.0
################################################################################


================================================================================
Running: pcb | anormly_ratio=1.0
================================================================================
Command: python run_custom_dataset.py --dataset Custom --data_path dataset/downsampleData_scratch_1minut/pcb/pcb_cleaned_1minut_20250928_161509.parquet --num_epochs 1 --win_size 30 --batch_size 32 --mode train --input_c 10 --output_c 10 --lr 0.0001 --anormly_ratio 1.0 --index 0 --patience 3 --patch_size 3,6,10 --n_heads 1 --d_model 256 --e_layers 3 --d_ff 512 --activation gelu --output_attention True --model_save_path checkpoints2_anormly_ratio_analysis/pcb_anormly_ratio1.0_20251113_191713
================================================================================


✓ Results: Precision=0.3031, Recall=0.2767, F-score=0.2893

################################################################################
# Experiment 14/18
# Dataset: pcb, anormly_ratio: 2.0
################################################################################


================================================================================
Running: pcb | anormly_ratio=2.0
================================================================================
Command: python run_custom_dataset.py --dataset Custom --data_path dataset/downsampleData_scratch_1minut/pcb/pcb_cleaned_1minut_20250928_161509.parquet --num_epochs 1 --win_size 30 --batch_size 32 --mode train --input_c 10 --output_c 10 --lr 0.0001 --anormly_ratio 2.0 --index 0 --patience 3 --patch_size 3,6,10 --n_heads 1 --d_model 256 --e_layers 3 --d_ff 512 --activation gelu --output_attention True --model_save_path checkpoints2_anormly_ratio_analysis/pcb_anormly_ratio2.0_20251113_192908
================================================================================


✓ Results: Precision=0.3086, Recall=0.4929, F-score=0.3795

################################################################################
# Experiment 15/18
# Dataset: pcb, anormly_ratio: 3.0
################################################################################


================================================================================
Running: pcb | anormly_ratio=3.0
================================================================================
/home/wanting/KDD2023-DCdetector/venv/lib/python3.12/site-packages/tsfresh/__init__.py:12: UserWarning: pkg_resources is deprecated as an API. See https://setuptools.pypa.io/en/latest/pkg_resources.html. The pkg_resources package is slated for removal as early as 2025-11-30. Refrain from using this package or pin to Setuptools<81.
  import pkg_resources
2025-11-13 19:37:51,219 - INFO - 开始使用自定义数据集运行DCdetector...
2025-11-13 19:37:51,219 - INFO - 数据集: Custom
2025-11-13 19:37:51,219 - INFO - 输入特征维度: 10
2025-11-13 19:37:51,219 - INFO - 窗口大小: 30
2025-11-13 19:37:51,219 - INFO - 批次大小: 32
2025-11-13 19:37:53,485 - INFO - 开始训练模型...
[onlyNormalData=True] 训练集过滤异常数据: 408340 行 -> 391922 行 (移除 16418 个异常样本)

[PCA降维] 启用
  n_components=10
  PCA前特征维度: 31
  PCA后特征维度: 10
  解释方差比（前10个）: [0.32616914 0.16267314 0.1372184  0.11142357 0.06736721 0.04779601
 0.02843967 0.0252639  0.02060194 0.01696907]
  累积解释方差: 0.9439
  时间点数量: train=391922, val=87502, test=87502 (未改变)
[PCA降维] 完成
数据加载自: dataset/downsampleData_scratch_1minut/pcb/pcb_cleaned_1minut_20250928_161509.parquet
训练集形状: (391922, 10)
验证集形状: (87502, 10)
测试集形状: (87502, 10)
特征维度: 10
异常比例（行级）:
- 训练集: 原始 4.02% -> 现有 0.00%
- 验证集: 1.52%
- 测试集: 2.10%
[onlyNormalData=True] 训练集过滤异常数据: 408340 行 -> 391922 行 (移除 16418 个异常样本)

[PCA降维] 启用
  n_components=10
  PCA前特征维度: 31
  PCA后特征维度: 10
  解释方差比（前10个）: [0.32616914 0.16267314 0.1372184  0.11142357 0.06736721 0.04779601
 0.02843967 0.0252639  0.02060194 0.01696907]
  累积解释方差: 0.9439
  时间点数量: train=391922, val=87502, test=87502 (未改变)
[PCA降维] 完成
数据加载自: dataset/downsampleData_scratch_1minut/pcb/pcb_cleaned_1minut_20250928_161509.parquet
训练集形状: (391922, 10)
验证集形状: (87502, 10)
测试集形状: (87502, 10)
特征维度: 10
异常比例（行级）:
- 训练集: 原始 4.02% -> 现有 0.00%
- 验证集: 1.52%
- 测试集: 2.10%
[onlyNormalData=True] 训练集过滤异常数据: 408340 行 -> 391922 行 (移除 16418 个异常样本)

[PCA降维] 启用
  n_components=10
  PCA前特征维度: 31
  PCA后特征维度: 10
  解释方差比（前10个）: [0.32616914 0.16267314 0.1372184  0.11142357 0.06736721 0.04779601
 0.02843967 0.0252639  0.02060194 0.01696907]
  累积解释方差: 0.9439
  时间点数量: train=391922, val=87502, test=87502 (未改变)
[PCA降维] 完成
数据加载自: dataset/downsampleData_scratch_1minut/pcb/pcb_cleaned_1minut_20250928_161509.parquet
训练集形状: (391922, 10)
验证集形状: (87502, 10)
测试集形状: (87502, 10)
特征维度: 10
异常比例（行级）:
- 训练集: 原始 4.02% -> 现有 0.00%
- 验证集: 1.52%
- 测试集: 2.10%
[onlyNormalData=True] 训练集过滤异常数据: 408340 行 -> 391922 行 (移除 16418 个异常样本)

[PCA降维] 启用
  n_components=10
  PCA前特征维度: 31
  PCA后特征维度: 10
  解释方差比（前10个）: [0.32616914 0.16267314 0.1372184  0.11142357 0.06736721 0.04779601
 0.02843967 0.0252639  0.02060194 0.01696907]
  累积解释方差: 0.9439
  时间点数量: train=391922, val=87502, test=87502 (未改变)
[PCA降维] 完成
数据加载自: dataset/downsampleData_scratch_1minut/pcb/pcb_cleaned_1minut_20250928_161509.parquet
训练集形状: (391922, 10)
验证集形状: (87502, 10)
测试集形状: (87502, 10)
特征维度: 10
异常比例（行级）:
- 训练集: 原始 4.02% -> 现有 0.00%
- 验证集: 1.52%
- 测试集: 2.10%
	speed: 0.0351s/iter; left time: 426.3890s
	speed: 0.0298s/iter; left time: 359.4224s
	speed: 0.0299s/iter; left time: 357.7715s
	speed: 0.0297s/iter; left time: 352.3193s
	speed: 0.0298s/iter; left time: 349.7703s
	speed: 0.0299s/iter; left time: 348.8017s
	speed: 0.0298s/iter; left time: 343.5852s
	speed: 0.0297s/iter; left time: 340.4640s
	speed: 0.0298s/iter; left time: 338.5663s
	speed: 0.0296s/iter; left time: 333.4673s
	speed: 0.0299s/iter; left time: 332.8021s
	speed: 0.0298s/iter; left time: 329.6294s
	speed: 0.0298s/iter; left time: 325.8893s
	speed: 0.0299s/iter; left time: 324.1783s
	speed: 0.0297s/iter; left time: 318.7982s
	speed: 0.0298s/iter; left time: 317.4656s
	speed: 0.0298s/iter; left time: 314.4452s
	speed: 0.0299s/iter; left time: 312.7963s
	speed: 0.0299s/iter; left time: 309.0005s
	speed: 0.0299s/iter; left time: 306.3605s
	speed: 0.0299s/iter; left time: 302.9866s
	speed: 0.0299s/iter; left time: 300.5201s
	speed: 0.0300s/iter; left time: 298.4716s
	speed: 0.0299s/iter; left time: 294.5229s
	speed: 0.0299s/iter; left time: 291.2332s
	speed: 0.0299s/iter; left time: 288.4715s
	speed: 0.0298s/iter; left time: 284.3364s
	speed: 0.0300s/iter; left time: 283.5206s
	speed: 0.0299s/iter; left time: 279.4688s
	speed: 0.0299s/iter; left time: 276.7260s
	speed: 0.0301s/iter; left time: 274.9802s
	speed: 0.0300s/iter; left time: 271.2012s
	speed: 0.0299s/iter; left time: 267.6512s
	speed: 0.0298s/iter; left time: 264.0548s
	speed: 0.0299s/iter; left time: 261.6473s
	speed: 0.0299s/iter; left time: 258.7025s
	speed: 0.0300s/iter; left time: 256.0710s
	speed: 0.0283s/iter; left time: 238.7221s
	speed: 0.0261s/iter; left time: 217.8528s
	speed: 0.0262s/iter; left time: 215.8211s
	speed: 0.0261s/iter; left time: 212.9726s
	speed: 0.0261s/iter; left time: 209.7440s
	speed: 0.0260s/iter; left time: 206.8564s
	speed: 0.0262s/iter; left time: 205.2741s
	speed: 0.0261s/iter; left time: 202.3787s
	speed: 0.0260s/iter; left time: 198.9101s
	speed: 0.0261s/iter; left time: 197.1168s
	speed: 0.0261s/iter; left time: 194.5706s
	speed: 0.0261s/iter; left time: 191.8687s
	speed: 0.0246s/iter; left time: 178.0350s
	speed: 0.0218s/iter; left time: 155.7589s
	speed: 0.0216s/iter; left time: 152.1064s
	speed: 0.0215s/iter; left time: 149.5918s
	speed: 0.0216s/iter; left time: 148.0535s
	speed: 0.0217s/iter; left time: 146.4388s
	speed: 0.0216s/iter; left time: 143.4452s
	speed: 0.0217s/iter; left time: 142.1523s
	speed: 0.0217s/iter; left time: 139.9702s
	speed: 0.0213s/iter; left time: 135.2199s
	speed: 0.0217s/iter; left time: 135.6780s
	speed: 0.0216s/iter; left time: 132.9281s
	speed: 0.0215s/iter; left time: 130.0744s
	speed: 0.0217s/iter; left time: 128.9274s
	speed: 0.0217s/iter; left time: 126.6082s
	speed: 0.0215s/iter; left time: 123.7069s
	speed: 0.0207s/iter; left time: 117.0586s
	speed: 0.0213s/iter; left time: 117.9660s
	speed: 0.0212s/iter; left time: 115.2531s
	speed: 0.0213s/iter; left time: 113.6326s
	speed: 0.0212s/iter; left time: 111.1193s
	speed: 0.0216s/iter; left time: 111.0267s
	speed: 0.0212s/iter; left time: 107.0534s
	speed: 0.0215s/iter; left time: 106.2501s
	speed: 0.0213s/iter; left time: 103.4274s
	speed: 0.0212s/iter; left time: 100.6055s
	speed: 0.0212s/iter; left time: 98.4281s
	speed: 0.0213s/iter; left time: 96.6570s
	speed: 0.0211s/iter; left time: 93.8306s
	speed: 0.0200s/iter; left time: 86.8944s
	speed: 0.0206s/iter; left time: 87.2790s
	speed: 0.0208s/iter; left time: 86.1347s
	speed: 0.0205s/iter; left time: 83.1578s
	speed: 0.0206s/iter; left time: 81.1757s
	speed: 0.0206s/iter; left time: 79.0725s
	speed: 0.0204s/iter; left time: 76.5156s
	speed: 0.0209s/iter; left time: 76.2023s
	speed: 0.0206s/iter; left time: 72.9143s
	speed: 0.0206s/iter; left time: 70.8824s
	speed: 0.0206s/iter; left time: 68.8478s
	speed: 0.0206s/iter; left time: 66.7263s
	speed: 0.0204s/iter; left time: 64.2571s
	speed: 0.0206s/iter; left time: 62.6906s
	speed: 0.0205s/iter; left time: 60.3532s
	speed: 0.0205s/iter; left time: 58.3742s
	speed: 0.0205s/iter; left time: 56.3559s
	speed: 0.0205s/iter; left time: 54.2678s
	speed: 0.0207s/iter; left time: 52.7143s
	speed: 0.0206s/iter; left time: 50.3262s
	speed: 0.0205s/iter; left time: 48.1667s
	speed: 0.0206s/iter; left time: 46.2430s
	speed: 0.0206s/iter; left time: 44.1663s
	speed: 0.0205s/iter; left time: 41.8947s
	speed: 0.0206s/iter; left time: 40.0383s
	speed: 0.0206s/iter; left time: 37.9572s
	speed: 0.0206s/iter; left time: 35.9239s
	speed: 0.0205s/iter; left time: 33.8444s
	speed: 0.0206s/iter; left time: 31.8229s
	speed: 0.0206s/iter; left time: 29.7486s
	speed: 0.0204s/iter; left time: 27.5017s
	speed: 0.0166s/iter; left time: 20.7030s
	speed: 0.0161s/iter; left time: 18.5214s
	speed: 0.0162s/iter; left time: 16.9414s
	speed: 0.0161s/iter; left time: 15.2551s
	speed: 0.0161s/iter; left time: 13.5996s
	speed: 0.0162s/iter; left time: 12.0871s
	speed: 0.0163s/iter; left time: 10.5342s
	speed: 0.0166s/iter; left time: 9.1001s
	speed: 0.0165s/iter; left time: 7.3627s
	speed: 0.0161s/iter; left time: 5.5814s
	speed: 0.0162s/iter; left time: 3.9927s
	speed: 0.0163s/iter; left time: 2.3895s
	speed: 0.0164s/iter; left time: 0.7723s
2025-11-13 19:43:20,878 - INFO - 训练完成!
2025-11-13 19:43:20,878 - INFO - 开始测试模型...
Epoch: 1, Cost time: 327.369s 
Loading checkpoint from: checkpoints2_anormly_ratio_analysis/pcb_anormly_ratio3.0_20251113_193749/pcb_cleaned_1minut_20250928_161509_checkpoint_2025-11-13_19-43-20/model.pth
Threshold : 0.3378572463989258
2025-11-13 19:46:39,514 - INFO - 测试完成!
pa_accuracy           : 0.9582
pa_precision          : 0.2615
pa_recall             : 0.5425
pa_f_score            : 0.3529
MCC_score             : 0.3579
Affiliation precision : 0.5051
Affiliation recall    : 0.8668
R_AUC_ROC             : 0.6088
R_AUC_PR              : 0.3164
VUS_ROC               : 0.6110
VUS_PR                : 0.3151
Accuracy : 0.9582, Precision : 0.2615, Recall : 0.5425, F-score : 0.3529 
Test results saved to: checkpoints2_anormly_ratio_analysis/pcb_anormly_ratio3.0_20251113_193749/pcb_cleaned_1minut_20250928_161509_checkpoint_2025-11-13_19-43-20/result.json
/home/wanting/KDD2023-DCdetector/venv/lib/python3.12/site-packages/tsfresh/__init__.py:12: UserWarning: pkg_resources is deprecated as an API. See https://setuptools.pypa.io/en/latest/pkg_resources.html. The pkg_resources package is slated for removal as early as 2025-11-30. Refrain from using this package or pin to Setuptools<81.
  import pkg_resources
2025-11-13 19:46:42,072 - INFO - 开始使用自定义数据集运行DCdetector...
2025-11-13 19:46:42,072 - INFO - 数据集: Custom
2025-11-13 19:46:42,072 - INFO - 输入特征维度: 10
2025-11-13 19:46:42,072 - INFO - 窗口大小: 30
2025-11-13 19:46:42,072 - INFO - 批次大小: 32
2025-11-13 19:46:44,381 - INFO - 开始训练模型...
[onlyNormalData=True] 训练集过滤异常数据: 408340 行 -> 391922 行 (移除 16418 个异常样本)

[PCA降维] 启用
  n_components=10
  PCA前特征维度: 31
  PCA后特征维度: 10
  解释方差比（前10个）: [0.32616914 0.16267314 0.1372184  0.11142357 0.06736721 0.04779601
 0.02843967 0.0252639  0.02060194 0.01696907]
  累积解释方差: 0.9439
  时间点数量: train=391922, val=87502, test=87502 (未改变)
[PCA降维] 完成
数据加载自: dataset/downsampleData_scratch_1minut/pcb/pcb_cleaned_1minut_20250928_161509.parquet
训练集形状: (391922, 10)
验证集形状: (87502, 10)
测试集形状: (87502, 10)
特征维度: 10
异常比例（行级）:
- 训练集: 原始 4.02% -> 现有 0.00%
- 验证集: 1.52%
- 测试集: 2.10%
[onlyNormalData=True] 训练集过滤异常数据: 408340 行 -> 391922 行 (移除 16418 个异常样本)

[PCA降维] 启用
  n_components=10
  PCA前特征维度: 31
  PCA后特征维度: 10
  解释方差比（前10个）: [0.32616914 0.16267314 0.1372184  0.11142357 0.06736721 0.04779601
 0.02843967 0.0252639  0.02060194 0.01696907]
  累积解释方差: 0.9439
  时间点数量: train=391922, val=87502, test=87502 (未改变)
[PCA降维] 完成
数据加载自: dataset/downsampleData_scratch_1minut/pcb/pcb_cleaned_1minut_20250928_161509.parquet
训练集形状: (391922, 10)
验证集形状: (87502, 10)
测试集形状: (87502, 10)
特征维度: 10
异常比例（行级）:
- 训练集: 原始 4.02% -> 现有 0.00%
- 验证集: 1.52%
- 测试集: 2.10%
[onlyNormalData=True] 训练集过滤异常数据: 408340 行 -> 391922 行 (移除 16418 个异常样本)

[PCA降维] 启用
  n_components=10
  PCA前特征维度: 31
  PCA后特征维度: 10
  解释方差比（前10个）: [0.32616914 0.16267314 0.1372184  0.11142357 0.06736721 0.04779601
 0.02843967 0.0252639  0.02060194 0.01696907]
  累积解释方差: 0.9439
  时间点数量: train=391922, val=87502, test=87502 (未改变)
[PCA降维] 完成
数据加载自: dataset/downsampleData_scratch_1minut/pcb/pcb_cleaned_1minut_20250928_161509.parquet
训练集形状: (391922, 10)
验证集形状: (87502, 10)
测试集形状: (87502, 10)
特征维度: 10
异常比例（行级）:
- 训练集: 原始 4.02% -> 现有 0.00%
- 验证集: 1.52%
- 测试集: 2.10%
[onlyNormalData=True] 训练集过滤异常数据: 408340 行 -> 391922 行 (移除 16418 个异常样本)

[PCA降维] 启用
  n_components=10
  PCA前特征维度: 31
  PCA后特征维度: 10
  解释方差比（前10个）: [0.32616914 0.16267314 0.1372184  0.11142357 0.06736721 0.04779601
 0.02843967 0.0252639  0.02060194 0.01696907]
  累积解释方差: 0.9439
  时间点数量: train=391922, val=87502, test=87502 (未改变)
[PCA降维] 完成
数据加载自: dataset/downsampleData_scratch_1minut/pcb/pcb_cleaned_1minut_20250928_161509.parquet
训练集形状: (391922, 10)
验证集形状: (87502, 10)
测试集形状: (87502, 10)
特征维度: 10
异常比例（行级）:
- 训练集: 原始 4.02% -> 现有 0.00%
- 验证集: 1.52%
- 测试集: 2.10%
	speed: 0.0377s/iter; left time: 457.3399s
	speed: 0.0327s/iter; left time: 393.8437s
	speed: 0.0326s/iter; left time: 388.9570s
	speed: 0.0326s/iter; left time: 385.6420s
	speed: 0.0327s/iter; left time: 383.6868s
	speed: 0.0326s/iter; left time: 379.8988s
	speed: 0.0327s/iter; left time: 377.4767s
	speed: 0.0327s/iter; left time: 374.2661s
	speed: 0.0326s/iter; left time: 370.2993s
	speed: 0.0326s/iter; left time: 367.1992s
	speed: 0.0328s/iter; left time: 365.0912s
	speed: 0.0328s/iter; left time: 362.5926s
	speed: 0.0327s/iter; left time: 357.7598s
	speed: 0.0327s/iter; left time: 354.6491s
	speed: 0.0326s/iter; left time: 350.5035s
	speed: 0.0328s/iter; left time: 348.7059s
	speed: 0.0327s/iter; left time: 345.0287s
	speed: 0.0326s/iter; left time: 340.7606s
	speed: 0.0327s/iter; left time: 337.9176s
	speed: 0.0327s/iter; left time: 335.0551s
	speed: 0.0328s/iter; left time: 332.8027s
	speed: 0.0327s/iter; left time: 328.0543s
	speed: 0.0327s/iter; left time: 324.9490s
	speed: 0.0327s/iter; left time: 322.2997s
	speed: 0.0327s/iter; left time: 319.1827s
	speed: 0.0326s/iter; left time: 314.1808s
	speed: 0.0326s/iter; left time: 311.6092s
	speed: 0.0328s/iter; left time: 309.5446s
	speed: 0.0329s/iter; left time: 307.1739s
	speed: 0.0327s/iter; left time: 302.6321s
	speed: 0.0327s/iter; left time: 299.5567s
	speed: 0.0328s/iter; left time: 296.3806s
	speed: 0.0329s/iter; left time: 293.9443s
	speed: 0.0326s/iter; left time: 288.8161s
	speed: 0.0328s/iter; left time: 286.8182s
	speed: 0.0327s/iter; left time: 282.6269s
	speed: 0.0327s/iter; left time: 279.4655s
	speed: 0.0327s/iter; left time: 276.0091s
	speed: 0.0326s/iter; left time: 272.1280s
	speed: 0.0329s/iter; left time: 271.3004s
	speed: 0.0327s/iter; left time: 266.7226s
	speed: 0.0328s/iter; left time: 263.6734s
	speed: 0.0328s/iter; left time: 260.8435s
	speed: 0.0327s/iter; left time: 256.3965s
	speed: 0.0327s/iter; left time: 253.5616s
	speed: 0.0327s/iter; left time: 249.8960s
	speed: 0.0327s/iter; left time: 246.7482s
	speed: 0.0328s/iter; left time: 243.9841s
	speed: 0.0329s/iter; left time: 241.7459s
	speed: 0.0329s/iter; left time: 238.2396s
	speed: 0.0328s/iter; left time: 234.3857s
	speed: 0.0327s/iter; left time: 230.6370s
	speed: 0.0327s/iter; left time: 227.2409s
	speed: 0.0328s/iter; left time: 224.2941s
	speed: 0.0328s/iter; left time: 221.3029s
	speed: 0.0327s/iter; left time: 217.3412s
	speed: 0.0327s/iter; left time: 213.9479s
	speed: 0.0299s/iter; left time: 192.6092s
	speed: 0.0284s/iter; left time: 180.3807s
	speed: 0.0280s/iter; left time: 174.7835s
	speed: 0.0279s/iter; left time: 171.4044s
	speed: 0.0281s/iter; left time: 169.6439s
	speed: 0.0281s/iter; left time: 167.1723s
	speed: 0.0281s/iter; left time: 164.0465s
	speed: 0.0284s/iter; left time: 163.4897s
	speed: 0.0279s/iter; left time: 157.8161s
	speed: 0.0280s/iter; left time: 155.5249s
	speed: 0.0282s/iter; left time: 153.6930s
	speed: 0.0279s/iter; left time: 149.0672s
	speed: 0.0282s/iter; left time: 148.1336s
	speed: 0.0280s/iter; left time: 144.3385s
	speed: 0.0278s/iter; left time: 140.3038s
	speed: 0.0283s/iter; left time: 139.8725s
	speed: 0.0280s/iter; left time: 135.6465s
	speed: 0.0281s/iter; left time: 133.4258s
	speed: 0.0284s/iter; left time: 131.7957s
	speed: 0.0279s/iter; left time: 126.8280s
	speed: 0.0283s/iter; left time: 125.6604s
	speed: 0.0282s/iter; left time: 122.6471s
	speed: 0.0282s/iter; left time: 119.5938s
	speed: 0.0278s/iter; left time: 115.3114s
	speed: 0.0282s/iter; left time: 114.2514s
	speed: 0.0282s/iter; left time: 111.4544s
	speed: 0.0280s/iter; left time: 107.8729s
	speed: 0.0283s/iter; left time: 105.8770s
	speed: 0.0288s/iter; left time: 104.9273s
	speed: 0.0288s/iter; left time: 102.2811s
	speed: 0.0289s/iter; left time: 99.6146s
	speed: 0.0290s/iter; left time: 97.1259s
	speed: 0.0289s/iter; left time: 93.8191s
	speed: 0.0287s/iter; left time: 90.1832s
	speed: 0.0286s/iter; left time: 87.2121s
	speed: 0.0287s/iter; left time: 84.5182s
	speed: 0.0287s/iter; left time: 81.6421s
	speed: 0.0287s/iter; left time: 78.8087s
	speed: 0.0289s/iter; left time: 76.5299s
	speed: 0.0287s/iter; left time: 73.2177s
	speed: 0.0286s/iter; left time: 69.9791s
	speed: 0.0286s/iter; left time: 67.0469s
	speed: 0.0284s/iter; left time: 63.7351s
	speed: 0.0284s/iter; left time: 61.0135s
	speed: 0.0289s/iter; left time: 59.1348s
	speed: 0.0284s/iter; left time: 55.2219s
	speed: 0.0291s/iter; left time: 53.7507s
	speed: 0.0285s/iter; left time: 49.7651s
	speed: 0.0286s/iter; left time: 47.0438s
	speed: 0.0286s/iter; left time: 44.1714s
	speed: 0.0287s/iter; left time: 41.5362s
	speed: 0.0284s/iter; left time: 38.2519s
	speed: 0.0290s/iter; left time: 36.1179s
	speed: 0.0255s/iter; left time: 29.1947s
	speed: 0.0235s/iter; left time: 24.6069s
	speed: 0.0229s/iter; left time: 21.7178s
	speed: 0.0231s/iter; left time: 19.5361s
	speed: 0.0232s/iter; left time: 17.3251s
	speed: 0.0233s/iter; left time: 15.0512s
	speed: 0.0229s/iter; left time: 12.5200s
	speed: 0.0231s/iter; left time: 10.3461s
	speed: 0.0229s/iter; left time: 7.9628s
	speed: 0.0231s/iter; left time: 5.7049s
	speed: 0.0228s/iter; left time: 3.3517s
	speed: 0.0231s/iter; left time: 1.0839s
2025-11-13 19:53:32,472 - INFO - 训练完成!
2025-11-13 19:53:32,472 - INFO - 开始测试模型...
Epoch: 1, Cost time: 408.069s 
Loading checkpoint from: checkpoints2_anormly_ratio_analysis/pcb_anormly_ratio4.0_20251113_194640/pcb_cleaned_1minut_20250928_161509_checkpoint_2025-11-13_19-53-32/model.pth
Threshold : 0.33739953279495244
2025-11-13 19:56:43,003 - INFO - 测试完成!
pa_accuracy           : 0.9517
pa_precision          : 0.2471
pa_recall             : 0.6340
pa_f_score            : 0.3556
MCC_score             : 0.3763
Affiliation precision : 0.5060
Affiliation recall    : 0.8934
R_AUC_ROC             : 0.6244
R_AUC_PR              : 0.3296
VUS_ROC               : 0.6303
VUS_PR                : 0.3318
Accuracy : 0.9517, Precision : 0.2471, Recall : 0.6340, F-score : 0.3556 
Test results saved to: checkpoints2_anormly_ratio_analysis/pcb_anormly_ratio4.0_20251113_194640/pcb_cleaned_1minut_20250928_161509_checkpoint_2025-11-13_19-53-32/result.json
/home/wanting/KDD2023-DCdetector/venv/lib/python3.12/site-packages/tsfresh/__init__.py:12: UserWarning: pkg_resources is deprecated as an API. See https://setuptools.pypa.io/en/latest/pkg_resources.html. The pkg_resources package is slated for removal as early as 2025-11-30. Refrain from using this package or pin to Setuptools<81.
  import pkg_resources
2025-11-13 19:56:45,574 - INFO - 开始使用自定义数据集运行DCdetector...
2025-11-13 19:56:45,574 - INFO - 数据集: Custom
2025-11-13 19:56:45,574 - INFO - 输入特征维度: 10
2025-11-13 19:56:45,575 - INFO - 窗口大小: 30
2025-11-13 19:56:45,575 - INFO - 批次大小: 32
2025-11-13 19:56:48,018 - INFO - 开始训练模型...
[onlyNormalData=True] 训练集过滤异常数据: 408340 行 -> 391922 行 (移除 16418 个异常样本)

[PCA降维] 启用
  n_components=10
  PCA前特征维度: 31
  PCA后特征维度: 10
  解释方差比（前10个）: [0.32616914 0.16267314 0.1372184  0.11142357 0.06736721 0.04779601
 0.02843967 0.0252639  0.02060194 0.01696907]
  累积解释方差: 0.9439
  时间点数量: train=391922, val=87502, test=87502 (未改变)
[PCA降维] 完成
数据加载自: dataset/downsampleData_scratch_1minut/pcb/pcb_cleaned_1minut_20250928_161509.parquet
训练集形状: (391922, 10)
验证集形状: (87502, 10)
测试集形状: (87502, 10)
特征维度: 10
异常比例（行级）:
- 训练集: 原始 4.02% -> 现有 0.00%
- 验证集: 1.52%
- 测试集: 2.10%
[onlyNormalData=True] 训练集过滤异常数据: 408340 行 -> 391922 行 (移除 16418 个异常样本)

[PCA降维] 启用
  n_components=10
  PCA前特征维度: 31
  PCA后特征维度: 10
  解释方差比（前10个）: [0.32616914 0.16267314 0.1372184  0.11142357 0.06736721 0.04779601
 0.02843967 0.0252639  0.02060194 0.01696907]
  累积解释方差: 0.9439
  时间点数量: train=391922, val=87502, test=87502 (未改变)
[PCA降维] 完成
数据加载自: dataset/downsampleData_scratch_1minut/pcb/pcb_cleaned_1minut_20250928_161509.parquet
训练集形状: (391922, 10)
验证集形状: (87502, 10)
测试集形状: (87502, 10)
特征维度: 10
异常比例（行级）:
- 训练集: 原始 4.02% -> 现有 0.00%
- 验证集: 1.52%
- 测试集: 2.10%
[onlyNormalData=True] 训练集过滤异常数据: 408340 行 -> 391922 行 (移除 16418 个异常样本)

[PCA降维] 启用
  n_components=10
  PCA前特征维度: 31
  PCA后特征维度: 10
  解释方差比（前10个）: [0.32616914 0.16267314 0.1372184  0.11142357 0.06736721 0.04779601
 0.02843967 0.0252639  0.02060194 0.01696907]
  累积解释方差: 0.9439
  时间点数量: train=391922, val=87502, test=87502 (未改变)
[PCA降维] 完成
数据加载自: dataset/downsampleData_scratch_1minut/pcb/pcb_cleaned_1minut_20250928_161509.parquet
训练集形状: (391922, 10)
验证集形状: (87502, 10)
测试集形状: (87502, 10)
特征维度: 10
异常比例（行级）:
- 训练集: 原始 4.02% -> 现有 0.00%
- 验证集: 1.52%
- 测试集: 2.10%
[onlyNormalData=True] 训练集过滤异常数据: 408340 行 -> 391922 行 (移除 16418 个异常样本)

[PCA降维] 启用
  n_components=10
  PCA前特征维度: 31
  PCA后特征维度: 10
  解释方差比（前10个）: [0.32616914 0.16267314 0.1372184  0.11142357 0.06736721 0.04779601
 0.02843967 0.0252639  0.02060194 0.01696907]
  累积解释方差: 0.9439
  时间点数量: train=391922, val=87502, test=87502 (未改变)
[PCA降维] 完成
数据加载自: dataset/downsampleData_scratch_1minut/pcb/pcb_cleaned_1minut_20250928_161509.parquet
训练集形状: (391922, 10)
验证集形状: (87502, 10)
测试集形状: (87502, 10)
特征维度: 10
异常比例（行级）:
- 训练集: 原始 4.02% -> 现有 0.00%
- 验证集: 1.52%
- 测试集: 2.10%
	speed: 0.0344s/iter; left time: 417.2980s
	speed: 0.0292s/iter; left time: 352.0689s
	speed: 0.0291s/iter; left time: 348.2282s
	speed: 0.0293s/iter; left time: 346.7692s
	speed: 0.0291s/iter; left time: 341.5866s
	speed: 0.0292s/iter; left time: 340.1972s
	speed: 0.0292s/iter; left time: 337.5419s
	speed: 0.0291s/iter; left time: 332.5888s
	speed: 0.0292s/iter; left time: 331.3655s
	speed: 0.0292s/iter; left time: 328.4287s
	speed: 0.0291s/iter; left time: 324.8794s
	speed: 0.0293s/iter; left time: 323.1374s
	speed: 0.0292s/iter; left time: 319.5393s
	speed: 0.0292s/iter; left time: 317.2190s
	speed: 0.0292s/iter; left time: 313.6098s
	speed: 0.0293s/iter; left time: 311.9193s
	speed: 0.0293s/iter; left time: 308.9155s
	speed: 0.0288s/iter; left time: 301.0062s
	speed: 0.0288s/iter; left time: 297.7484s
	speed: 0.0276s/iter; left time: 282.6758s
	speed: 0.0256s/iter; left time: 259.4934s
	speed: 0.0257s/iter; left time: 257.9765s
	speed: 0.0256s/iter; left time: 254.7024s
	speed: 0.0256s/iter; left time: 251.6539s
	speed: 0.0256s/iter; left time: 249.0669s
	speed: 0.0256s/iter; left time: 247.1008s
	speed: 0.0256s/iter; left time: 243.9530s
	speed: 0.0256s/iter; left time: 241.3979s
	speed: 0.0256s/iter; left time: 238.9532s
	speed: 0.0255s/iter; left time: 236.2381s
	speed: 0.0256s/iter; left time: 233.8745s
	speed: 0.0256s/iter; left time: 231.1713s
	speed: 0.0256s/iter; left time: 228.8356s
	speed: 0.0256s/iter; left time: 226.1731s
	speed: 0.0256s/iter; left time: 223.5699s
	speed: 0.0256s/iter; left time: 220.9880s
	speed: 0.0256s/iter; left time: 218.4555s
	speed: 0.0256s/iter; left time: 215.9871s
	speed: 0.0256s/iter; left time: 213.3390s
	speed: 0.0256s/iter; left time: 210.7459s
	speed: 0.0256s/iter; left time: 208.2949s
	speed: 0.0256s/iter; left time: 205.7086s
	speed: 0.0256s/iter; left time: 203.2534s
	speed: 0.0256s/iter; left time: 200.5264s
	speed: 0.0256s/iter; left time: 198.0399s
	speed: 0.0256s/iter; left time: 195.5438s
	speed: 0.0256s/iter; left time: 193.0029s
	speed: 0.0256s/iter; left time: 190.3755s
	speed: 0.0256s/iter; left time: 187.8698s
	speed: 0.0256s/iter; left time: 185.2402s
	speed: 0.0256s/iter; left time: 182.7707s
	speed: 0.0256s/iter; left time: 180.1868s
	speed: 0.0256s/iter; left time: 177.6586s
	speed: 0.0256s/iter; left time: 175.3181s
	speed: 0.0256s/iter; left time: 172.6314s
	speed: 0.0256s/iter; left time: 169.9507s
	speed: 0.0256s/iter; left time: 167.5366s
	speed: 0.0256s/iter; left time: 164.9254s
	speed: 0.0256s/iter; left time: 162.3924s
	speed: 0.0256s/iter; left time: 159.7743s
	speed: 0.0256s/iter; left time: 157.2537s
	speed: 0.0256s/iter; left time: 154.6940s
	speed: 0.0256s/iter; left time: 152.1658s
	speed: 0.0256s/iter; left time: 149.5380s
	speed: 0.0256s/iter; left time: 147.0453s
	speed: 0.0256s/iter; left time: 144.4297s
	speed: 0.0256s/iter; left time: 141.9784s
	speed: 0.0256s/iter; left time: 139.3796s
	speed: 0.0256s/iter; left time: 136.8774s
	speed: 0.0244s/iter; left time: 127.7971s
	speed: 0.0196s/iter; left time: 100.8965s
	speed: 0.0196s/iter; left time: 98.6736s
	speed: 0.0198s/iter; left time: 97.9929s
	speed: 0.0196s/iter; left time: 95.0033s
	speed: 0.0197s/iter; left time: 93.3998s
	speed: 0.0197s/iter; left time: 91.5172s
	speed: 0.0197s/iter; left time: 89.5068s
	speed: 0.0197s/iter; left time: 87.4765s
	speed: 0.0197s/iter; left time: 85.5719s
	speed: 0.0197s/iter; left time: 83.5378s
	speed: 0.0196s/iter; left time: 81.2870s
	speed: 0.0197s/iter; left time: 79.6184s
	speed: 0.0199s/iter; left time: 78.5993s
	speed: 0.0197s/iter; left time: 75.7077s
	speed: 0.0197s/iter; left time: 73.6660s
	speed: 0.0197s/iter; left time: 71.7462s
	speed: 0.0196s/iter; left time: 69.5809s
	speed: 0.0197s/iter; left time: 67.7953s
	speed: 0.0197s/iter; left time: 65.9133s
	speed: 0.0197s/iter; left time: 63.9075s
	speed: 0.0196s/iter; left time: 61.6776s
	speed: 0.0197s/iter; left time: 59.9867s
	speed: 0.0195s/iter; left time: 57.5444s
	speed: 0.0196s/iter; left time: 55.6972s
	speed: 0.0194s/iter; left time: 53.3584s
	speed: 0.0196s/iter; left time: 51.9682s
	speed: 0.0198s/iter; left time: 50.3103s
	speed: 0.0191s/iter; left time: 46.7534s
	speed: 0.0194s/iter; left time: 45.5150s
	speed: 0.0195s/iter; left time: 43.7274s
	speed: 0.0195s/iter; left time: 41.8577s
	speed: 0.0196s/iter; left time: 40.1259s
	speed: 0.0194s/iter; left time: 37.7612s
	speed: 0.0194s/iter; left time: 35.8538s
	speed: 0.0194s/iter; left time: 33.9748s
	speed: 0.0194s/iter; left time: 31.9856s
	speed: 0.0194s/iter; left time: 30.0889s
	speed: 0.0194s/iter; left time: 28.1230s
	speed: 0.0196s/iter; left time: 26.3474s
	speed: 0.0195s/iter; left time: 24.3576s
	speed: 0.0194s/iter; left time: 22.2373s
	speed: 0.0148s/iter; left time: 15.4947s
	speed: 0.0149s/iter; left time: 14.1252s
	speed: 0.0149s/iter; left time: 12.6541s
	speed: 0.0149s/iter; left time: 11.1443s
	speed: 0.0149s/iter; left time: 9.6574s
	speed: 0.0150s/iter; left time: 8.2304s
	speed: 0.0149s/iter; left time: 6.6768s
	speed: 0.0149s/iter; left time: 5.1631s
	speed: 0.0149s/iter; left time: 3.6879s
	speed: 0.0149s/iter; left time: 2.1916s
	speed: 0.0149s/iter; left time: 0.6992s
2025-11-13 20:02:01,311 - INFO - 训练完成!
2025-11-13 20:02:01,311 - INFO - 开始测试模型...
Epoch: 1, Cost time: 313.271s 
Loading checkpoint from: checkpoints2_anormly_ratio_analysis/pcb_anormly_ratio5.0_20251113_195643/pcb_cleaned_1minut_20250928_161509_checkpoint_2025-11-13_20-02-01/model.pth
Threshold : 0.33320552110671997
2025-11-13 20:04:21,546 - INFO - 测试完成!
pa_accuracy           : 0.9436
pa_precision          : 0.2227
pa_recall             : 0.6765
pa_f_score            : 0.3350
MCC_score             : 0.3671
Affiliation precision : 0.5129
Affiliation recall    : 0.9157
R_AUC_ROC             : 0.6320
R_AUC_PR              : 0.3295
VUS_ROC               : 0.6404
VUS_PR                : 0.3346
Accuracy : 0.9436, Precision : 0.2227, Recall : 0.6765, F-score : 0.3350 
Test results saved to: checkpoints2_anormly_ratio_analysis/pcb_anormly_ratio5.0_20251113_195643/pcb_cleaned_1minut_20250928_161509_checkpoint_2025-11-13_20-02-01/result.json
/home/wanting/KDD2023-DCdetector/venv/lib/python3.12/site-packages/tsfresh/__init__.py:12: UserWarning: pkg_resources is deprecated as an API. See https://setuptools.pypa.io/en/latest/pkg_resources.html. The pkg_resources package is slated for removal as early as 2025-11-30. Refrain from using this package or pin to Setuptools<81.
  import pkg_resources
2025-11-13 20:04:24,223 - INFO - 开始使用自定义数据集运行DCdetector...
2025-11-13 20:04:24,223 - INFO - 数据集: Custom
2025-11-13 20:04:24,223 - INFO - 输入特征维度: 10
2025-11-13 20:04:24,223 - INFO - 窗口大小: 30
2025-11-13 20:04:24,223 - INFO - 批次大小: 32
2025-11-13 20:04:26,418 - INFO - 开始训练模型...
[onlyNormalData=True] 训练集过滤异常数据: 408340 行 -> 391922 行 (移除 16418 个异常样本)

[PCA降维] 启用
  n_components=10
  PCA前特征维度: 31
  PCA后特征维度: 10
  解释方差比（前10个）: [0.32616914 0.16267314 0.1372184  0.11142357 0.06736721 0.04779601
 0.02843967 0.0252639  0.02060194 0.01696907]
  累积解释方差: 0.9439
  时间点数量: train=391922, val=87502, test=87502 (未改变)
[PCA降维] 完成
数据加载自: dataset/downsampleData_scratch_1minut/pcb/pcb_cleaned_1minut_20250928_161509.parquet
训练集形状: (391922, 10)
验证集形状: (87502, 10)
测试集形状: (87502, 10)
特征维度: 10
异常比例（行级）:
- 训练集: 原始 4.02% -> 现有 0.00%
- 验证集: 1.52%
- 测试集: 2.10%
[onlyNormalData=True] 训练集过滤异常数据: 408340 行 -> 391922 行 (移除 16418 个异常样本)

[PCA降维] 启用
  n_components=10
  PCA前特征维度: 31
  PCA后特征维度: 10
  解释方差比（前10个）: [0.32616914 0.16267314 0.1372184  0.11142357 0.06736721 0.04779601
 0.02843967 0.0252639  0.02060194 0.01696907]
  累积解释方差: 0.9439
  时间点数量: train=391922, val=87502, test=87502 (未改变)
[PCA降维] 完成
数据加载自: dataset/downsampleData_scratch_1minut/pcb/pcb_cleaned_1minut_20250928_161509.parquet
训练集形状: (391922, 10)
验证集形状: (87502, 10)
测试集形状: (87502, 10)
特征维度: 10
异常比例（行级）:
- 训练集: 原始 4.02% -> 现有 0.00%
- 验证集: 1.52%
- 测试集: 2.10%
[onlyNormalData=True] 训练集过滤异常数据: 408340 行 -> 391922 行 (移除 16418 个异常样本)

[PCA降维] 启用
  n_components=10
  PCA前特征维度: 31
  PCA后特征维度: 10
  解释方差比（前10个）: [0.32616914 0.16267314 0.1372184  0.11142357 0.06736721 0.04779601
 0.02843967 0.0252639  0.02060194 0.01696907]
  累积解释方差: 0.9439
  时间点数量: train=391922, val=87502, test=87502 (未改变)
[PCA降维] 完成
数据加载自: dataset/downsampleData_scratch_1minut/pcb/pcb_cleaned_1minut_20250928_161509.parquet
训练集形状: (391922, 10)
验证集形状: (87502, 10)
测试集形状: (87502, 10)
特征维度: 10
异常比例（行级）:
- 训练集: 原始 4.02% -> 现有 0.00%
- 验证集: 1.52%
- 测试集: 2.10%
[onlyNormalData=True] 训练集过滤异常数据: 408340 行 -> 391922 行 (移除 16418 个异常样本)

[PCA降维] 启用
  n_components=10
  PCA前特征维度: 31
  PCA后特征维度: 10
  解释方差比（前10个）: [0.32616914 0.16267314 0.1372184  0.11142357 0.06736721 0.04779601
 0.02843967 0.0252639  0.02060194 0.01696907]
  累积解释方差: 0.9439
  时间点数量: train=391922, val=87502, test=87502 (未改变)
[PCA降维] 完成
数据加载自: dataset/downsampleData_scratch_1minut/pcb/pcb_cleaned_1minut_20250928_161509.parquet
训练集形状: (391922, 10)
验证集形状: (87502, 10)
测试集形状: (87502, 10)
特征维度: 10
异常比例（行级）:
- 训练集: 原始 4.02% -> 现有 0.00%
- 验证集: 1.52%
- 测试集: 2.10%
	speed: 0.0335s/iter; left time: 406.9747s
	speed: 0.0285s/iter; left time: 342.7782s
	speed: 0.0285s/iter; left time: 340.0002s
	speed: 0.0285s/iter; left time: 337.0904s
	speed: 0.0284s/iter; left time: 334.1775s
	speed: 0.0285s/iter; left time: 331.4553s
	speed: 0.0284s/iter; left time: 328.4105s
	speed: 0.0285s/iter; left time: 325.7425s
	speed: 0.0285s/iter; left time: 322.9227s
	speed: 0.0285s/iter; left time: 320.3394s
	speed: 0.0285s/iter; left time: 317.3143s
	speed: 0.0285s/iter; left time: 314.7347s
	speed: 0.0285s/iter; left time: 311.4928s
	speed: 0.0285s/iter; left time: 308.8772s
	speed: 0.0285s/iter; left time: 306.0666s
	speed: 0.0285s/iter; left time: 303.0825s
	speed: 0.0285s/iter; left time: 300.5108s
	speed: 0.0285s/iter; left time: 297.6040s
	speed: 0.0285s/iter; left time: 294.6896s
	speed: 0.0285s/iter; left time: 292.1244s
	speed: 0.0285s/iter; left time: 289.2255s
	speed: 0.0284s/iter; left time: 285.6731s
	speed: 0.0284s/iter; left time: 282.9026s
	speed: 0.0285s/iter; left time: 280.6474s
	speed: 0.0285s/iter; left time: 277.6320s
	speed: 0.0285s/iter; left time: 274.8522s
	speed: 0.0285s/iter; left time: 272.4083s
	speed: 0.0285s/iter; left time: 269.4951s
	speed: 0.0285s/iter; left time: 266.6533s
	speed: 0.0285s/iter; left time: 263.7991s
	speed: 0.0284s/iter; left time: 259.7570s
	speed: 0.0284s/iter; left time: 256.6942s
	speed: 0.0284s/iter; left time: 253.9182s
	speed: 0.0285s/iter; left time: 252.3128s
	speed: 0.0285s/iter; left time: 249.5639s
	speed: 0.0285s/iter; left time: 246.6609s
	speed: 0.0285s/iter; left time: 243.7912s
	speed: 0.0285s/iter; left time: 240.8835s
	speed: 0.0285s/iter; left time: 238.0941s
	speed: 0.0284s/iter; left time: 234.4290s
	speed: 0.0286s/iter; left time: 232.6051s
	speed: 0.0285s/iter; left time: 229.6477s
	speed: 0.0285s/iter; left time: 226.6098s
	speed: 0.0285s/iter; left time: 223.9152s
	speed: 0.0285s/iter; left time: 221.1275s
	speed: 0.0285s/iter; left time: 218.2935s
	speed: 0.0285s/iter; left time: 215.4628s
	speed: 0.0286s/iter; left time: 212.6213s
	speed: 0.0285s/iter; left time: 209.4901s
	speed: 0.0285s/iter; left time: 206.7399s
	speed: 0.0285s/iter; left time: 203.9958s
	speed: 0.0284s/iter; left time: 200.1814s
	speed: 0.0285s/iter; left time: 198.2053s
	speed: 0.0285s/iter; left time: 195.4313s
	speed: 0.0286s/iter; left time: 192.6570s
	speed: 0.0286s/iter; left time: 189.8090s
	speed: 0.0285s/iter; left time: 186.8969s
	speed: 0.0285s/iter; left time: 184.0074s
	speed: 0.0285s/iter; left time: 181.1324s
	speed: 0.0285s/iter; left time: 178.2633s
	speed: 0.0285s/iter; left time: 175.4713s
	speed: 0.0286s/iter; left time: 172.7097s
	speed: 0.0286s/iter; left time: 169.8336s
	speed: 0.0286s/iter; left time: 167.0295s
	speed: 0.0286s/iter; left time: 164.4467s
	speed: 0.0285s/iter; left time: 161.0859s
	speed: 0.0286s/iter; left time: 158.4985s
	speed: 0.0284s/iter; left time: 154.6716s
	speed: 0.0285s/iter; left time: 152.6420s
	speed: 0.0286s/iter; left time: 149.8485s
	speed: 0.0285s/iter; left time: 146.9236s
	speed: 0.0286s/iter; left time: 144.2312s
	speed: 0.0285s/iter; left time: 141.1464s
	speed: 0.0285s/iter; left time: 138.3142s
	speed: 0.0283s/iter; left time: 134.3514s
	speed: 0.0286s/iter; left time: 132.7814s
	speed: 0.0285s/iter; left time: 129.7371s
	speed: 0.0284s/iter; left time: 126.4824s
	speed: 0.0284s/iter; left time: 123.5562s
	speed: 0.0285s/iter; left time: 121.2318s
	speed: 0.0285s/iter; left time: 118.3769s
	speed: 0.0284s/iter; left time: 114.9793s
	speed: 0.0286s/iter; left time: 112.6982s
	speed: 0.0286s/iter; left time: 109.8417s
	speed: 0.0284s/iter; left time: 106.6021s
	speed: 0.0284s/iter; left time: 103.7001s
	speed: 0.0284s/iter; left time: 100.8663s
	speed: 0.0205s/iter; left time: 70.6988s
	speed: 0.0212s/iter; left time: 70.8263s
	speed: 0.0210s/iter; left time: 68.0928s
	speed: 0.0210s/iter; left time: 65.9673s
	speed: 0.0210s/iter; left time: 63.8709s
	speed: 0.0210s/iter; left time: 61.8171s
	speed: 0.0211s/iter; left time: 60.1531s
	speed: 0.0213s/iter; left time: 58.5401s
	speed: 0.0213s/iter; left time: 56.3233s
	speed: 0.0209s/iter; left time: 53.3528s
	speed: 0.0211s/iter; left time: 51.6687s
	speed: 0.0210s/iter; left time: 49.2680s
	speed: 0.0210s/iter; left time: 47.1095s
	speed: 0.0210s/iter; left time: 44.9940s
	speed: 0.0210s/iter; left time: 42.9087s
	speed: 0.0210s/iter; left time: 40.7953s
	speed: 0.0210s/iter; left time: 38.7104s
	speed: 0.0210s/iter; left time: 36.6209s
	speed: 0.0210s/iter; left time: 34.5341s
	speed: 0.0213s/iter; left time: 32.9345s
	speed: 0.0209s/iter; left time: 30.2869s
	speed: 0.0211s/iter; left time: 28.4841s
	speed: 0.0213s/iter; left time: 26.5426s
	speed: 0.0213s/iter; left time: 24.4295s
	speed: 0.0213s/iter; left time: 22.2546s
	speed: 0.0210s/iter; left time: 19.8598s
	speed: 0.0205s/iter; left time: 17.3663s
	speed: 0.0150s/iter; left time: 11.1796s
	speed: 0.0165s/iter; left time: 10.6750s
	speed: 0.0166s/iter; left time: 9.0754s
	speed: 0.0170s/iter; left time: 7.5900s
	speed: 0.0170s/iter; left time: 5.8973s
	speed: 0.0166s/iter; left time: 4.1118s
	speed: 0.0170s/iter; left time: 2.5024s
	speed: 0.0170s/iter; left time: 0.8004s
2025-11-13 20:10:17,365 - INFO - 训练完成!
2025-11-13 20:10:17,366 - INFO - 开始测试模型...
Epoch: 1, Cost time: 350.924s 
Loading checkpoint from: checkpoints2_anormly_ratio_analysis/pcb_anormly_ratio6.0_20251113_200422/pcb_cleaned_1minut_20250928_161509_checkpoint_2025-11-13_20-10-17/model.pth
Threshold : 0.33021068572998047
2025-11-13 20:12:38,603 - INFO - 测试完成!
pa_accuracy           : 0.9361
pa_precision          : 0.2035
pa_recall             : 0.6999
pa_f_score            : 0.3153
MCC_score             : 0.3551
Affiliation precision : 0.5156
Affiliation recall    : 0.9145
R_AUC_ROC             : 0.6365
R_AUC_PR              : 0.3284
VUS_ROC               : 0.6469
VUS_PR                : 0.3357
Accuracy : 0.9361, Precision : 0.2035, Recall : 0.6999, F-score : 0.3153 
Test results saved to: checkpoints2_anormly_ratio_analysis/pcb_anormly_ratio6.0_20251113_200422/pcb_cleaned_1minut_20250928_161509_checkpoint_2025-11-13_20-10-17/result.json
Command: python run_custom_dataset.py --dataset Custom --data_path dataset/downsampleData_scratch_1minut/pcb/pcb_cleaned_1minut_20250928_161509.parquet --num_epochs 1 --win_size 30 --batch_size 32 --mode train --input_c 10 --output_c 10 --lr 0.0001 --anormly_ratio 3.0 --index 0 --patience 3 --patch_size 3,6,10 --n_heads 1 --d_model 256 --e_layers 3 --d_ff 512 --activation gelu --output_attention True --model_save_path checkpoints2_anormly_ratio_analysis/pcb_anormly_ratio3.0_20251113_193749
================================================================================


✓ Results: Precision=0.2615, Recall=0.5425, F-score=0.3529

################################################################################
# Experiment 16/18
# Dataset: pcb, anormly_ratio: 4.0
################################################################################


================================================================================
Running: pcb | anormly_ratio=4.0
================================================================================
Command: python run_custom_dataset.py --dataset Custom --data_path dataset/downsampleData_scratch_1minut/pcb/pcb_cleaned_1minut_20250928_161509.parquet --num_epochs 1 --win_size 30 --batch_size 32 --mode train --input_c 10 --output_c 10 --lr 0.0001 --anormly_ratio 4.0 --index 0 --patience 3 --patch_size 3,6,10 --n_heads 1 --d_model 256 --e_layers 3 --d_ff 512 --activation gelu --output_attention True --model_save_path checkpoints2_anormly_ratio_analysis/pcb_anormly_ratio4.0_20251113_194640
================================================================================


✓ Results: Precision=0.2471, Recall=0.6340, F-score=0.3556

################################################################################
# Experiment 17/18
# Dataset: pcb, anormly_ratio: 5.0
################################################################################


================================================================================
Running: pcb | anormly_ratio=5.0
================================================================================
Command: python run_custom_dataset.py --dataset Custom --data_path dataset/downsampleData_scratch_1minut/pcb/pcb_cleaned_1minut_20250928_161509.parquet --num_epochs 1 --win_size 30 --batch_size 32 --mode train --input_c 10 --output_c 10 --lr 0.0001 --anormly_ratio 5.0 --index 0 --patience 3 --patch_size 3,6,10 --n_heads 1 --d_model 256 --e_layers 3 --d_ff 512 --activation gelu --output_attention True --model_save_path checkpoints2_anormly_ratio_analysis/pcb_anormly_ratio5.0_20251113_195643
================================================================================


✓ Results: Precision=0.2227, Recall=0.6765, F-score=0.3350

################################################################################
# Experiment 18/18
# Dataset: pcb, anormly_ratio: 6.0
################################################################################


================================================================================
Running: pcb | anormly_ratio=6.0
================================================================================
Command: python run_custom_dataset.py --dataset Custom --data_path dataset/downsampleData_scratch_1minut/pcb/pcb_cleaned_1minut_20250928_161509.parquet --num_epochs 1 --win_size 30 --batch_size 32 --mode train --input_c 10 --output_c 10 --lr 0.0001 --anormly_ratio 6.0 --index 0 --patience 3 --patch_size 3,6,10 --n_heads 1 --d_model 256 --e_layers 3 --d_ff 512 --activation gelu --output_attention True --model_save_path checkpoints2_anormly_ratio_analysis/pcb_anormly_ratio6.0_20251113_200422
================================================================================


✓ Results: Precision=0.2035, Recall=0.6999, F-score=0.3153

Saving results...
Results saved to JSON: experiments/results_pca/anormly_ratio_results.json

Generating plots...

================================================================================
Plot saved:
  PNG: experiments/results_pca/anormly_ratio_f1_scores.png
  PDF: experiments/results_pca/anormly_ratio_f1_scores.pdf
================================================================================


================================================================================
ANALYSIS COMPLETE!
================================================================================
All results saved in: experiments/results_pca
================================================================================

