/home/wanting/KDD2023-DCdetector/venv/lib/python3.12/site-packages/tsfresh/__init__.py:12: UserWarning: pkg_resources is deprecated as an API. See https://setuptools.pypa.io/en/latest/pkg_resources.html. The pkg_resources package is slated for removal as early as 2025-11-30. Refrain from using this package or pin to Setuptools<81.
  import pkg_resources
2025-11-13 17:10:19,118 - INFO - 开始使用自定义数据集运行DCdetector...
2025-11-13 17:10:19,118 - INFO - 数据集: Custom
2025-11-13 17:10:19,118 - INFO - 输入特征维度: 10
2025-11-13 17:10:19,118 - INFO - 窗口大小: 30
2025-11-13 17:10:19,118 - INFO - 批次大小: 32
2025-11-13 17:10:22,877 - INFO - 开始训练模型...
[onlyNormalData=True] 训练集过滤异常数据: 377158 行 -> 339888 行 (移除 37270 个异常样本)

[PCA降维] 启用
  n_components=10
  PCA前特征维度: 27
  PCA后特征维度: 10
  解释方差比（前10个）: [0.51869311 0.15333047 0.1103832  0.07160594 0.0435558  0.02740393
 0.0225212  0.01900313 0.00983904 0.00835796]
  累积解释方差: 0.9847
  时间点数量: train=339888, val=80820, test=80820 (未改变)
[PCA降维] 完成
数据加载自: dataset/downsampleData_scratch_1minut/contact/contact_cleaned_1minut_20250928_172122.parquet
训练集形状: (339888, 10)
验证集形状: (80820, 10)
测试集形状: (80820, 10)
特征维度: 10
异常比例（行级）:
- 训练集: 原始 9.88% -> 现有 0.00%
- 验证集: 5.85%
- 测试集: 5.06%
[onlyNormalData=True] 训练集过滤异常数据: 377158 行 -> 339888 行 (移除 37270 个异常样本)

[PCA降维] 启用
  n_components=10
  PCA前特征维度: 27
  PCA后特征维度: 10
  解释方差比（前10个）: [0.51869311 0.15333047 0.1103832  0.07160594 0.0435558  0.02740393
 0.0225212  0.01900313 0.00983904 0.00835796]
  累积解释方差: 0.9847
  时间点数量: train=339888, val=80820, test=80820 (未改变)
[PCA降维] 完成
数据加载自: dataset/downsampleData_scratch_1minut/contact/contact_cleaned_1minut_20250928_172122.parquet
训练集形状: (339888, 10)
验证集形状: (80820, 10)
测试集形状: (80820, 10)
特征维度: 10
异常比例（行级）:
- 训练集: 原始 9.88% -> 现有 0.00%
- 验证集: 5.85%
- 测试集: 5.06%
[onlyNormalData=True] 训练集过滤异常数据: 377158 行 -> 339888 行 (移除 37270 个异常样本)

[PCA降维] 启用
  n_components=10
  PCA前特征维度: 27
  PCA后特征维度: 10
  解释方差比（前10个）: [0.51869311 0.15333047 0.1103832  0.07160594 0.0435558  0.02740393
 0.0225212  0.01900313 0.00983904 0.00835796]
  累积解释方差: 0.9847
  时间点数量: train=339888, val=80820, test=80820 (未改变)
[PCA降维] 完成
数据加载自: dataset/downsampleData_scratch_1minut/contact/contact_cleaned_1minut_20250928_172122.parquet
训练集形状: (339888, 10)
验证集形状: (80820, 10)
测试集形状: (80820, 10)
特征维度: 10
异常比例（行级）:
- 训练集: 原始 9.88% -> 现有 0.00%
- 验证集: 5.85%
- 测试集: 5.06%
[onlyNormalData=True] 训练集过滤异常数据: 377158 行 -> 339888 行 (移除 37270 个异常样本)

[PCA降维] 启用
  n_components=10
  PCA前特征维度: 27
  PCA后特征维度: 10
  解释方差比（前10个）: [0.51869311 0.15333047 0.1103832  0.07160594 0.0435558  0.02740393
 0.0225212  0.01900313 0.00983904 0.00835796]
  累积解释方差: 0.9847
  时间点数量: train=339888, val=80820, test=80820 (未改变)
[PCA降维] 完成
数据加载自: dataset/downsampleData_scratch_1minut/contact/contact_cleaned_1minut_20250928_172122.parquet
训练集形状: (339888, 10)
验证集形状: (80820, 10)
测试集形状: (80820, 10)
特征维度: 10
异常比例（行级）:
- 训练集: 原始 9.88% -> 现有 0.00%
- 验证集: 5.85%
- 测试集: 5.06%
	speed: 0.0214s/iter; left time: 224.8518s
	speed: 0.0175s/iter; left time: 182.6874s
	speed: 0.0176s/iter; left time: 181.1816s
	speed: 0.0173s/iter; left time: 176.6654s
	speed: 0.0175s/iter; left time: 177.1785s
	speed: 0.0173s/iter; left time: 173.8066s
	speed: 0.0173s/iter; left time: 171.6869s
	speed: 0.0173s/iter; left time: 169.7658s
	speed: 0.0175s/iter; left time: 170.2222s
	speed: 0.0166s/iter; left time: 159.8500s
	speed: 0.0174s/iter; left time: 165.9018s
	speed: 0.0174s/iter; left time: 163.7576s
	speed: 0.0170s/iter; left time: 158.6412s
	speed: 0.0175s/iter; left time: 161.1980s
	speed: 0.0173s/iter; left time: 158.2169s
	speed: 0.0176s/iter; left time: 158.7230s
	speed: 0.0175s/iter; left time: 156.4448s
	speed: 0.0173s/iter; left time: 152.3759s
	speed: 0.0173s/iter; left time: 150.8877s
	speed: 0.0175s/iter; left time: 151.0305s
	speed: 0.0173s/iter; left time: 147.3922s
	speed: 0.0173s/iter; left time: 145.8631s
	speed: 0.0174s/iter; left time: 144.4971s
	speed: 0.0171s/iter; left time: 140.2991s
	speed: 0.0172s/iter; left time: 139.9759s
	speed: 0.0175s/iter; left time: 140.5672s
	speed: 0.0176s/iter; left time: 139.0895s
	speed: 0.0176s/iter; left time: 137.5497s
	speed: 0.0173s/iter; left time: 133.7129s
	speed: 0.0172s/iter; left time: 130.9761s
	speed: 0.0176s/iter; left time: 132.4783s
	speed: 0.0172s/iter; left time: 127.4616s
	speed: 0.0169s/iter; left time: 123.8776s
	speed: 0.0172s/iter; left time: 124.3353s
	speed: 0.0166s/iter; left time: 118.1864s
	speed: 0.0166s/iter; left time: 116.7467s
	speed: 0.0163s/iter; left time: 112.9969s
	speed: 0.0142s/iter; left time: 96.8812s
	speed: 0.0121s/iter; left time: 81.4049s
	speed: 0.0132s/iter; left time: 87.2309s
	speed: 0.0116s/iter; left time: 75.8120s
	speed: 0.0120s/iter; left time: 77.2607s
	speed: 0.0141s/iter; left time: 89.4051s
	speed: 0.0123s/iter; left time: 76.2913s
	speed: 0.0119s/iter; left time: 72.7708s
	speed: 0.0115s/iter; left time: 69.2024s
	speed: 0.0111s/iter; left time: 65.8817s
	speed: 0.0158s/iter; left time: 91.8954s
	speed: 0.0150s/iter; left time: 86.0337s
	speed: 0.0141s/iter; left time: 79.3148s
	speed: 0.0137s/iter; left time: 75.4442s
	speed: 0.0167s/iter; left time: 90.5628s
	speed: 0.0130s/iter; left time: 69.2994s
	speed: 0.0127s/iter; left time: 66.3344s
	speed: 0.0120s/iter; left time: 61.6120s
	speed: 0.0141s/iter; left time: 70.5883s
	speed: 0.0131s/iter; left time: 64.5416s
	speed: 0.0126s/iter; left time: 60.7081s
	speed: 0.0119s/iter; left time: 56.2921s
	speed: 0.0197s/iter; left time: 91.1829s
	speed: 0.0136s/iter; left time: 61.6234s
	speed: 0.0127s/iter; left time: 56.2837s
	speed: 0.0129s/iter; left time: 55.8920s
	speed: 0.0120s/iter; left time: 50.5530s
	speed: 0.0142s/iter; left time: 58.3879s
	speed: 0.0121s/iter; left time: 48.6535s
	speed: 0.0159s/iter; left time: 62.4024s
	speed: 0.0189s/iter; left time: 72.1932s
	speed: 0.0139s/iter; left time: 51.6710s
	speed: 0.0151s/iter; left time: 54.6350s
	speed: 0.0160s/iter; left time: 56.4519s
	speed: 0.0135s/iter; left time: 46.2472s
	speed: 0.0146s/iter; left time: 48.3719s
	speed: 0.0154s/iter; left time: 49.5693s
	speed: 0.0156s/iter; left time: 48.7389s
	speed: 0.0156s/iter; left time: 47.2695s
	speed: 0.0267s/iter; left time: 78.1310s
	speed: 0.0232s/iter; left time: 65.5316s
	speed: 0.0291s/iter; left time: 79.2800s
	speed: 0.0248s/iter; left time: 64.9441s
	speed: 0.0164s/iter; left time: 41.4037s
	speed: 0.0166s/iter; left time: 40.2328s
	speed: 0.0179s/iter; left time: 41.5853s
	speed: 0.0180s/iter; left time: 40.0607s
	speed: 0.0144s/iter; left time: 30.5400s
	speed: 0.0193s/iter; left time: 39.0361s
	speed: 0.0175s/iter; left time: 33.6421s
	speed: 0.0163s/iter; left time: 29.6385s
	speed: 0.0160s/iter; left time: 27.5484s
	speed: 0.0166s/iter; left time: 26.9324s
	speed: 0.0186s/iter; left time: 28.2521s
	speed: 0.0179s/iter; left time: 25.4462s
	speed: 0.0152s/iter; left time: 20.0768s
	speed: 0.0192s/iter; left time: 23.4135s
	speed: 0.0162s/iter; left time: 18.1388s
	speed: 0.0194s/iter; left time: 19.7652s
	speed: 0.0169s/iter; left time: 15.5208s
	speed: 0.0148s/iter; left time: 12.1256s
	speed: 0.0183s/iter; left time: 13.1963s
	speed: 0.0203s/iter; left time: 12.5759s
	speed: 0.0196s/iter; left time: 10.1946s
	speed: 0.0213s/iter; left time: 8.9778s
	speed: 0.0248s/iter; left time: 7.9590s
	speed: 0.0255s/iter; left time: 5.6326s
	speed: 0.0256s/iter; left time: 3.0989s
	speed: 0.0257s/iter; left time: 0.5399s
2025-11-13 17:14:17,138 - INFO - 训练完成!
2025-11-13 17:14:17,138 - INFO - 开始测试模型...
Epoch: 1, Cost time: 234.234s 
Loading checkpoint from: checkpoints2_patch_size_analysis/contact_patch_size3_20251113_171017/contact_cleaned_1minut_20250928_172122_checkpoint_2025-11-13_17-14-17/model.pth
Threshold : 0.48797631472349173
2025-11-13 17:17:08,277 - INFO - 测试完成!
pa_accuracy           : 0.9565
pa_precision          : 0.5529
pa_recall             : 0.7391
pa_f_score            : 0.6325
MCC_score             : 0.6172
Affiliation precision : 0.5414
Affiliation recall    : 0.8594
R_AUC_ROC             : 0.6772
R_AUC_PR              : 0.5480
VUS_ROC               : 0.6834
VUS_PR                : 0.5489
Accuracy : 0.9565, Precision : 0.5529, Recall : 0.7391, F-score : 0.6325 
Test results saved to: checkpoints2_patch_size_analysis/contact_patch_size3_20251113_171017/contact_cleaned_1minut_20250928_172122_checkpoint_2025-11-13_17-14-17/result.json
/home/wanting/KDD2023-DCdetector/venv/lib/python3.12/site-packages/tsfresh/__init__.py:12: UserWarning: pkg_resources is deprecated as an API. See https://setuptools.pypa.io/en/latest/pkg_resources.html. The pkg_resources package is slated for removal as early as 2025-11-30. Refrain from using this package or pin to Setuptools<81.
  import pkg_resources
2025-11-13 17:17:12,646 - INFO - 开始使用自定义数据集运行DCdetector...
2025-11-13 17:17:12,647 - INFO - 数据集: Custom
2025-11-13 17:17:12,647 - INFO - 输入特征维度: 10
2025-11-13 17:17:12,647 - INFO - 窗口大小: 30
2025-11-13 17:17:12,647 - INFO - 批次大小: 32
2025-11-13 17:17:17,308 - INFO - 开始训练模型...
[onlyNormalData=True] 训练集过滤异常数据: 377158 行 -> 339888 行 (移除 37270 个异常样本)

[PCA降维] 启用
  n_components=10
  PCA前特征维度: 27
  PCA后特征维度: 10
  解释方差比（前10个）: [0.51869311 0.15333047 0.1103832  0.07160594 0.0435558  0.02740393
 0.0225212  0.01900313 0.00983904 0.00835796]
  累积解释方差: 0.9847
  时间点数量: train=339888, val=80820, test=80820 (未改变)
[PCA降维] 完成
数据加载自: dataset/downsampleData_scratch_1minut/contact/contact_cleaned_1minut_20250928_172122.parquet
训练集形状: (339888, 10)
验证集形状: (80820, 10)
测试集形状: (80820, 10)
特征维度: 10
异常比例（行级）:
- 训练集: 原始 9.88% -> 现有 0.00%
- 验证集: 5.85%
- 测试集: 5.06%
[onlyNormalData=True] 训练集过滤异常数据: 377158 行 -> 339888 行 (移除 37270 个异常样本)

[PCA降维] 启用
  n_components=10
  PCA前特征维度: 27
  PCA后特征维度: 10
  解释方差比（前10个）: [0.51869311 0.15333047 0.1103832  0.07160594 0.0435558  0.02740393
 0.0225212  0.01900313 0.00983904 0.00835796]
  累积解释方差: 0.9847
  时间点数量: train=339888, val=80820, test=80820 (未改变)
[PCA降维] 完成
数据加载自: dataset/downsampleData_scratch_1minut/contact/contact_cleaned_1minut_20250928_172122.parquet
训练集形状: (339888, 10)
验证集形状: (80820, 10)
测试集形状: (80820, 10)
特征维度: 10
异常比例（行级）:
- 训练集: 原始 9.88% -> 现有 0.00%
- 验证集: 5.85%
- 测试集: 5.06%
[onlyNormalData=True] 训练集过滤异常数据: 377158 行 -> 339888 行 (移除 37270 个异常样本)

[PCA降维] 启用
  n_components=10
  PCA前特征维度: 27
  PCA后特征维度: 10
  解释方差比（前10个）: [0.51869311 0.15333047 0.1103832  0.07160594 0.0435558  0.02740393
 0.0225212  0.01900313 0.00983904 0.00835796]
  累积解释方差: 0.9847
  时间点数量: train=339888, val=80820, test=80820 (未改变)
[PCA降维] 完成
数据加载自: dataset/downsampleData_scratch_1minut/contact/contact_cleaned_1minut_20250928_172122.parquet
训练集形状: (339888, 10)
验证集形状: (80820, 10)
测试集形状: (80820, 10)
特征维度: 10
异常比例（行级）:
- 训练集: 原始 9.88% -> 现有 0.00%
- 验证集: 5.85%
- 测试集: 5.06%
[onlyNormalData=True] 训练集过滤异常数据: 377158 行 -> 339888 行 (移除 37270 个异常样本)

[PCA降维] 启用
  n_components=10
  PCA前特征维度: 27
  PCA后特征维度: 10
  解释方差比（前10个）: [0.51869311 0.15333047 0.1103832  0.07160594 0.0435558  0.02740393
 0.0225212  0.01900313 0.00983904 0.00835796]
  累积解释方差: 0.9847
  时间点数量: train=339888, val=80820, test=80820 (未改变)
[PCA降维] 完成
数据加载自: dataset/downsampleData_scratch_1minut/contact/contact_cleaned_1minut_20250928_172122.parquet
训练集形状: (339888, 10)
验证集形状: (80820, 10)
测试集形状: (80820, 10)
特征维度: 10
异常比例（行级）:
- 训练集: 原始 9.88% -> 现有 0.00%
- 验证集: 5.85%
- 测试集: 5.06%
	speed: 0.0343s/iter; left time: 360.9539s
	speed: 0.0315s/iter; left time: 328.4677s
	speed: 0.0285s/iter; left time: 294.3936s
	speed: 0.0328s/iter; left time: 335.5721s
	speed: 0.0294s/iter; left time: 297.7503s
	speed: 0.0302s/iter; left time: 302.5967s
	speed: 0.0298s/iter; left time: 295.2941s
	speed: 0.0242s/iter; left time: 237.8453s
	speed: 0.0284s/iter; left time: 276.4803s
	speed: 0.0292s/iter; left time: 280.5553s
	speed: 0.0264s/iter; left time: 251.0048s
	speed: 0.0261s/iter; left time: 245.6654s
	speed: 0.0290s/iter; left time: 270.4784s
	speed: 0.0259s/iter; left time: 239.1769s
	speed: 0.0258s/iter; left time: 235.0399s
	speed: 0.0244s/iter; left time: 220.5584s
	speed: 0.0286s/iter; left time: 255.2214s
	speed: 0.0273s/iter; left time: 241.2299s
	speed: 0.0263s/iter; left time: 229.0227s
	speed: 0.0257s/iter; left time: 221.1318s
	speed: 0.0260s/iter; left time: 221.8893s
	speed: 0.0230s/iter; left time: 193.4761s
	speed: 0.0223s/iter; left time: 185.5527s
	speed: 0.0248s/iter; left time: 203.9392s
	speed: 0.0257s/iter; left time: 208.8586s
	speed: 0.0223s/iter; left time: 179.0222s
	speed: 0.0216s/iter; left time: 170.8755s
	speed: 0.0251s/iter; left time: 196.2910s
	speed: 0.0192s/iter; left time: 147.9287s
	speed: 0.0151s/iter; left time: 115.2318s
	speed: 0.0247s/iter; left time: 186.0004s
	speed: 0.0268s/iter; left time: 199.0452s
	speed: 0.0282s/iter; left time: 206.3227s
	speed: 0.0255s/iter; left time: 184.2577s
	speed: 0.0225s/iter; left time: 160.0073s
	speed: 0.0156s/iter; left time: 109.5349s
	speed: 0.0282s/iter; left time: 195.1301s
	speed: 0.0275s/iter; left time: 187.2418s
	speed: 0.0298s/iter; left time: 200.4751s
	speed: 0.0297s/iter; left time: 196.3563s
	speed: 0.0294s/iter; left time: 191.5019s
	speed: 0.0251s/iter; left time: 161.1127s
	speed: 0.0295s/iter; left time: 186.6029s
	speed: 0.0295s/iter; left time: 183.4449s
	speed: 0.0286s/iter; left time: 175.2758s
	speed: 0.0264s/iter; left time: 159.0917s
	speed: 0.0275s/iter; left time: 162.7512s
	speed: 0.0269s/iter; left time: 156.4924s
	speed: 0.0290s/iter; left time: 166.1857s
	speed: 0.0280s/iter; left time: 157.3081s
	speed: 0.0294s/iter; left time: 162.5222s
	speed: 0.0290s/iter; left time: 157.1217s
	speed: 0.0297s/iter; left time: 157.8391s
	speed: 0.0303s/iter; left time: 157.9991s
	speed: 0.0293s/iter; left time: 150.2661s
	speed: 0.0293s/iter; left time: 147.2611s
	speed: 0.0292s/iter; left time: 143.7965s
	speed: 0.0276s/iter; left time: 132.9917s
	speed: 0.0288s/iter; left time: 136.0706s
	speed: 0.0301s/iter; left time: 139.1556s
	speed: 0.0282s/iter; left time: 127.3525s
	speed: 0.0265s/iter; left time: 117.1996s
	speed: 0.0270s/iter; left time: 116.5533s
	speed: 0.0299s/iter; left time: 126.0147s
	speed: 0.0285s/iter; left time: 117.4403s
	speed: 0.0242s/iter; left time: 97.2436s
	speed: 0.0295s/iter; left time: 115.5813s
	speed: 0.0265s/iter; left time: 101.3617s
	speed: 0.0297s/iter; left time: 110.4317s
	speed: 0.0307s/iter; left time: 111.2670s
	speed: 0.0305s/iter; left time: 107.3810s
	speed: 0.0287s/iter; left time: 98.3535s
	speed: 0.0230s/iter; left time: 76.4038s
	speed: 0.0230s/iter; left time: 74.0801s
	speed: 0.0298s/iter; left time: 92.8974s
	speed: 0.0323s/iter; left time: 97.4328s
	speed: 0.0315s/iter; left time: 92.0091s
	speed: 0.0289s/iter; left time: 81.4232s
	speed: 0.0306s/iter; left time: 83.2195s
	speed: 0.0259s/iter; left time: 67.7953s
	speed: 0.0237s/iter; left time: 59.7277s
	speed: 0.0285s/iter; left time: 69.1038s
	speed: 0.0294s/iter; left time: 68.3018s
	speed: 0.0300s/iter; left time: 66.7302s
	speed: 0.0231s/iter; left time: 48.9427s
	speed: 0.0308s/iter; left time: 62.1809s
	speed: 0.0258s/iter; left time: 49.5885s
	speed: 0.0311s/iter; left time: 56.5601s
	speed: 0.0221s/iter; left time: 37.9674s
	speed: 0.0238s/iter; left time: 38.5143s
	speed: 0.0236s/iter; left time: 35.8797s
	speed: 0.0287s/iter; left time: 40.7887s
	speed: 0.0291s/iter; left time: 38.3967s
	speed: 0.0270s/iter; left time: 32.9539s
	speed: 0.0301s/iter; left time: 33.7657s
	speed: 0.0285s/iter; left time: 29.1444s
	speed: 0.0254s/iter; left time: 23.3621s
	speed: 0.0290s/iter; left time: 23.7753s
	speed: 0.0242s/iter; left time: 17.4693s
	speed: 0.0230s/iter; left time: 14.3071s
	speed: 0.0241s/iter; left time: 12.5546s
	speed: 0.0198s/iter; left time: 8.3445s
	speed: 0.0291s/iter; left time: 9.3346s
	speed: 0.0289s/iter; left time: 6.3859s
	speed: 0.0267s/iter; left time: 3.2322s
	speed: 0.0262s/iter; left time: 0.5500s
2025-11-13 17:22:43,084 - INFO - 训练完成!
2025-11-13 17:22:43,084 - INFO - 开始测试模型...
Epoch: 1, Cost time: 325.748s 
Loading checkpoint from: checkpoints2_patch_size_analysis/contact_patch_size3,6_20251113_171709/contact_cleaned_1minut_20250928_172122_checkpoint_2025-11-13_17-22-43/model.pth
Threshold : 0.8560919761657715
2025-11-13 17:25:04,056 - INFO - 测试完成!
pa_accuracy           : 0.9550
pa_precision          : 0.5455
pa_recall             : 0.6779
pa_f_score            : 0.6045
MCC_score             : 0.5848
Affiliation precision : 0.5372
Affiliation recall    : 0.8536
R_AUC_ROC             : 0.6667
R_AUC_PR              : 0.5353
VUS_ROC               : 0.6722
VUS_PR                : 0.5356
Accuracy : 0.9550, Precision : 0.5455, Recall : 0.6779, F-score : 0.6045 
Test results saved to: checkpoints2_patch_size_analysis/contact_patch_size3,6_20251113_171709/contact_cleaned_1minut_20250928_172122_checkpoint_2025-11-13_17-22-43/result.json
/home/wanting/KDD2023-DCdetector/venv/lib/python3.12/site-packages/tsfresh/__init__.py:12: UserWarning: pkg_resources is deprecated as an API. See https://setuptools.pypa.io/en/latest/pkg_resources.html. The pkg_resources package is slated for removal as early as 2025-11-30. Refrain from using this package or pin to Setuptools<81.
  import pkg_resources
2025-11-13 17:25:08,019 - INFO - 开始使用自定义数据集运行DCdetector...
2025-11-13 17:25:08,019 - INFO - 数据集: Custom
2025-11-13 17:25:08,019 - INFO - 输入特征维度: 10
2025-11-13 17:25:08,019 - INFO - 窗口大小: 30
2025-11-13 17:25:08,019 - INFO - 批次大小: 32
2025-11-13 17:25:11,028 - INFO - 开始训练模型...
[onlyNormalData=True] 训练集过滤异常数据: 377158 行 -> 339888 行 (移除 37270 个异常样本)

[PCA降维] 启用
  n_components=10
  PCA前特征维度: 27
  PCA后特征维度: 10
  解释方差比（前10个）: [0.51869311 0.15333047 0.1103832  0.07160594 0.0435558  0.02740393
 0.0225212  0.01900313 0.00983904 0.00835796]
  累积解释方差: 0.9847
  时间点数量: train=339888, val=80820, test=80820 (未改变)
[PCA降维] 完成
数据加载自: dataset/downsampleData_scratch_1minut/contact/contact_cleaned_1minut_20250928_172122.parquet
训练集形状: (339888, 10)
验证集形状: (80820, 10)
测试集形状: (80820, 10)
特征维度: 10
异常比例（行级）:
- 训练集: 原始 9.88% -> 现有 0.00%
- 验证集: 5.85%
- 测试集: 5.06%
[onlyNormalData=True] 训练集过滤异常数据: 377158 行 -> 339888 行 (移除 37270 个异常样本)

[PCA降维] 启用
  n_components=10
  PCA前特征维度: 27
  PCA后特征维度: 10
  解释方差比（前10个）: [0.51869311 0.15333047 0.1103832  0.07160594 0.0435558  0.02740393
 0.0225212  0.01900313 0.00983904 0.00835796]
  累积解释方差: 0.9847
  时间点数量: train=339888, val=80820, test=80820 (未改变)
[PCA降维] 完成
数据加载自: dataset/downsampleData_scratch_1minut/contact/contact_cleaned_1minut_20250928_172122.parquet
训练集形状: (339888, 10)
验证集形状: (80820, 10)
测试集形状: (80820, 10)
特征维度: 10
异常比例（行级）:
- 训练集: 原始 9.88% -> 现有 0.00%
- 验证集: 5.85%
- 测试集: 5.06%
[onlyNormalData=True] 训练集过滤异常数据: 377158 行 -> 339888 行 (移除 37270 个异常样本)

[PCA降维] 启用
  n_components=10
  PCA前特征维度: 27
  PCA后特征维度: 10
  解释方差比（前10个）: [0.51869311 0.15333047 0.1103832  0.07160594 0.0435558  0.02740393
 0.0225212  0.01900313 0.00983904 0.00835796]
  累积解释方差: 0.9847
  时间点数量: train=339888, val=80820, test=80820 (未改变)
[PCA降维] 完成
数据加载自: dataset/downsampleData_scratch_1minut/contact/contact_cleaned_1minut_20250928_172122.parquet
训练集形状: (339888, 10)
验证集形状: (80820, 10)
测试集形状: (80820, 10)
特征维度: 10
异常比例（行级）:
- 训练集: 原始 9.88% -> 现有 0.00%
- 验证集: 5.85%
- 测试集: 5.06%
[onlyNormalData=True] 训练集过滤异常数据: 377158 行 -> 339888 行 (移除 37270 个异常样本)

[PCA降维] 启用
  n_components=10
  PCA前特征维度: 27
  PCA后特征维度: 10
  解释方差比（前10个）: [0.51869311 0.15333047 0.1103832  0.07160594 0.0435558  0.02740393
 0.0225212  0.01900313 0.00983904 0.00835796]
  累积解释方差: 0.9847
  时间点数量: train=339888, val=80820, test=80820 (未改变)
[PCA降维] 完成
数据加载自: dataset/downsampleData_scratch_1minut/contact/contact_cleaned_1minut_20250928_172122.parquet
训练集形状: (339888, 10)
验证集形状: (80820, 10)
测试集形状: (80820, 10)
特征维度: 10
异常比例（行级）:
- 训练集: 原始 9.88% -> 现有 0.00%
- 验证集: 5.85%
- 测试集: 5.06%
	speed: 0.0385s/iter; left time: 405.4284s
	speed: 0.0349s/iter; left time: 363.9607s
	speed: 0.0364s/iter; left time: 376.1924s
	speed: 0.0385s/iter; left time: 393.0344s
	speed: 0.0388s/iter; left time: 392.6045s
	speed: 0.0337s/iter; left time: 337.9111s
	speed: 0.0368s/iter; left time: 365.5649s
	speed: 0.0374s/iter; left time: 367.3633s
	speed: 0.0387s/iter; left time: 376.0912s
	speed: 0.0401s/iter; left time: 385.8078s
	speed: 0.0397s/iter; left time: 378.3944s
	speed: 0.0404s/iter; left time: 380.2286s
	speed: 0.0388s/iter; left time: 361.6797s
	speed: 0.0397s/iter; left time: 365.8444s
	speed: 0.0409s/iter; left time: 372.9842s
	speed: 0.0398s/iter; left time: 358.7318s
	speed: 0.0404s/iter; left time: 360.7263s
	speed: 0.0400s/iter; left time: 352.5400s
	speed: 0.0402s/iter; left time: 350.7778s
	speed: 0.0402s/iter; left time: 346.8210s
	speed: 0.0399s/iter; left time: 340.3451s
	speed: 0.0412s/iter; left time: 347.0015s
	speed: 0.0404s/iter; left time: 336.5061s
	speed: 0.0342s/iter; left time: 281.0249s
	speed: 0.0376s/iter; left time: 305.5630s
	speed: 0.0402s/iter; left time: 322.1484s
	speed: 0.0392s/iter; left time: 310.7020s
	speed: 0.0397s/iter; left time: 310.6078s
	speed: 0.0384s/iter; left time: 296.3391s
	speed: 0.0381s/iter; left time: 290.0929s
	speed: 0.0318s/iter; left time: 238.9699s
	speed: 0.0223s/iter; left time: 165.4972s
	speed: 0.0291s/iter; left time: 212.6824s
	speed: 0.0220s/iter; left time: 158.8154s
	speed: 0.0359s/iter; left time: 255.5351s
	speed: 0.0303s/iter; left time: 212.8211s
	speed: 0.0343s/iter; left time: 237.6335s
	speed: 0.0305s/iter; left time: 207.8030s
	speed: 0.0358s/iter; left time: 240.7864s
	speed: 0.0438s/iter; left time: 289.9911s
	speed: 0.0385s/iter; left time: 250.9568s
	speed: 0.0381s/iter; left time: 244.3645s
	speed: 0.0400s/iter; left time: 253.1196s
	speed: 0.0388s/iter; left time: 241.2122s
	speed: 0.0366s/iter; left time: 223.8806s
	speed: 0.0396s/iter; left time: 238.6873s
	speed: 0.0393s/iter; left time: 232.4620s
	speed: 0.0360s/iter; left time: 209.6023s
	speed: 0.0307s/iter; left time: 175.5090s
	speed: 0.0233s/iter; left time: 130.9265s
	speed: 0.0389s/iter; left time: 214.9011s
	speed: 0.0393s/iter; left time: 212.8099s
	speed: 0.0390s/iter; left time: 207.5414s
	speed: 0.0381s/iter; left time: 199.0657s
	speed: 0.0365s/iter; left time: 186.7927s
	speed: 0.0357s/iter; left time: 179.4923s
	speed: 0.0393s/iter; left time: 193.4134s
	speed: 0.0398s/iter; left time: 192.1010s
	speed: 0.0336s/iter; left time: 158.4826s
	speed: 0.0372s/iter; left time: 171.6782s
	speed: 0.0331s/iter; left time: 149.8701s
	speed: 0.0398s/iter; left time: 175.9544s
	speed: 0.0395s/iter; left time: 170.4701s
	speed: 0.0349s/iter; left time: 147.2860s
	speed: 0.0335s/iter; left time: 138.1523s
	speed: 0.0386s/iter; left time: 155.0535s
	speed: 0.0341s/iter; left time: 133.7401s
	speed: 0.0380s/iter; left time: 145.2879s
	speed: 0.0379s/iter; left time: 141.0599s
	speed: 0.0375s/iter; left time: 135.9100s
	speed: 0.0349s/iter; left time: 122.9712s
	speed: 0.0366s/iter; left time: 125.0424s
	speed: 0.0357s/iter; left time: 118.4861s
	speed: 0.0338s/iter; left time: 108.8545s
	speed: 0.0396s/iter; left time: 123.5500s
	speed: 0.0431s/iter; left time: 130.2220s
	speed: 0.0379s/iter; left time: 110.7031s
	speed: 0.0364s/iter; left time: 102.6125s
	speed: 0.0373s/iter; left time: 101.4797s
	speed: 0.0402s/iter; left time: 105.4107s
	speed: 0.0307s/iter; left time: 77.5133s
	speed: 0.0210s/iter; left time: 50.8675s
	speed: 0.0268s/iter; left time: 62.2285s
	speed: 0.0373s/iter; left time: 82.9263s
	speed: 0.0333s/iter; left time: 70.5529s
	speed: 0.0394s/iter; left time: 79.6841s
	speed: 0.0389s/iter; left time: 74.7907s
	speed: 0.0374s/iter; left time: 68.1285s
	speed: 0.0382s/iter; left time: 65.7221s
	speed: 0.0381s/iter; left time: 61.8132s
	speed: 0.0408s/iter; left time: 62.0313s
	speed: 0.0365s/iter; left time: 51.8884s
	speed: 0.0292s/iter; left time: 38.5132s
	speed: 0.0310s/iter; left time: 37.8119s
	speed: 0.0274s/iter; left time: 30.7634s
	speed: 0.0286s/iter; left time: 29.1920s
	speed: 0.0288s/iter; left time: 26.5222s
	speed: 0.0410s/iter; left time: 33.6340s
	speed: 0.0355s/iter; left time: 25.5827s
	speed: 0.0355s/iter; left time: 22.0591s
	speed: 0.0402s/iter; left time: 20.9517s
	speed: 0.0429s/iter; left time: 18.0461s
	speed: 0.0429s/iter; left time: 13.7833s
	speed: 0.0425s/iter; left time: 9.3957s
	speed: 0.0432s/iter; left time: 5.2271s
	speed: 0.0418s/iter; left time: 0.8785s
2025-11-13 17:32:52,057 - INFO - 训练完成!
2025-11-13 17:32:52,057 - INFO - 开始测试模型...
Epoch: 1, Cost time: 460.992s 
Loading checkpoint from: checkpoints2_patch_size_analysis/contact_patch_size3,6,10_20251113_172504/contact_cleaned_1minut_20250928_172122_checkpoint_2025-11-13_17-32-52/model.pth
Threshold : 0.33973997831344604
2025-11-13 17:38:19,743 - INFO - 测试完成!
pa_accuracy           : 0.9513
pa_precision          : 0.5166
pa_recall             : 0.6065
pa_f_score            : 0.5579
MCC_score             : 0.5342
Affiliation precision : 0.5343
Affiliation recall    : 0.8128
R_AUC_ROC             : 0.6514
R_AUC_PR              : 0.5084
VUS_ROC               : 0.6510
VUS_PR                : 0.5024
Accuracy : 0.9513, Precision : 0.5166, Recall : 0.6065, F-score : 0.5579 
Test results saved to: checkpoints2_patch_size_analysis/contact_patch_size3,6,10_20251113_172504/contact_cleaned_1minut_20250928_172122_checkpoint_2025-11-13_17-32-52/result.json
/home/wanting/KDD2023-DCdetector/venv/lib/python3.12/site-packages/tsfresh/__init__.py:12: UserWarning: pkg_resources is deprecated as an API. See https://setuptools.pypa.io/en/latest/pkg_resources.html. The pkg_resources package is slated for removal as early as 2025-11-30. Refrain from using this package or pin to Setuptools<81.
  import pkg_resources
2025-11-13 17:38:23,223 - INFO - 开始使用自定义数据集运行DCdetector...
2025-11-13 17:38:23,223 - INFO - 数据集: Custom
2025-11-13 17:38:23,223 - INFO - 输入特征维度: 10
2025-11-13 17:38:23,223 - INFO - 窗口大小: 30
2025-11-13 17:38:23,223 - INFO - 批次大小: 32
2025-11-13 17:38:26,467 - INFO - 开始训练模型...
[onlyNormalData=True] 训练集过滤异常数据: 377158 行 -> 339888 行 (移除 37270 个异常样本)

[PCA降维] 启用
  n_components=10
  PCA前特征维度: 27
  PCA后特征维度: 10
  解释方差比（前10个）: [0.51869311 0.15333047 0.1103832  0.07160594 0.0435558  0.02740393
 0.0225212  0.01900313 0.00983904 0.00835796]
  累积解释方差: 0.9847
  时间点数量: train=339888, val=80820, test=80820 (未改变)
[PCA降维] 完成
数据加载自: dataset/downsampleData_scratch_1minut/contact/contact_cleaned_1minut_20250928_172122.parquet
训练集形状: (339888, 10)
验证集形状: (80820, 10)
测试集形状: (80820, 10)
特征维度: 10
异常比例（行级）:
- 训练集: 原始 9.88% -> 现有 0.00%
- 验证集: 5.85%
- 测试集: 5.06%
[onlyNormalData=True] 训练集过滤异常数据: 377158 行 -> 339888 行 (移除 37270 个异常样本)

[PCA降维] 启用
  n_components=10
  PCA前特征维度: 27
  PCA后特征维度: 10
  解释方差比（前10个）: [0.51869311 0.15333047 0.1103832  0.07160594 0.0435558  0.02740393
 0.0225212  0.01900313 0.00983904 0.00835796]
  累积解释方差: 0.9847
  时间点数量: train=339888, val=80820, test=80820 (未改变)
[PCA降维] 完成
数据加载自: dataset/downsampleData_scratch_1minut/contact/contact_cleaned_1minut_20250928_172122.parquet
训练集形状: (339888, 10)
验证集形状: (80820, 10)
测试集形状: (80820, 10)
特征维度: 10
异常比例（行级）:
- 训练集: 原始 9.88% -> 现有 0.00%
- 验证集: 5.85%
- 测试集: 5.06%
[onlyNormalData=True] 训练集过滤异常数据: 377158 行 -> 339888 行 (移除 37270 个异常样本)

[PCA降维] 启用
  n_components=10
  PCA前特征维度: 27
  PCA后特征维度: 10
  解释方差比（前10个）: [0.51869311 0.15333047 0.1103832  0.07160594 0.0435558  0.02740393
 0.0225212  0.01900313 0.00983904 0.00835796]
  累积解释方差: 0.9847
  时间点数量: train=339888, val=80820, test=80820 (未改变)
[PCA降维] 完成
数据加载自: dataset/downsampleData_scratch_1minut/contact/contact_cleaned_1minut_20250928_172122.parquet
训练集形状: (339888, 10)
验证集形状: (80820, 10)
测试集形状: (80820, 10)
特征维度: 10
异常比例（行级）:
- 训练集: 原始 9.88% -> 现有 0.00%
- 验证集: 5.85%
- 测试集: 5.06%
[onlyNormalData=True] 训练集过滤异常数据: 377158 行 -> 339888 行 (移除 37270 个异常样本)

[PCA降维] 启用
  n_components=10
  PCA前特征维度: 27
  PCA后特征维度: 10
  解释方差比（前10个）: [0.51869311 0.15333047 0.1103832  0.07160594 0.0435558  0.02740393
 0.0225212  0.01900313 0.00983904 0.00835796]
  累积解释方差: 0.9847
  时间点数量: train=339888, val=80820, test=80820 (未改变)
[PCA降维] 完成
数据加载自: dataset/downsampleData_scratch_1minut/contact/contact_cleaned_1minut_20250928_172122.parquet
训练集形状: (339888, 10)
验证集形状: (80820, 10)
测试集形状: (80820, 10)
特征维度: 10
异常比例（行级）:
- 训练集: 原始 9.88% -> 现有 0.00%
- 验证集: 5.85%
- 测试集: 5.06%
	speed: 0.0377s/iter; left time: 397.0040s
	speed: 0.0301s/iter; left time: 313.7114s
	speed: 0.0514s/iter; left time: 530.2794s
	speed: 0.0460s/iter; left time: 470.2748s
	speed: 0.0545s/iter; left time: 551.2013s
	speed: 0.0538s/iter; left time: 538.7547s
	speed: 0.0559s/iter; left time: 554.1806s
	speed: 0.0564s/iter; left time: 554.0164s
	speed: 0.0543s/iter; left time: 527.6671s
	speed: 0.0541s/iter; left time: 520.8026s
	speed: 0.0555s/iter; left time: 528.4765s
	speed: 0.0558s/iter; left time: 525.9338s
	speed: 0.0556s/iter; left time: 517.8336s
	speed: 0.0558s/iter; left time: 514.4144s
	speed: 0.0563s/iter; left time: 513.5369s
	speed: 0.0526s/iter; left time: 474.3225s
	speed: 0.0559s/iter; left time: 499.0444s
	speed: 0.0560s/iter; left time: 493.6081s
	speed: 0.0421s/iter; left time: 367.3192s
	speed: 0.0350s/iter; left time: 301.9562s
	speed: 0.0360s/iter; left time: 306.9754s
	speed: 0.0353s/iter; left time: 297.0307s
	speed: 0.0364s/iter; left time: 302.9883s
	speed: 0.0366s/iter; left time: 300.6916s
	speed: 0.0366s/iter; left time: 297.0810s
	speed: 0.0356s/iter; left time: 285.6784s
	speed: 0.0309s/iter; left time: 244.7326s
	speed: 0.0313s/iter; left time: 245.0386s
	speed: 0.0333s/iter; left time: 257.0541s
	speed: 0.0345s/iter; left time: 263.0390s
	speed: 0.0341s/iter; left time: 256.2668s
	speed: 0.0303s/iter; left time: 224.8514s
	speed: 0.0337s/iter; left time: 246.5182s
	speed: 0.0387s/iter; left time: 279.8104s
	speed: 0.0417s/iter; left time: 297.2900s
	speed: 0.0396s/iter; left time: 278.0623s
	speed: 0.0381s/iter; left time: 263.6215s
	speed: 0.0376s/iter; left time: 256.6507s
	speed: 0.0389s/iter; left time: 261.4408s
	speed: 0.0414s/iter; left time: 274.1374s
	speed: 0.0347s/iter; left time: 226.5434s
	speed: 0.0364s/iter; left time: 233.4907s
	speed: 0.0352s/iter; left time: 222.6300s
	speed: 0.0350s/iter; left time: 217.6649s
	speed: 0.0355s/iter; left time: 217.1260s
	speed: 0.0357s/iter; left time: 215.1263s
	speed: 0.0354s/iter; left time: 209.4090s
	speed: 0.0344s/iter; left time: 199.9920s
	speed: 0.0333s/iter; left time: 190.3364s
	speed: 0.0349s/iter; left time: 196.4065s
	speed: 0.0340s/iter; left time: 187.4871s
	speed: 0.0343s/iter; left time: 186.0188s
	speed: 0.0365s/iter; left time: 193.9929s
	speed: 0.0405s/iter; left time: 211.6853s
	speed: 0.0407s/iter; left time: 208.2915s
	speed: 0.0387s/iter; left time: 194.3259s
	speed: 0.0397s/iter; left time: 195.5261s
	speed: 0.0400s/iter; left time: 192.8836s
	speed: 0.0404s/iter; left time: 190.7757s
	speed: 0.0393s/iter; left time: 181.7619s
	speed: 0.0406s/iter; left time: 183.6202s
	speed: 0.0425s/iter; left time: 188.0580s
	speed: 0.0419s/iter; left time: 181.0874s
	speed: 0.0409s/iter; left time: 172.8015s
	speed: 0.0411s/iter; left time: 169.2382s
	speed: 0.0364s/iter; left time: 146.4121s
	speed: 0.0386s/iter; left time: 151.2382s
	speed: 0.0354s/iter; left time: 135.2548s
	speed: 0.0355s/iter; left time: 132.0027s
	speed: 0.0394s/iter; left time: 142.6196s
	speed: 0.0422s/iter; left time: 148.5531s
	speed: 0.0439s/iter; left time: 150.2415s
	speed: 0.0445s/iter; left time: 147.6200s
	speed: 0.0433s/iter; left time: 139.5018s
	speed: 0.0408s/iter; left time: 127.2127s
	speed: 0.0417s/iter; left time: 126.0682s
	speed: 0.0407s/iter; left time: 118.8979s
	speed: 0.0417s/iter; left time: 117.5016s
	speed: 0.0411s/iter; left time: 111.8160s
	speed: 0.0406s/iter; left time: 106.4777s
	speed: 0.0409s/iter; left time: 103.0018s
	speed: 0.0410s/iter; left time: 99.1537s
	speed: 0.0420s/iter; left time: 97.5289s
	speed: 0.0400s/iter; left time: 88.9355s
	speed: 0.0410s/iter; left time: 86.9705s
	speed: 0.0407s/iter; left time: 82.2581s
	speed: 0.0418s/iter; left time: 80.3568s
	speed: 0.0412s/iter; left time: 74.9619s
	speed: 0.0413s/iter; left time: 71.1315s
	speed: 0.0407s/iter; left time: 66.0127s
	speed: 0.0415s/iter; left time: 63.1932s
	speed: 0.0406s/iter; left time: 57.6348s
	speed: 0.0397s/iter; left time: 52.4243s
	speed: 0.0375s/iter; left time: 45.8105s
	speed: 0.0375s/iter; left time: 42.0041s
	speed: 0.0379s/iter; left time: 38.6603s
	speed: 0.0376s/iter; left time: 34.6080s
	speed: 0.0381s/iter; left time: 31.2515s
	speed: 0.0370s/iter; left time: 26.7082s
	speed: 0.0372s/iter; left time: 23.1198s
	speed: 0.0379s/iter; left time: 19.7555s
	speed: 0.0369s/iter; left time: 15.5321s
	speed: 0.0382s/iter; left time: 12.2677s
	speed: 0.0370s/iter; left time: 8.1843s
	speed: 0.0370s/iter; left time: 4.4823s
	speed: 0.0369s/iter; left time: 0.7753s
2025-11-13 17:46:52,346 - INFO - 训练完成!
2025-11-13 17:46:52,347 - INFO - 开始测试模型...
Epoch: 1, Cost time: 505.851s 
Loading checkpoint from: checkpoints2_patch_size_analysis/contact_patch_size3,6,10,15_20251113_173820/contact_cleaned_1minut_20250928_172122_checkpoint_2025-11-13_17-46-52/model.pth
Threshold : 0.3385191559791565
2025-11-13 17:50:44,927 - INFO - 测试完成!
pa_accuracy           : 0.9537
pa_precision          : 0.5372
pa_recall             : 0.6315
pa_f_score            : 0.5806
MCC_score             : 0.5583
Affiliation precision : 0.5335
Affiliation recall    : 0.8008
R_AUC_ROC             : 0.6589
R_AUC_PR              : 0.5251
VUS_ROC               : 0.6586
VUS_PR                : 0.5199
Accuracy : 0.9537, Precision : 0.5372, Recall : 0.6315, F-score : 0.5806 
Test results saved to: checkpoints2_patch_size_analysis/contact_patch_size3,6,10,15_20251113_173820/contact_cleaned_1minut_20250928_172122_checkpoint_2025-11-13_17-46-52/result.json
/home/wanting/KDD2023-DCdetector/venv/lib/python3.12/site-packages/tsfresh/__init__.py:12: UserWarning: pkg_resources is deprecated as an API. See https://setuptools.pypa.io/en/latest/pkg_resources.html. The pkg_resources package is slated for removal as early as 2025-11-30. Refrain from using this package or pin to Setuptools<81.
  import pkg_resources
2025-11-13 17:50:47,600 - INFO - 开始使用自定义数据集运行DCdetector...
2025-11-13 17:50:47,600 - INFO - 数据集: Custom
2025-11-13 17:50:47,600 - INFO - 输入特征维度: 10
2025-11-13 17:50:47,600 - INFO - 窗口大小: 30
2025-11-13 17:50:47,600 - INFO - 批次大小: 32
2025-11-13 17:50:49,797 - INFO - 开始训练模型...
[onlyNormalData=True] 训练集过滤异常数据: 408309 行 -> 390335 行 (移除 17974 个异常样本)

[PCA降维] 启用
  n_components=10
  PCA前特征维度: 28
  PCA后特征维度: 10
  解释方差比（前10个）: [0.44531896 0.19176419 0.11007933 0.0892243  0.06624989 0.04059656
 0.01873708 0.00939986 0.00887274 0.00681558]
  累积解释方差: 0.9871
  时间点数量: train=390335, val=87495, test=87495 (未改变)
[PCA降维] 完成
数据加载自: dataset/downsampleData_scratch_1minut/ring/Ring_cleaned_1minut_20250928_170147.parquet
训练集形状: (390335, 10)
验证集形状: (87495, 10)
测试集形状: (87495, 10)
特征维度: 10
异常比例（行级）:
- 训练集: 原始 4.40% -> 现有 0.00%
- 验证集: 2.97%
- 测试集: 4.20%
[onlyNormalData=True] 训练集过滤异常数据: 408309 行 -> 390335 行 (移除 17974 个异常样本)

[PCA降维] 启用
  n_components=10
  PCA前特征维度: 28
  PCA后特征维度: 10
  解释方差比（前10个）: [0.44531896 0.19176419 0.11007933 0.0892243  0.06624989 0.04059656
 0.01873708 0.00939986 0.00887274 0.00681558]
  累积解释方差: 0.9871
  时间点数量: train=390335, val=87495, test=87495 (未改变)
[PCA降维] 完成
数据加载自: dataset/downsampleData_scratch_1minut/ring/Ring_cleaned_1minut_20250928_170147.parquet
训练集形状: (390335, 10)
验证集形状: (87495, 10)
测试集形状: (87495, 10)
特征维度: 10
异常比例（行级）:
- 训练集: 原始 4.40% -> 现有 0.00%
- 验证集: 2.97%
- 测试集: 4.20%
[onlyNormalData=True] 训练集过滤异常数据: 408309 行 -> 390335 行 (移除 17974 个异常样本)

[PCA降维] 启用
  n_components=10
  PCA前特征维度: 28
  PCA后特征维度: 10
  解释方差比（前10个）: [0.44531896 0.19176419 0.11007933 0.0892243  0.06624989 0.04059656
 0.01873708 0.00939986 0.00887274 0.00681558]
  累积解释方差: 0.9871
  时间点数量: train=390335, val=87495, test=87495 (未改变)
[PCA降维] 完成
数据加载自: dataset/downsampleData_scratch_1minut/ring/Ring_cleaned_1minut_20250928_170147.parquet
训练集形状: (390335, 10)
验证集形状: (87495, 10)
测试集形状: (87495, 10)
特征维度: 10
异常比例（行级）:
- 训练集: 原始 4.40% -> 现有 0.00%
- 验证集: 2.97%
- 测试集: 4.20%
[onlyNormalData=True] 训练集过滤异常数据: 408309 行 -> 390335 行 (移除 17974 个异常样本)

[PCA降维] 启用
  n_components=10
  PCA前特征维度: 28
  PCA后特征维度: 10
  解释方差比（前10个）: [0.44531896 0.19176419 0.11007933 0.0892243  0.06624989 0.04059656
 0.01873708 0.00939986 0.00887274 0.00681558]
  累积解释方差: 0.9871
  时间点数量: train=390335, val=87495, test=87495 (未改变)
[PCA降维] 完成
数据加载自: dataset/downsampleData_scratch_1minut/ring/Ring_cleaned_1minut_20250928_170147.parquet
训练集形状: (390335, 10)
验证集形状: (87495, 10)
测试集形状: (87495, 10)
特征维度: 10
异常比例（行级）:
- 训练集: 原始 4.40% -> 现有 0.00%
- 验证集: 2.97%
- 测试集: 4.20%
	speed: 0.0220s/iter; left time: 266.4726s
	speed: 0.0168s/iter; left time: 202.0955s
	speed: 0.0170s/iter; left time: 202.2152s
	speed: 0.0172s/iter; left time: 203.3063s
	speed: 0.0171s/iter; left time: 199.5829s
	speed: 0.0171s/iter; left time: 198.6892s
	speed: 0.0172s/iter; left time: 197.7168s
	speed: 0.0170s/iter; left time: 193.2052s
	speed: 0.0170s/iter; left time: 192.4305s
	speed: 0.0166s/iter; left time: 185.7094s
	speed: 0.0169s/iter; left time: 187.8216s
	speed: 0.0170s/iter; left time: 186.7422s
	speed: 0.0175s/iter; left time: 190.9285s
	speed: 0.0171s/iter; left time: 184.2027s
	speed: 0.0169s/iter; left time: 180.9268s
	speed: 0.0172s/iter; left time: 182.0396s
	speed: 0.0166s/iter; left time: 173.8694s
	speed: 0.0167s/iter; left time: 173.8680s
	speed: 0.0163s/iter; left time: 167.4128s
	speed: 0.0150s/iter; left time: 152.9100s
	speed: 0.0147s/iter; left time: 148.9425s
	speed: 0.0145s/iter; left time: 145.3923s
	speed: 0.0147s/iter; left time: 145.3498s
	speed: 0.0147s/iter; left time: 143.9741s
	speed: 0.0147s/iter; left time: 142.1700s
	speed: 0.0146s/iter; left time: 140.4006s
	speed: 0.0150s/iter; left time: 142.2742s
	speed: 0.0147s/iter; left time: 137.8950s
	speed: 0.0147s/iter; left time: 137.1277s
	speed: 0.0147s/iter; left time: 135.4945s
	speed: 0.0146s/iter; left time: 133.2701s
	speed: 0.0145s/iter; left time: 130.4255s
	speed: 0.0156s/iter; left time: 138.6053s
	speed: 0.0143s/iter; left time: 125.7077s
	speed: 0.0219s/iter; left time: 190.3076s
	speed: 0.0219s/iter; left time: 188.5905s
	speed: 0.0218s/iter; left time: 185.0225s
	speed: 0.0225s/iter; left time: 189.1648s
	speed: 0.0227s/iter; left time: 188.7172s
	speed: 0.0235s/iter; left time: 192.8108s
	speed: 0.0220s/iter; left time: 177.9846s
	speed: 0.0222s/iter; left time: 177.6889s
	speed: 0.0207s/iter; left time: 163.1897s
	speed: 0.0257s/iter; left time: 200.4332s
	speed: 0.0281s/iter; left time: 216.4419s
	speed: 0.0283s/iter; left time: 215.1100s
	speed: 0.0284s/iter; left time: 212.9436s
	speed: 0.0287s/iter; left time: 212.1657s
	speed: 0.0238s/iter; left time: 173.8818s
	speed: 0.0227s/iter; left time: 163.1730s
	speed: 0.0230s/iter; left time: 163.3543s
	speed: 0.0230s/iter; left time: 161.1054s
	speed: 0.0233s/iter; left time: 160.4165s
	speed: 0.0243s/iter; left time: 164.8664s
	speed: 0.0243s/iter; left time: 162.7578s
	speed: 0.0232s/iter; left time: 153.1398s
	speed: 0.0237s/iter; left time: 153.7903s
	speed: 0.0229s/iter; left time: 146.7726s
	speed: 0.0210s/iter; left time: 132.2080s
	speed: 0.0217s/iter; left time: 134.5426s
	speed: 0.0227s/iter; left time: 138.6423s
	speed: 0.0215s/iter; left time: 128.9420s
	speed: 0.0211s/iter; left time: 124.2476s
	speed: 0.0217s/iter; left time: 125.5851s
	speed: 0.0231s/iter; left time: 131.5656s
	speed: 0.0218s/iter; left time: 121.7905s
	speed: 0.0218s/iter; left time: 119.7804s
	speed: 0.0227s/iter; left time: 122.7989s
	speed: 0.0260s/iter; left time: 137.7292s
	speed: 0.0278s/iter; left time: 144.5661s
	speed: 0.0279s/iter; left time: 142.0553s
	speed: 0.0282s/iter; left time: 140.8026s
	speed: 0.0282s/iter; left time: 138.3604s
	speed: 0.0275s/iter; left time: 131.8272s
	speed: 0.0281s/iter; left time: 131.9028s
	speed: 0.0275s/iter; left time: 126.2230s
	speed: 0.0287s/iter; left time: 129.2134s
	speed: 0.0268s/iter; left time: 117.7565s
	speed: 0.0281s/iter; left time: 120.7954s
	speed: 0.0270s/iter; left time: 113.1778s
	speed: 0.0273s/iter; left time: 112.0770s
	speed: 0.0277s/iter; left time: 110.9009s
	speed: 0.0274s/iter; left time: 106.6439s
	speed: 0.0273s/iter; left time: 103.7315s
	speed: 0.0272s/iter; left time: 100.6878s
	speed: 0.0273s/iter; left time: 98.2503s
	speed: 0.0268s/iter; left time: 93.8211s
	speed: 0.0267s/iter; left time: 90.7752s
	speed: 0.0273s/iter; left time: 89.9530s
	speed: 0.0271s/iter; left time: 86.8115s
	speed: 0.0272s/iter; left time: 84.2781s
	speed: 0.0268s/iter; left time: 80.4567s
	speed: 0.0273s/iter; left time: 79.0075s
	speed: 0.0272s/iter; left time: 76.1812s
	speed: 0.0271s/iter; left time: 73.1098s
	speed: 0.0270s/iter; left time: 70.2647s
	speed: 0.0270s/iter; left time: 67.4143s
	speed: 0.0273s/iter; left time: 65.4357s
	speed: 0.0269s/iter; left time: 61.8645s
	speed: 0.0269s/iter; left time: 59.0870s
	speed: 0.0267s/iter; left time: 56.0994s
	speed: 0.0273s/iter; left time: 54.5501s
	speed: 0.0270s/iter; left time: 51.2971s
	speed: 0.0272s/iter; left time: 48.9436s
	speed: 0.0270s/iter; left time: 45.8091s
	speed: 0.0275s/iter; left time: 43.9927s
	speed: 0.0286s/iter; left time: 42.8322s
	speed: 0.0271s/iter; left time: 37.8954s
	speed: 0.0272s/iter; left time: 35.2693s
	speed: 0.0270s/iter; left time: 32.3487s
	speed: 0.0269s/iter; left time: 29.4939s
	speed: 0.0270s/iter; left time: 26.9055s
	speed: 0.0272s/iter; left time: 24.3984s
	speed: 0.0270s/iter; left time: 21.5284s
	speed: 0.0271s/iter; left time: 18.9073s
	speed: 0.0267s/iter; left time: 15.9870s
	speed: 0.0274s/iter; left time: 13.6671s
	speed: 0.0274s/iter; left time: 10.9172s
	speed: 0.0270s/iter; left time: 8.0580s
	speed: 0.0263s/iter; left time: 5.2126s
	speed: 0.0273s/iter; left time: 2.6724s
2025-11-13 17:56:49,256 - INFO - 训练完成!
2025-11-13 17:56:49,256 - INFO - 开始测试模型...
Epoch: 1, Cost time: 359.447s 
Loading checkpoint from: checkpoints2_patch_size_analysis/ring_patch_size3_20251113_175045/Ring_cleaned_1minut_20250928_170147_checkpoint_2025-11-13_17-56-49/model.pth
Threshold : 0.37306646972894597
2025-11-13 18:00:51,662 - INFO - 测试完成!
pa_accuracy           : 0.9538
pa_precision          : 0.4529
pa_recall             : 0.4709
pa_f_score            : 0.4617
MCC_score             : 0.4377
Affiliation precision : 0.5337
Affiliation recall    : 0.7487
R_AUC_ROC             : 0.6268
R_AUC_PR              : 0.4466
VUS_ROC               : 0.6246
VUS_PR                : 0.4379
Accuracy : 0.9538, Precision : 0.4529, Recall : 0.4709, F-score : 0.4617 
Test results saved to: checkpoints2_patch_size_analysis/ring_patch_size3_20251113_175045/Ring_cleaned_1minut_20250928_170147_checkpoint_2025-11-13_17-56-49/result.json
/home/wanting/KDD2023-DCdetector/venv/lib/python3.12/site-packages/tsfresh/__init__.py:12: UserWarning: pkg_resources is deprecated as an API. See https://setuptools.pypa.io/en/latest/pkg_resources.html. The pkg_resources package is slated for removal as early as 2025-11-30. Refrain from using this package or pin to Setuptools<81.
  import pkg_resources
2025-11-13 18:00:54,309 - INFO - 开始使用自定义数据集运行DCdetector...
2025-11-13 18:00:54,309 - INFO - 数据集: Custom
2025-11-13 18:00:54,309 - INFO - 输入特征维度: 10
2025-11-13 18:00:54,309 - INFO - 窗口大小: 30
2025-11-13 18:00:54,309 - INFO - 批次大小: 32
2025-11-13 18:00:56,557 - INFO - 开始训练模型...
[onlyNormalData=True] 训练集过滤异常数据: 408309 行 -> 390335 行 (移除 17974 个异常样本)

[PCA降维] 启用
  n_components=10
  PCA前特征维度: 28
  PCA后特征维度: 10
  解释方差比（前10个）: [0.44531896 0.19176419 0.11007933 0.0892243  0.06624989 0.04059656
 0.01873708 0.00939986 0.00887274 0.00681558]
  累积解释方差: 0.9871
  时间点数量: train=390335, val=87495, test=87495 (未改变)
[PCA降维] 完成
数据加载自: dataset/downsampleData_scratch_1minut/ring/Ring_cleaned_1minut_20250928_170147.parquet
训练集形状: (390335, 10)
验证集形状: (87495, 10)
测试集形状: (87495, 10)
特征维度: 10
异常比例（行级）:
- 训练集: 原始 4.40% -> 现有 0.00%
- 验证集: 2.97%
- 测试集: 4.20%
[onlyNormalData=True] 训练集过滤异常数据: 408309 行 -> 390335 行 (移除 17974 个异常样本)

[PCA降维] 启用
  n_components=10
  PCA前特征维度: 28
  PCA后特征维度: 10
  解释方差比（前10个）: [0.44531896 0.19176419 0.11007933 0.0892243  0.06624989 0.04059656
 0.01873708 0.00939986 0.00887274 0.00681558]
  累积解释方差: 0.9871
  时间点数量: train=390335, val=87495, test=87495 (未改变)
[PCA降维] 完成
数据加载自: dataset/downsampleData_scratch_1minut/ring/Ring_cleaned_1minut_20250928_170147.parquet
训练集形状: (390335, 10)
验证集形状: (87495, 10)
测试集形状: (87495, 10)
特征维度: 10
异常比例（行级）:
- 训练集: 原始 4.40% -> 现有 0.00%
- 验证集: 2.97%
- 测试集: 4.20%
[onlyNormalData=True] 训练集过滤异常数据: 408309 行 -> 390335 行 (移除 17974 个异常样本)

[PCA降维] 启用
  n_components=10
  PCA前特征维度: 28
  PCA后特征维度: 10
  解释方差比（前10个）: [0.44531896 0.19176419 0.11007933 0.0892243  0.06624989 0.04059656
 0.01873708 0.00939986 0.00887274 0.00681558]
  累积解释方差: 0.9871
  时间点数量: train=390335, val=87495, test=87495 (未改变)
[PCA降维] 完成
数据加载自: dataset/downsampleData_scratch_1minut/ring/Ring_cleaned_1minut_20250928_170147.parquet
训练集形状: (390335, 10)
验证集形状: (87495, 10)
测试集形状: (87495, 10)
特征维度: 10
异常比例（行级）:
- 训练集: 原始 4.40% -> 现有 0.00%
- 验证集: 2.97%
- 测试集: 4.20%
[onlyNormalData=True] 训练集过滤异常数据: 408309 行 -> 390335 行 (移除 17974 个异常样本)

[PCA降维] 启用
  n_components=10
  PCA前特征维度: 28
  PCA后特征维度: 10
  解释方差比（前10个）: [0.44531896 0.19176419 0.11007933 0.0892243  0.06624989 0.04059656
 0.01873708 0.00939986 0.00887274 0.00681558]
  累积解释方差: 0.9871
  时间点数量: train=390335, val=87495, test=87495 (未改变)
[PCA降维] 完成
数据加载自: dataset/downsampleData_scratch_1minut/ring/Ring_cleaned_1minut_20250928_170147.parquet
训练集形状: (390335, 10)
验证集形状: (87495, 10)
测试集形状: (87495, 10)
特征维度: 10
异常比例（行级）:
- 训练集: 原始 4.40% -> 现有 0.00%
- 验证集: 2.97%
- 测试集: 4.20%
	speed: 0.0269s/iter; left time: 325.2049s
	speed: 0.0223s/iter; left time: 266.9840s
	speed: 0.0222s/iter; left time: 263.8783s
	speed: 0.0217s/iter; left time: 256.3442s
	speed: 0.0222s/iter; left time: 259.9585s
	speed: 0.0222s/iter; left time: 257.2911s
	speed: 0.0221s/iter; left time: 254.0238s
	speed: 0.0218s/iter; left time: 248.6342s
	speed: 0.0223s/iter; left time: 251.7637s
	speed: 0.0222s/iter; left time: 249.0744s
	speed: 0.0221s/iter; left time: 245.0440s
	speed: 0.0226s/iter; left time: 248.5818s
	speed: 0.0221s/iter; left time: 240.4168s
	speed: 0.0226s/iter; left time: 244.4217s
	speed: 0.0224s/iter; left time: 239.8672s
	speed: 0.0220s/iter; left time: 232.8952s
	speed: 0.0219s/iter; left time: 229.6347s
	speed: 0.0219s/iter; left time: 227.8708s
	speed: 0.0220s/iter; left time: 226.8461s
	speed: 0.0218s/iter; left time: 222.5924s
	speed: 0.0221s/iter; left time: 223.5913s
	speed: 0.0202s/iter; left time: 202.2550s
	speed: 0.0195s/iter; left time: 192.7380s
	speed: 0.0195s/iter; left time: 190.9893s
	speed: 0.0192s/iter; left time: 186.2468s
	speed: 0.0197s/iter; left time: 188.9664s
	speed: 0.0196s/iter; left time: 185.6926s
	speed: 0.0199s/iter; left time: 186.6573s
	speed: 0.0194s/iter; left time: 180.3912s
	speed: 0.0192s/iter; left time: 176.6260s
	speed: 0.0198s/iter; left time: 179.9644s
	speed: 0.0222s/iter; left time: 199.3294s
	speed: 0.0246s/iter; left time: 218.7638s
	speed: 0.0283s/iter; left time: 248.9209s
	speed: 0.0285s/iter; left time: 247.8965s
	speed: 0.0282s/iter; left time: 242.1660s
	speed: 0.0277s/iter; left time: 235.5548s
	speed: 0.0284s/iter; left time: 238.3193s
	speed: 0.0285s/iter; left time: 236.1352s
	speed: 0.0286s/iter; left time: 234.0597s
	speed: 0.0281s/iter; left time: 227.3416s
	speed: 0.0283s/iter; left time: 226.6890s
	speed: 0.0283s/iter; left time: 223.3138s
	speed: 0.0283s/iter; left time: 220.4483s
	speed: 0.0284s/iter; left time: 218.3064s
	speed: 0.0280s/iter; left time: 212.5627s
	speed: 0.0281s/iter; left time: 210.3210s
	speed: 0.0278s/iter; left time: 205.9330s
	speed: 0.0270s/iter; left time: 197.3277s
	speed: 0.0275s/iter; left time: 197.9297s
	speed: 0.0269s/iter; left time: 191.0082s
	speed: 0.0270s/iter; left time: 188.9129s
	speed: 0.0252s/iter; left time: 173.8316s
	speed: 0.0252s/iter; left time: 171.5261s
	speed: 0.0256s/iter; left time: 171.6673s
	speed: 0.0256s/iter; left time: 168.6041s
	speed: 0.0360s/iter; left time: 234.1773s
	speed: 0.0327s/iter; left time: 209.4899s
	speed: 0.0269s/iter; left time: 169.7017s
	speed: 0.0292s/iter; left time: 180.8383s
	speed: 0.0332s/iter; left time: 202.5296s
	speed: 0.0331s/iter; left time: 198.7685s
	speed: 0.0331s/iter; left time: 195.5112s
	speed: 0.0333s/iter; left time: 193.2353s
	speed: 0.0333s/iter; left time: 189.8903s
	speed: 0.0331s/iter; left time: 185.4490s
	speed: 0.0332s/iter; left time: 182.4539s
	speed: 0.0331s/iter; left time: 178.8432s
	speed: 0.0333s/iter; left time: 176.4874s
	speed: 0.0333s/iter; left time: 173.2065s
	speed: 0.0332s/iter; left time: 169.3479s
	speed: 0.0334s/iter; left time: 166.7500s
	speed: 0.0333s/iter; left time: 163.0622s
	speed: 0.0333s/iter; left time: 159.8104s
	speed: 0.0331s/iter; left time: 155.4815s
	speed: 0.0333s/iter; left time: 152.8910s
	speed: 0.0334s/iter; left time: 150.3154s
	speed: 0.0332s/iter; left time: 146.1274s
	speed: 0.0338s/iter; left time: 145.1513s
	speed: 0.0335s/iter; left time: 140.5401s
	speed: 0.0332s/iter; left time: 136.0584s
	speed: 0.0333s/iter; left time: 133.1501s
	speed: 0.0335s/iter; left time: 130.5298s
	speed: 0.0339s/iter; left time: 128.8389s
	speed: 0.0342s/iter; left time: 126.4590s
	speed: 0.0340s/iter; left time: 122.3097s
	speed: 0.0339s/iter; left time: 118.7425s
	speed: 0.0337s/iter; left time: 114.4508s
	speed: 0.0342s/iter; left time: 112.7401s
	speed: 0.0333s/iter; left time: 106.4876s
	speed: 0.0339s/iter; left time: 105.0871s
	speed: 0.0337s/iter; left time: 100.9970s
	speed: 0.0342s/iter; left time: 99.1390s
	speed: 0.0343s/iter; left time: 95.8603s
	speed: 0.0343s/iter; left time: 92.4266s
	speed: 0.0340s/iter; left time: 88.2078s
	speed: 0.0345s/iter; left time: 86.1575s
	speed: 0.0339s/iter; left time: 81.2074s
	speed: 0.0336s/iter; left time: 77.1554s
	speed: 0.0340s/iter; left time: 74.7716s
	speed: 0.0337s/iter; left time: 70.6682s
	speed: 0.0334s/iter; left time: 66.7593s
	speed: 0.0339s/iter; left time: 64.3284s
	speed: 0.0339s/iter; left time: 60.8822s
	speed: 0.0342s/iter; left time: 58.0415s
	speed: 0.0340s/iter; left time: 54.4075s
	speed: 0.0341s/iter; left time: 51.1028s
	speed: 0.0344s/iter; left time: 48.1253s
	speed: 0.0337s/iter; left time: 43.7427s
	speed: 0.0342s/iter; left time: 40.9984s
	speed: 0.0343s/iter; left time: 37.6511s
	speed: 0.0332s/iter; left time: 33.1427s
	speed: 0.0343s/iter; left time: 30.8319s
	speed: 0.0337s/iter; left time: 26.8673s
	speed: 0.0342s/iter; left time: 23.8813s
	speed: 0.0342s/iter; left time: 20.4588s
	speed: 0.0341s/iter; left time: 16.9618s
	speed: 0.0341s/iter; left time: 13.5906s
	speed: 0.0340s/iter; left time: 10.1342s
	speed: 0.0337s/iter; left time: 6.6702s
	speed: 0.0341s/iter; left time: 3.3450s
2025-11-13 18:08:20,024 - INFO - 训练完成!
2025-11-13 18:08:20,024 - INFO - 开始测试模型...
Epoch: 1, Cost time: 443.448s 
Loading checkpoint from: checkpoints2_patch_size_analysis/ring_patch_size3,6_20251113_180052/Ring_cleaned_1minut_20250928_170147_checkpoint_2025-11-13_18-08-20/model.pth
Threshold : 0.7732163667678833
2025-11-13 18:13:20,832 - INFO - 测试完成!
pa_accuracy           : 0.9545
pa_precision          : 0.4691
pa_recall             : 0.6069
pa_f_score            : 0.5292
MCC_score             : 0.5103
Affiliation precision : 0.5397
Affiliation recall    : 0.8045
R_AUC_ROC             : 0.6491
R_AUC_PR              : 0.4695
VUS_ROC               : 0.6533
VUS_PR                : 0.4683
Accuracy : 0.9545, Precision : 0.4691, Recall : 0.6069, F-score : 0.5292 
Test results saved to: checkpoints2_patch_size_analysis/ring_patch_size3,6_20251113_180052/Ring_cleaned_1minut_20250928_170147_checkpoint_2025-11-13_18-08-20/result.json
/home/wanting/KDD2023-DCdetector/venv/lib/python3.12/site-packages/tsfresh/__init__.py:12: UserWarning: pkg_resources is deprecated as an API. See https://setuptools.pypa.io/en/latest/pkg_resources.html. The pkg_resources package is slated for removal as early as 2025-11-30. Refrain from using this package or pin to Setuptools<81.
  import pkg_resources
2025-11-13 18:13:23,501 - INFO - 开始使用自定义数据集运行DCdetector...
2025-11-13 18:13:23,501 - INFO - 数据集: Custom
2025-11-13 18:13:23,501 - INFO - 输入特征维度: 10
2025-11-13 18:13:23,501 - INFO - 窗口大小: 30
2025-11-13 18:13:23,501 - INFO - 批次大小: 32
2025-11-13 18:13:25,653 - INFO - 开始训练模型...
[onlyNormalData=True] 训练集过滤异常数据: 408309 行 -> 390335 行 (移除 17974 个异常样本)

[PCA降维] 启用
  n_components=10
  PCA前特征维度: 28
  PCA后特征维度: 10
  解释方差比（前10个）: [0.44531896 0.19176419 0.11007933 0.0892243  0.06624989 0.04059656
 0.01873708 0.00939986 0.00887274 0.00681558]
  累积解释方差: 0.9871
  时间点数量: train=390335, val=87495, test=87495 (未改变)
[PCA降维] 完成
数据加载自: dataset/downsampleData_scratch_1minut/ring/Ring_cleaned_1minut_20250928_170147.parquet
训练集形状: (390335, 10)
验证集形状: (87495, 10)
测试集形状: (87495, 10)
特征维度: 10
异常比例（行级）:
- 训练集: 原始 4.40% -> 现有 0.00%
- 验证集: 2.97%
- 测试集: 4.20%
[onlyNormalData=True] 训练集过滤异常数据: 408309 行 -> 390335 行 (移除 17974 个异常样本)

[PCA降维] 启用
  n_components=10
  PCA前特征维度: 28
  PCA后特征维度: 10
  解释方差比（前10个）: [0.44531896 0.19176419 0.11007933 0.0892243  0.06624989 0.04059656
 0.01873708 0.00939986 0.00887274 0.00681558]
  累积解释方差: 0.9871
  时间点数量: train=390335, val=87495, test=87495 (未改变)
[PCA降维] 完成
数据加载自: dataset/downsampleData_scratch_1minut/ring/Ring_cleaned_1minut_20250928_170147.parquet
训练集形状: (390335, 10)
验证集形状: (87495, 10)
测试集形状: (87495, 10)
特征维度: 10
异常比例（行级）:
- 训练集: 原始 4.40% -> 现有 0.00%
- 验证集: 2.97%
- 测试集: 4.20%
[onlyNormalData=True] 训练集过滤异常数据: 408309 行 -> 390335 行 (移除 17974 个异常样本)

[PCA降维] 启用
  n_components=10
  PCA前特征维度: 28
  PCA后特征维度: 10
  解释方差比（前10个）: [0.44531896 0.19176419 0.11007933 0.0892243  0.06624989 0.04059656
 0.01873708 0.00939986 0.00887274 0.00681558]
  累积解释方差: 0.9871
  时间点数量: train=390335, val=87495, test=87495 (未改变)
[PCA降维] 完成
数据加载自: dataset/downsampleData_scratch_1minut/ring/Ring_cleaned_1minut_20250928_170147.parquet
训练集形状: (390335, 10)
验证集形状: (87495, 10)
测试集形状: (87495, 10)
特征维度: 10
异常比例（行级）:
- 训练集: 原始 4.40% -> 现有 0.00%
- 验证集: 2.97%
- 测试集: 4.20%
[onlyNormalData=True] 训练集过滤异常数据: 408309 行 -> 390335 行 (移除 17974 个异常样本)

[PCA降维] 启用
  n_components=10
  PCA前特征维度: 28
  PCA后特征维度: 10
  解释方差比（前10个）: [0.44531896 0.19176419 0.11007933 0.0892243  0.06624989 0.04059656
 0.01873708 0.00939986 0.00887274 0.00681558]
  累积解释方差: 0.9871
  时间点数量: train=390335, val=87495, test=87495 (未改变)
[PCA降维] 完成
数据加载自: dataset/downsampleData_scratch_1minut/ring/Ring_cleaned_1minut_20250928_170147.parquet
训练集形状: (390335, 10)
验证集形状: (87495, 10)
测试集形状: (87495, 10)
特征维度: 10
异常比例（行级）:
- 训练集: 原始 4.40% -> 现有 0.00%
- 验证集: 2.97%
- 测试集: 4.20%
	speed: 0.0328s/iter; left time: 397.1693s
	speed: 0.0269s/iter; left time: 322.4840s
	speed: 0.0277s/iter; left time: 329.0222s
	speed: 0.0278s/iter; left time: 327.8479s
	speed: 0.0272s/iter; left time: 318.4099s
	speed: 0.0273s/iter; left time: 316.8712s
	speed: 0.0272s/iter; left time: 313.1427s
	speed: 0.0277s/iter; left time: 315.1703s
	speed: 0.0276s/iter; left time: 312.0969s
	speed: 0.0273s/iter; left time: 305.9220s
	speed: 0.0275s/iter; left time: 304.9893s
	speed: 0.0275s/iter; left time: 302.3925s
	speed: 0.0271s/iter; left time: 294.8730s
	speed: 0.0272s/iter; left time: 293.3460s
	speed: 0.0274s/iter; left time: 292.8903s
	speed: 0.0253s/iter; left time: 268.5031s
	speed: 0.0246s/iter; left time: 258.7733s
	speed: 0.0242s/iter; left time: 251.8117s
	speed: 0.0247s/iter; left time: 254.2979s
	speed: 0.0242s/iter; left time: 247.1674s
	speed: 0.0246s/iter; left time: 248.7653s
	speed: 0.0244s/iter; left time: 244.3239s
	speed: 0.0254s/iter; left time: 251.3723s
	speed: 0.0267s/iter; left time: 261.4225s
	speed: 0.0296s/iter; left time: 286.9058s
	speed: 0.0315s/iter; left time: 302.6463s
	speed: 0.0310s/iter; left time: 294.3193s
	speed: 0.0310s/iter; left time: 291.8049s
	speed: 0.0312s/iter; left time: 290.5601s
	speed: 0.0312s/iter; left time: 286.7771s
	speed: 0.0314s/iter; left time: 285.4733s
	speed: 0.0313s/iter; left time: 281.7155s
	speed: 0.0312s/iter; left time: 277.3457s
	speed: 0.0318s/iter; left time: 279.6459s
	speed: 0.0312s/iter; left time: 271.4010s
	speed: 0.0311s/iter; left time: 267.0590s
	speed: 0.0313s/iter; left time: 265.5925s
	speed: 0.0313s/iter; left time: 262.8347s
	speed: 0.0313s/iter; left time: 259.6217s
	speed: 0.0314s/iter; left time: 257.3210s
	speed: 0.0316s/iter; left time: 256.0658s
	speed: 0.0312s/iter; left time: 249.4040s
	speed: 0.0312s/iter; left time: 246.6860s
	speed: 0.0313s/iter; left time: 244.2802s
	speed: 0.0313s/iter; left time: 240.8018s
	speed: 0.0317s/iter; left time: 240.6538s
	speed: 0.0315s/iter; left time: 235.9455s
	speed: 0.0307s/iter; left time: 226.8556s
	speed: 0.0266s/iter; left time: 194.2127s
	speed: 0.0271s/iter; left time: 194.7555s
	speed: 0.0271s/iter; left time: 192.4715s
	speed: 0.0267s/iter; left time: 187.1191s
	speed: 0.0267s/iter; left time: 184.2195s
	speed: 0.0265s/iter; left time: 180.3235s
	speed: 0.0270s/iter; left time: 181.1445s
	speed: 0.0266s/iter; left time: 175.8169s
	speed: 0.0266s/iter; left time: 172.8766s
	speed: 0.0267s/iter; left time: 170.8626s
	speed: 0.0267s/iter; left time: 168.4267s
	speed: 0.0269s/iter; left time: 166.8659s
	speed: 0.0264s/iter; left time: 160.8752s
	speed: 0.0264s/iter; left time: 158.5314s
	speed: 0.0266s/iter; left time: 156.6162s
	speed: 0.0267s/iter; left time: 154.7711s
	speed: 0.0267s/iter; left time: 151.9426s
	speed: 0.0263s/iter; left time: 147.2210s
	speed: 0.0265s/iter; left time: 145.5633s
	speed: 0.0243s/iter; left time: 131.3768s
	speed: 0.0239s/iter; left time: 126.5505s
	speed: 0.0240s/iter; left time: 124.6370s
	speed: 0.0247s/iter; left time: 125.9060s
	speed: 0.0241s/iter; left time: 120.5435s
	speed: 0.0244s/iter; left time: 119.5216s
	speed: 0.0244s/iter; left time: 117.2316s
	speed: 0.0264s/iter; left time: 124.0576s
	speed: 0.0284s/iter; left time: 130.4019s
	speed: 0.0308s/iter; left time: 138.4175s
	speed: 0.0303s/iter; left time: 133.0808s
	speed: 0.0304s/iter; left time: 130.7286s
	speed: 0.0279s/iter; left time: 116.9349s
	speed: 0.0263s/iter; left time: 107.6059s
	speed: 0.0263s/iter; left time: 105.3471s
	speed: 0.0266s/iter; left time: 103.7025s
	speed: 0.0264s/iter; left time: 100.2997s
	speed: 0.0266s/iter; left time: 98.3235s
	speed: 0.0268s/iter; left time: 96.3622s
	speed: 0.0277s/iter; left time: 97.0134s
	speed: 0.0296s/iter; left time: 100.7040s
	speed: 0.0306s/iter; left time: 101.0813s
	speed: 0.0307s/iter; left time: 98.0559s
	speed: 0.0306s/iter; left time: 94.6500s
	speed: 0.0306s/iter; left time: 91.6985s
	speed: 0.0304s/iter; left time: 88.1651s
	speed: 0.0305s/iter; left time: 85.4707s
	speed: 0.0306s/iter; left time: 82.6855s
	speed: 0.0307s/iter; left time: 79.7692s
	speed: 0.0307s/iter; left time: 76.5689s
	speed: 0.0307s/iter; left time: 73.6372s
	speed: 0.0308s/iter; left time: 70.7717s
	speed: 0.0306s/iter; left time: 67.3115s
	speed: 0.0308s/iter; left time: 64.5612s
	speed: 0.0307s/iter; left time: 61.3923s
	speed: 0.0305s/iter; left time: 57.9396s
	speed: 0.0307s/iter; left time: 55.2165s
	speed: 0.0307s/iter; left time: 52.0837s
	speed: 0.0307s/iter; left time: 48.9791s
	speed: 0.0308s/iter; left time: 46.0641s
	speed: 0.0306s/iter; left time: 42.7742s
	speed: 0.0305s/iter; left time: 39.6410s
	speed: 0.0307s/iter; left time: 36.7574s
	speed: 0.0306s/iter; left time: 33.5812s
	speed: 0.0308s/iter; left time: 30.7226s
	speed: 0.0307s/iter; left time: 27.5713s
	speed: 0.0308s/iter; left time: 24.5391s
	speed: 0.0306s/iter; left time: 21.3850s
	speed: 0.0302s/iter; left time: 18.0643s
	speed: 0.0305s/iter; left time: 15.1858s
	speed: 0.0305s/iter; left time: 12.1215s
	speed: 0.0303s/iter; left time: 9.0346s
	speed: 0.0306s/iter; left time: 6.0681s
	speed: 0.0306s/iter; left time: 2.9946s
2025-11-13 18:20:30,000 - INFO - 训练完成!
2025-11-13 18:20:30,000 - INFO - 开始测试模型...
Epoch: 1, Cost time: 424.320s 
Loading checkpoint from: checkpoints2_patch_size_analysis/ring_patch_size3,6,10_20251113_181321/Ring_cleaned_1minut_20250928_170147_checkpoint_2025-11-13_18-20-29/model.pth
Threshold : 0.3385718762874603
2025-11-13 18:25:01,150 - INFO - 测试完成!
pa_accuracy           : 0.9563
pa_precision          : 0.4834
pa_recall             : 0.5609
pa_f_score            : 0.5193
MCC_score             : 0.4980
Affiliation precision : 0.5493
Affiliation recall    : 0.7395
R_AUC_ROC             : 0.6418
R_AUC_PR              : 0.4704
VUS_ROC               : 0.6412
VUS_PR                : 0.4640
Accuracy : 0.9563, Precision : 0.4834, Recall : 0.5609, F-score : 0.5193 
Test results saved to: checkpoints2_patch_size_analysis/ring_patch_size3,6,10_20251113_181321/Ring_cleaned_1minut_20250928_170147_checkpoint_2025-11-13_18-20-29/result.json

================================================================================
ANOMALY TRANSFORMER - PARAMETER ANALYSIS
================================================================================
Parameter to analyze: patch_size
Parameter values: ['3', '3,6', '3,6,10', '3,6,10,15']
Datasets: ['contact', 'ring', 'pcb']
Fixed parameters: {'num_epochs': 1, 'batch_size': 32, 'lr': 0.0001, 'win_size': 30, 'n_heads': 1, 'e_layers': 3, 'patch_size': '3,6,10', 'anormly_ratio': 3.0}
================================================================================

Working directory: /home/wanting/KDD2023-DCdetector


Starting experiments...

################################################################################
# Experiment 1/12
# Dataset: contact, patch_size: 3
################################################################################


================================================================================
Running: contact | patch_size=3
================================================================================
Command: python run_custom_dataset.py --dataset Custom --data_path dataset/downsampleData_scratch_1minut/contact/contact_cleaned_1minut_20250928_172122.parquet --num_epochs 1 --win_size 30 --batch_size 32 --mode train --input_c 10 --output_c 10 --lr 0.0001 --anormly_ratio 3.0 --index 0 --patience 3 --patch_size 3 --n_heads 1 --d_model 256 --e_layers 3 --d_ff 512 --activation gelu --output_attention True --model_save_path checkpoints2_patch_size_analysis/contact_patch_size3_20251113_171017
================================================================================


✓ Results: Precision=0.5529, Recall=0.7391, F-score=0.6325

################################################################################
# Experiment 2/12
# Dataset: contact, patch_size: 3,6
################################################################################


================================================================================
Running: contact | patch_size=3,6
================================================================================
Command: python run_custom_dataset.py --dataset Custom --data_path dataset/downsampleData_scratch_1minut/contact/contact_cleaned_1minut_20250928_172122.parquet --num_epochs 1 --win_size 30 --batch_size 32 --mode train --input_c 10 --output_c 10 --lr 0.0001 --anormly_ratio 3.0 --index 0 --patience 3 --patch_size 3,6 --n_heads 1 --d_model 256 --e_layers 3 --d_ff 512 --activation gelu --output_attention True --model_save_path checkpoints2_patch_size_analysis/contact_patch_size3,6_20251113_171709
================================================================================


✓ Results: Precision=0.5455, Recall=0.6779, F-score=0.6045

################################################################################
# Experiment 3/12
# Dataset: contact, patch_size: 3,6,10
################################################################################


================================================================================
Running: contact | patch_size=3,6,10
================================================================================
Command: python run_custom_dataset.py --dataset Custom --data_path dataset/downsampleData_scratch_1minut/contact/contact_cleaned_1minut_20250928_172122.parquet --num_epochs 1 --win_size 30 --batch_size 32 --mode train --input_c 10 --output_c 10 --lr 0.0001 --anormly_ratio 3.0 --index 0 --patience 3 --patch_size 3,6,10 --n_heads 1 --d_model 256 --e_layers 3 --d_ff 512 --activation gelu --output_attention True --model_save_path checkpoints2_patch_size_analysis/contact_patch_size3,6,10_20251113_172504
================================================================================


✓ Results: Precision=0.5166, Recall=0.6065, F-score=0.5579

################################################################################
# Experiment 4/12
# Dataset: contact, patch_size: 3,6,10,15
################################################################################


================================================================================
Running: contact | patch_size=3,6,10,15
================================================================================
Command: python run_custom_dataset.py --dataset Custom --data_path dataset/downsampleData_scratch_1minut/contact/contact_cleaned_1minut_20250928_172122.parquet --num_epochs 1 --win_size 30 --batch_size 32 --mode train --input_c 10 --output_c 10 --lr 0.0001 --anormly_ratio 3.0 --index 0 --patience 3 --patch_size 3,6,10,15 --n_heads 1 --d_model 256 --e_layers 3 --d_ff 512 --activation gelu --output_attention True --model_save_path checkpoints2_patch_size_analysis/contact_patch_size3,6,10,15_20251113_173820
================================================================================


✓ Results: Precision=0.5372, Recall=0.6315, F-score=0.5806

################################################################################
# Experiment 5/12
# Dataset: ring, patch_size: 3
################################################################################


================================================================================
Running: ring | patch_size=3
================================================================================
Command: python run_custom_dataset.py --dataset Custom --data_path dataset/downsampleData_scratch_1minut/ring/Ring_cleaned_1minut_20250928_170147.parquet --num_epochs 1 --win_size 30 --batch_size 32 --mode train --input_c 10 --output_c 10 --lr 0.0001 --anormly_ratio 3.0 --index 0 --patience 3 --patch_size 3 --n_heads 1 --d_model 256 --e_layers 3 --d_ff 512 --activation gelu --output_attention True --model_save_path checkpoints2_patch_size_analysis/ring_patch_size3_20251113_175045
================================================================================


✓ Results: Precision=0.4529, Recall=0.4709, F-score=0.4617

################################################################################
# Experiment 6/12
# Dataset: ring, patch_size: 3,6
################################################################################


================================================================================
Running: ring | patch_size=3,6
================================================================================
Command: python run_custom_dataset.py --dataset Custom --data_path dataset/downsampleData_scratch_1minut/ring/Ring_cleaned_1minut_20250928_170147.parquet --num_epochs 1 --win_size 30 --batch_size 32 --mode train --input_c 10 --output_c 10 --lr 0.0001 --anormly_ratio 3.0 --index 0 --patience 3 --patch_size 3,6 --n_heads 1 --d_model 256 --e_layers 3 --d_ff 512 --activation gelu --output_attention True --model_save_path checkpoints2_patch_size_analysis/ring_patch_size3,6_20251113_180052
================================================================================


✓ Results: Precision=0.4691, Recall=0.6069, F-score=0.5292

################################################################################
# Experiment 7/12
# Dataset: ring, patch_size: 3,6,10
################################################################################


================================================================================
Running: ring | patch_size=3,6,10
================================================================================
Command: python run_custom_dataset.py --dataset Custom --data_path dataset/downsampleData_scratch_1minut/ring/Ring_cleaned_1minut_20250928_170147.parquet --num_epochs 1 --win_size 30 --batch_size 32 --mode train --input_c 10 --output_c 10 --lr 0.0001 --anormly_ratio 3.0 --index 0 --patience 3 --patch_size 3,6,10 --n_heads 1 --d_model 256 --e_layers 3 --d_ff 512 --activation gelu --output_attention True --model_save_path checkpoints2_patch_size_analysis/ring_patch_size3,6,10_20251113_181321
================================================================================


✓ Results: Precision=0.4834, Recall=0.5609, F-score=0.5193

################################################################################
# Experiment 8/12
# Dataset: ring, patch_size: 3,6,10,15
/home/wanting/KDD2023-DCdetector/venv/lib/python3.12/site-packages/tsfresh/__init__.py:12: UserWarning: pkg_resources is deprecated as an API. See https://setuptools.pypa.io/en/latest/pkg_resources.html. The pkg_resources package is slated for removal as early as 2025-11-30. Refrain from using this package or pin to Setuptools<81.
  import pkg_resources
2025-11-13 18:25:03,734 - INFO - 开始使用自定义数据集运行DCdetector...
2025-11-13 18:25:03,734 - INFO - 数据集: Custom
2025-11-13 18:25:03,734 - INFO - 输入特征维度: 10
2025-11-13 18:25:03,734 - INFO - 窗口大小: 30
2025-11-13 18:25:03,734 - INFO - 批次大小: 32
2025-11-13 18:25:05,966 - INFO - 开始训练模型...
[onlyNormalData=True] 训练集过滤异常数据: 408309 行 -> 390335 行 (移除 17974 个异常样本)

[PCA降维] 启用
  n_components=10
  PCA前特征维度: 28
  PCA后特征维度: 10
  解释方差比（前10个）: [0.44531896 0.19176419 0.11007933 0.0892243  0.06624989 0.04059656
 0.01873708 0.00939986 0.00887274 0.00681558]
  累积解释方差: 0.9871
  时间点数量: train=390335, val=87495, test=87495 (未改变)
[PCA降维] 完成
数据加载自: dataset/downsampleData_scratch_1minut/ring/Ring_cleaned_1minut_20250928_170147.parquet
训练集形状: (390335, 10)
验证集形状: (87495, 10)
测试集形状: (87495, 10)
特征维度: 10
异常比例（行级）:
- 训练集: 原始 4.40% -> 现有 0.00%
- 验证集: 2.97%
- 测试集: 4.20%
[onlyNormalData=True] 训练集过滤异常数据: 408309 行 -> 390335 行 (移除 17974 个异常样本)

[PCA降维] 启用
  n_components=10
  PCA前特征维度: 28
  PCA后特征维度: 10
  解释方差比（前10个）: [0.44531896 0.19176419 0.11007933 0.0892243  0.06624989 0.04059656
 0.01873708 0.00939986 0.00887274 0.00681558]
  累积解释方差: 0.9871
  时间点数量: train=390335, val=87495, test=87495 (未改变)
[PCA降维] 完成
数据加载自: dataset/downsampleData_scratch_1minut/ring/Ring_cleaned_1minut_20250928_170147.parquet
训练集形状: (390335, 10)
验证集形状: (87495, 10)
测试集形状: (87495, 10)
特征维度: 10
异常比例（行级）:
- 训练集: 原始 4.40% -> 现有 0.00%
- 验证集: 2.97%
- 测试集: 4.20%
[onlyNormalData=True] 训练集过滤异常数据: 408309 行 -> 390335 行 (移除 17974 个异常样本)

[PCA降维] 启用
  n_components=10
  PCA前特征维度: 28
  PCA后特征维度: 10
  解释方差比（前10个）: [0.44531896 0.19176419 0.11007933 0.0892243  0.06624989 0.04059656
 0.01873708 0.00939986 0.00887274 0.00681558]
  累积解释方差: 0.9871
  时间点数量: train=390335, val=87495, test=87495 (未改变)
[PCA降维] 完成
数据加载自: dataset/downsampleData_scratch_1minut/ring/Ring_cleaned_1minut_20250928_170147.parquet
训练集形状: (390335, 10)
验证集形状: (87495, 10)
测试集形状: (87495, 10)
特征维度: 10
异常比例（行级）:
- 训练集: 原始 4.40% -> 现有 0.00%
- 验证集: 2.97%
- 测试集: 4.20%
[onlyNormalData=True] 训练集过滤异常数据: 408309 行 -> 390335 行 (移除 17974 个异常样本)

[PCA降维] 启用
  n_components=10
  PCA前特征维度: 28
  PCA后特征维度: 10
  解释方差比（前10个）: [0.44531896 0.19176419 0.11007933 0.0892243  0.06624989 0.04059656
 0.01873708 0.00939986 0.00887274 0.00681558]
  累积解释方差: 0.9871
  时间点数量: train=390335, val=87495, test=87495 (未改变)
[PCA降维] 完成
数据加载自: dataset/downsampleData_scratch_1minut/ring/Ring_cleaned_1minut_20250928_170147.parquet
训练集形状: (390335, 10)
验证集形状: (87495, 10)
测试集形状: (87495, 10)
特征维度: 10
异常比例（行级）:
- 训练集: 原始 4.40% -> 现有 0.00%
- 验证集: 2.97%
- 测试集: 4.20%
	speed: 0.0395s/iter; left time: 477.9827s
	speed: 0.0343s/iter; left time: 411.3404s
	speed: 0.0345s/iter; left time: 409.9609s
	speed: 0.0343s/iter; left time: 404.3438s
	speed: 0.0342s/iter; left time: 400.2275s
	speed: 0.0342s/iter; left time: 396.6757s
	speed: 0.0343s/iter; left time: 393.8267s
	speed: 0.0344s/iter; left time: 391.5623s
	speed: 0.0343s/iter; left time: 387.3706s
	speed: 0.0342s/iter; left time: 383.4904s
	speed: 0.0343s/iter; left time: 381.1614s
	speed: 0.0344s/iter; left time: 378.0971s
	speed: 0.0338s/iter; left time: 368.3890s
	speed: 0.0326s/iter; left time: 351.8648s
	speed: 0.0304s/iter; left time: 324.9244s
	speed: 0.0304s/iter; left time: 322.1915s
	speed: 0.0304s/iter; left time: 319.5896s
	speed: 0.0304s/iter; left time: 316.5873s
	speed: 0.0304s/iter; left time: 312.5840s
	speed: 0.0330s/iter; left time: 337.0023s
	speed: 0.0347s/iter; left time: 350.5360s
	speed: 0.0355s/iter; left time: 355.1534s
	speed: 0.0372s/iter; left time: 368.5425s
	speed: 0.0366s/iter; left time: 358.5375s
	speed: 0.0369s/iter; left time: 357.7383s
	speed: 0.0369s/iter; left time: 353.8236s
	speed: 0.0357s/iter; left time: 339.3060s
	speed: 0.0362s/iter; left time: 340.0065s
	speed: 0.0357s/iter; left time: 332.2074s
	speed: 0.0374s/iter; left time: 343.5844s
	speed: 0.0360s/iter; left time: 327.2962s
	speed: 0.0358s/iter; left time: 322.0693s
	speed: 0.0335s/iter; left time: 298.3441s
	speed: 0.0301s/iter; left time: 264.7267s
	speed: 0.0295s/iter; left time: 256.6459s
	speed: 0.0293s/iter; left time: 252.2984s
	speed: 0.0304s/iter; left time: 258.0313s
	speed: 0.0303s/iter; left time: 254.1197s
	speed: 0.0302s/iter; left time: 250.9425s
	speed: 0.0298s/iter; left time: 243.9468s
	speed: 0.0298s/iter; left time: 241.4124s
	speed: 0.0303s/iter; left time: 241.9761s
	speed: 0.0296s/iter; left time: 234.1215s
	speed: 0.0298s/iter; left time: 232.3746s
	speed: 0.0284s/iter; left time: 218.8939s
	speed: 0.0273s/iter; left time: 207.2703s
	speed: 0.0283s/iter; left time: 212.1746s
	speed: 0.0280s/iter; left time: 206.7799s
	speed: 0.0282s/iter; left time: 205.5106s
	speed: 0.0288s/iter; left time: 207.0813s
	speed: 0.0283s/iter; left time: 201.0736s
	speed: 0.0315s/iter; left time: 220.3557s
	speed: 0.0348s/iter; left time: 240.3329s
	speed: 0.0353s/iter; left time: 240.0798s
	speed: 0.0347s/iter; left time: 232.6189s
	speed: 0.0343s/iter; left time: 226.3495s
	speed: 0.0356s/iter; left time: 231.3603s
	speed: 0.0359s/iter; left time: 229.3851s
	speed: 0.0362s/iter; left time: 227.9977s
	speed: 0.0361s/iter; left time: 223.7945s
	speed: 0.0353s/iter; left time: 215.4482s
	speed: 0.0363s/iter; left time: 217.9620s
	speed: 0.0350s/iter; left time: 206.6584s
	speed: 0.0357s/iter; left time: 206.7073s
	speed: 0.0358s/iter; left time: 204.0233s
	speed: 0.0357s/iter; left time: 199.8257s
	speed: 0.0339s/iter; left time: 186.6426s
	speed: 0.0323s/iter; left time: 174.1656s
	speed: 0.0318s/iter; left time: 168.4803s
	speed: 0.0316s/iter; left time: 164.0086s
	speed: 0.0314s/iter; left time: 159.8919s
	speed: 0.0317s/iter; left time: 158.5078s
	speed: 0.0350s/iter; left time: 171.5521s
	speed: 0.0408s/iter; left time: 195.5430s
	speed: 0.0410s/iter; left time: 192.4123s
	speed: 0.0403s/iter; left time: 185.5228s
	speed: 0.0406s/iter; left time: 182.8187s
	speed: 0.0414s/iter; left time: 182.1051s
	speed: 0.0407s/iter; left time: 174.7567s
	speed: 0.0406s/iter; left time: 170.5009s
	speed: 0.0399s/iter; left time: 163.4665s
	speed: 0.0415s/iter; left time: 166.0502s
	speed: 0.0415s/iter; left time: 161.7206s
	speed: 0.0406s/iter; left time: 154.2899s
	speed: 0.0412s/iter; left time: 152.3913s
	speed: 0.0406s/iter; left time: 146.1528s
	speed: 0.0396s/iter; left time: 138.3583s
	speed: 0.0407s/iter; left time: 138.2872s
	speed: 0.0407s/iter; left time: 134.3263s
	speed: 0.0408s/iter; left time: 130.3525s
	speed: 0.0410s/iter; left time: 126.8677s
	speed: 0.0403s/iter; left time: 120.6860s
	speed: 0.0416s/iter; left time: 120.5656s
	speed: 0.0414s/iter; left time: 115.7142s
	speed: 0.0419s/iter; left time: 113.1376s
	speed: 0.0414s/iter; left time: 107.4662s
	speed: 0.0415s/iter; left time: 103.6577s
	speed: 0.0411s/iter; left time: 98.5953s
	speed: 0.0413s/iter; left time: 94.9898s
	speed: 0.0408s/iter; left time: 89.7730s
	speed: 0.0410s/iter; left time: 85.9890s
	speed: 0.0417s/iter; left time: 83.2685s
	speed: 0.0412s/iter; left time: 78.1274s
	speed: 0.0410s/iter; left time: 73.6388s
	speed: 0.0409s/iter; left time: 69.3938s
	speed: 0.0414s/iter; left time: 66.1316s
	speed: 0.0420s/iter; left time: 62.9724s
	speed: 0.0415s/iter; left time: 58.0134s
	speed: 0.0410s/iter; left time: 53.1616s
	speed: 0.0411s/iter; left time: 49.1814s
	speed: 0.0411s/iter; left time: 45.1466s
	speed: 0.0406s/iter; left time: 40.5204s
	speed: 0.0413s/iter; left time: 37.0818s
	speed: 0.0411s/iter; left time: 32.8338s
	speed: 0.0418s/iter; left time: 29.1750s
	speed: 0.0409s/iter; left time: 24.4488s
	speed: 0.0405s/iter; left time: 20.1741s
	speed: 0.0411s/iter; left time: 16.3536s
	speed: 0.0405s/iter; left time: 12.0802s
	speed: 0.0413s/iter; left time: 8.1743s
	speed: 0.0413s/iter; left time: 4.0518s
2025-11-13 18:33:51,005 - INFO - 训练完成!
2025-11-13 18:33:51,005 - INFO - 开始测试模型...
Epoch: 1, Cost time: 525.009s 
Loading checkpoint from: checkpoints2_patch_size_analysis/ring_patch_size3,6,10,15_20251113_182501/Ring_cleaned_1minut_20250928_170147_checkpoint_2025-11-13_18-33-50/model.pth
Threshold : 0.3414767384529114
2025-11-13 18:38:10,535 - INFO - 测试完成!
pa_accuracy           : 0.9511
pa_precision          : 0.4400
pa_recall             : 0.5900
pa_f_score            : 0.5041
MCC_score             : 0.4846
Affiliation precision : 0.5223
Affiliation recall    : 0.7442
R_AUC_ROC             : 0.6453
R_AUC_PR              : 0.4531
VUS_ROC               : 0.6451
VUS_PR                : 0.4477
Accuracy : 0.9511, Precision : 0.4400, Recall : 0.5900, F-score : 0.5041 
Test results saved to: checkpoints2_patch_size_analysis/ring_patch_size3,6,10,15_20251113_182501/Ring_cleaned_1minut_20250928_170147_checkpoint_2025-11-13_18-33-50/result.json
/home/wanting/KDD2023-DCdetector/venv/lib/python3.12/site-packages/tsfresh/__init__.py:12: UserWarning: pkg_resources is deprecated as an API. See https://setuptools.pypa.io/en/latest/pkg_resources.html. The pkg_resources package is slated for removal as early as 2025-11-30. Refrain from using this package or pin to Setuptools<81.
  import pkg_resources
2025-11-13 18:38:13,217 - INFO - 开始使用自定义数据集运行DCdetector...
2025-11-13 18:38:13,217 - INFO - 数据集: Custom
2025-11-13 18:38:13,217 - INFO - 输入特征维度: 10
2025-11-13 18:38:13,217 - INFO - 窗口大小: 30
2025-11-13 18:38:13,217 - INFO - 批次大小: 32
2025-11-13 18:38:15,650 - INFO - 开始训练模型...
[onlyNormalData=True] 训练集过滤异常数据: 408340 行 -> 391922 行 (移除 16418 个异常样本)

[PCA降维] 启用
  n_components=10
  PCA前特征维度: 31
  PCA后特征维度: 10
  解释方差比（前10个）: [0.32616914 0.16267314 0.1372184  0.11142357 0.06736721 0.04779601
 0.02843967 0.0252639  0.02060194 0.01696907]
  累积解释方差: 0.9439
  时间点数量: train=391922, val=87502, test=87502 (未改变)
[PCA降维] 完成
数据加载自: dataset/downsampleData_scratch_1minut/pcb/pcb_cleaned_1minut_20250928_161509.parquet
训练集形状: (391922, 10)
验证集形状: (87502, 10)
测试集形状: (87502, 10)
特征维度: 10
异常比例（行级）:
- 训练集: 原始 4.02% -> 现有 0.00%
- 验证集: 1.52%
- 测试集: 2.10%
[onlyNormalData=True] 训练集过滤异常数据: 408340 行 -> 391922 行 (移除 16418 个异常样本)

[PCA降维] 启用
  n_components=10
  PCA前特征维度: 31
  PCA后特征维度: 10
  解释方差比（前10个）: [0.32616914 0.16267314 0.1372184  0.11142357 0.06736721 0.04779601
 0.02843967 0.0252639  0.02060194 0.01696907]
  累积解释方差: 0.9439
  时间点数量: train=391922, val=87502, test=87502 (未改变)
[PCA降维] 完成
数据加载自: dataset/downsampleData_scratch_1minut/pcb/pcb_cleaned_1minut_20250928_161509.parquet
训练集形状: (391922, 10)
验证集形状: (87502, 10)
测试集形状: (87502, 10)
特征维度: 10
异常比例（行级）:
- 训练集: 原始 4.02% -> 现有 0.00%
- 验证集: 1.52%
- 测试集: 2.10%
[onlyNormalData=True] 训练集过滤异常数据: 408340 行 -> 391922 行 (移除 16418 个异常样本)

[PCA降维] 启用
  n_components=10
  PCA前特征维度: 31
  PCA后特征维度: 10
  解释方差比（前10个）: [0.32616914 0.16267314 0.1372184  0.11142357 0.06736721 0.04779601
 0.02843967 0.0252639  0.02060194 0.01696907]
  累积解释方差: 0.9439
  时间点数量: train=391922, val=87502, test=87502 (未改变)
[PCA降维] 完成
数据加载自: dataset/downsampleData_scratch_1minut/pcb/pcb_cleaned_1minut_20250928_161509.parquet
训练集形状: (391922, 10)
验证集形状: (87502, 10)
测试集形状: (87502, 10)
特征维度: 10
异常比例（行级）:
- 训练集: 原始 4.02% -> 现有 0.00%
- 验证集: 1.52%
- 测试集: 2.10%
[onlyNormalData=True] 训练集过滤异常数据: 408340 行 -> 391922 行 (移除 16418 个异常样本)

[PCA降维] 启用
  n_components=10
  PCA前特征维度: 31
  PCA后特征维度: 10
  解释方差比（前10个）: [0.32616914 0.16267314 0.1372184  0.11142357 0.06736721 0.04779601
 0.02843967 0.0252639  0.02060194 0.01696907]
  累积解释方差: 0.9439
  时间点数量: train=391922, val=87502, test=87502 (未改变)
[PCA降维] 完成
数据加载自: dataset/downsampleData_scratch_1minut/pcb/pcb_cleaned_1minut_20250928_161509.parquet
训练集形状: (391922, 10)
验证集形状: (87502, 10)
测试集形状: (87502, 10)
特征维度: 10
异常比例（行级）:
- 训练集: 原始 4.02% -> 现有 0.00%
- 验证集: 1.52%
- 测试集: 2.10%
	speed: 0.0154s/iter; left time: 186.9400s
	speed: 0.0104s/iter; left time: 124.9354s
	speed: 0.0105s/iter; left time: 124.8578s
	speed: 0.0103s/iter; left time: 121.6563s
	speed: 0.0106s/iter; left time: 124.9668s
	speed: 0.0103s/iter; left time: 119.6074s
	speed: 0.0104s/iter; left time: 119.7210s
	speed: 0.0103s/iter; left time: 118.2608s
	speed: 0.0102s/iter; left time: 116.2567s
	speed: 0.0105s/iter; left time: 117.7346s
	speed: 0.0113s/iter; left time: 126.0066s
	speed: 0.0112s/iter; left time: 123.5537s
	speed: 0.0106s/iter; left time: 116.1459s
	speed: 0.0125s/iter; left time: 135.3642s
	speed: 0.0128s/iter; left time: 138.0489s
	speed: 0.0149s/iter; left time: 158.4344s
	speed: 0.0166s/iter; left time: 174.9238s
	speed: 0.0165s/iter; left time: 172.5897s
	speed: 0.0170s/iter; left time: 176.0024s
	speed: 0.0170s/iter; left time: 173.8822s
	speed: 0.0168s/iter; left time: 170.4062s
	speed: 0.0171s/iter; left time: 171.3670s
	speed: 0.0169s/iter; left time: 167.6433s
	speed: 0.0161s/iter; left time: 158.0771s
	speed: 0.0145s/iter; left time: 140.8890s
	speed: 0.0149s/iter; left time: 143.5757s
	speed: 0.0147s/iter; left time: 140.5514s
	speed: 0.0146s/iter; left time: 138.2611s
	speed: 0.0147s/iter; left time: 137.3290s
	speed: 0.0144s/iter; left time: 133.1396s
	speed: 0.0140s/iter; left time: 128.2786s
	speed: 0.0143s/iter; left time: 129.1285s
	speed: 0.0145s/iter; left time: 129.5662s
	speed: 0.0142s/iter; left time: 125.4286s
	speed: 0.0140s/iter; left time: 122.3912s
	speed: 0.0137s/iter; left time: 118.5603s
	speed: 0.0166s/iter; left time: 141.7576s
	speed: 0.0167s/iter; left time: 140.7399s
	speed: 0.0220s/iter; left time: 183.3211s
	speed: 0.0215s/iter; left time: 177.1007s
	speed: 0.0218s/iter; left time: 177.8090s
	speed: 0.0216s/iter; left time: 174.1492s
	speed: 0.0216s/iter; left time: 171.4115s
	speed: 0.0217s/iter; left time: 170.5873s
	speed: 0.0216s/iter; left time: 167.4643s
	speed: 0.0216s/iter; left time: 164.9603s
	speed: 0.0217s/iter; left time: 163.4287s
	speed: 0.0218s/iter; left time: 162.6688s
	speed: 0.0222s/iter; left time: 162.9369s
	speed: 0.0222s/iter; left time: 160.5424s
	speed: 0.0215s/iter; left time: 153.8341s
	speed: 0.0220s/iter; left time: 154.8748s
	speed: 0.0204s/iter; left time: 141.6078s
	speed: 0.0198s/iter; left time: 135.2974s
	speed: 0.0199s/iter; left time: 134.1338s
	speed: 0.0197s/iter; left time: 131.1595s
	speed: 0.0197s/iter; left time: 128.7401s
	speed: 0.0198s/iter; left time: 127.7458s
	speed: 0.0197s/iter; left time: 124.8677s
	speed: 0.0198s/iter; left time: 123.8521s
	speed: 0.0202s/iter; left time: 124.0231s
	speed: 0.0197s/iter; left time: 118.9599s
	speed: 0.0201s/iter; left time: 119.3289s
	speed: 0.0241s/iter; left time: 140.7224s
	speed: 0.0260s/iter; left time: 149.4513s
	speed: 0.0262s/iter; left time: 147.8978s
	speed: 0.0264s/iter; left time: 146.2724s
	speed: 0.0266s/iter; left time: 144.7620s
	speed: 0.0256s/iter; left time: 137.1435s
	speed: 0.0255s/iter; left time: 133.9318s
	speed: 0.0266s/iter; left time: 137.1029s
	speed: 0.0266s/iter; left time: 134.2856s
	speed: 0.0260s/iter; left time: 128.8603s
	speed: 0.0264s/iter; left time: 127.9786s
	speed: 0.0260s/iter; left time: 123.5562s
	speed: 0.0263s/iter; left time: 122.0949s
	speed: 0.0271s/iter; left time: 123.2227s
	speed: 0.0259s/iter; left time: 115.0320s
	speed: 0.0270s/iter; left time: 117.1920s
	speed: 0.0266s/iter; left time: 113.1135s
	speed: 0.0264s/iter; left time: 109.4211s
	speed: 0.0267s/iter; left time: 108.0290s
	speed: 0.0261s/iter; left time: 102.9255s
	speed: 0.0261s/iter; left time: 100.4371s
	speed: 0.0265s/iter; left time: 99.3519s
	speed: 0.0267s/iter; left time: 97.4806s
	speed: 0.0258s/iter; left time: 91.5252s
	speed: 0.0261s/iter; left time: 89.9735s
	speed: 0.0262s/iter; left time: 87.6736s
	speed: 0.0264s/iter; left time: 85.7834s
	speed: 0.0262s/iter; left time: 82.4377s
	speed: 0.0265s/iter; left time: 80.6219s
	speed: 0.0263s/iter; left time: 77.5589s
	speed: 0.0262s/iter; left time: 74.6697s
	speed: 0.0267s/iter; left time: 73.4452s
	speed: 0.0261s/iter; left time: 69.0429s
	speed: 0.0262s/iter; left time: 66.6943s
	speed: 0.0268s/iter; left time: 65.6670s
	speed: 0.0264s/iter; left time: 62.0013s
	speed: 0.0264s/iter; left time: 59.3406s
	speed: 0.0257s/iter; left time: 55.0726s
	speed: 0.0262s/iter; left time: 53.6825s
	speed: 0.0260s/iter; left time: 50.7034s
	speed: 0.0265s/iter; left time: 48.9001s
	speed: 0.0263s/iter; left time: 45.8725s
	speed: 0.0265s/iter; left time: 43.5643s
	speed: 0.0269s/iter; left time: 41.5380s
	speed: 0.0264s/iter; left time: 38.2310s
	speed: 0.0260s/iter; left time: 35.0392s
	speed: 0.0259s/iter; left time: 32.3578s
	speed: 0.0262s/iter; left time: 30.1039s
	speed: 0.0260s/iter; left time: 27.2133s
	speed: 0.0266s/iter; left time: 25.1437s
	speed: 0.0260s/iter; left time: 22.0021s
	speed: 0.0264s/iter; left time: 19.7414s
	speed: 0.0260s/iter; left time: 16.8159s
	speed: 0.0270s/iter; left time: 14.7874s
	speed: 0.0265s/iter; left time: 11.8314s
	speed: 0.0259s/iter; left time: 9.0005s
	speed: 0.0264s/iter; left time: 6.5113s
	speed: 0.0260s/iter; left time: 3.8274s
	speed: 0.0259s/iter; left time: 1.2166s
2025-11-13 18:43:54,623 - INFO - 训练完成!
2025-11-13 18:43:54,623 - INFO - 开始测试模型...
Epoch: 1, Cost time: 338.960s 
Loading checkpoint from: checkpoints2_patch_size_analysis/pcb_patch_size3_20251113_183811/pcb_cleaned_1minut_20250928_161509_checkpoint_2025-11-13_18-43-54/model.pth
Threshold : 0.35483568072319027
2025-11-13 18:48:23,236 - INFO - 测试完成!
pa_accuracy           : 0.9573
pa_precision          : 0.2491
pa_recall             : 0.5114
pa_f_score            : 0.3351
MCC_score             : 0.3377
Affiliation precision : 0.5093
Affiliation recall    : 0.8723
R_AUC_ROC             : 0.6062
R_AUC_PR              : 0.3112
VUS_ROC               : 0.6058
VUS_PR                : 0.3061
Accuracy : 0.9573, Precision : 0.2491, Recall : 0.5114, F-score : 0.3351 
Test results saved to: checkpoints2_patch_size_analysis/pcb_patch_size3_20251113_183811/pcb_cleaned_1minut_20250928_161509_checkpoint_2025-11-13_18-43-54/result.json
/home/wanting/KDD2023-DCdetector/venv/lib/python3.12/site-packages/tsfresh/__init__.py:12: UserWarning: pkg_resources is deprecated as an API. See https://setuptools.pypa.io/en/latest/pkg_resources.html. The pkg_resources package is slated for removal as early as 2025-11-30. Refrain from using this package or pin to Setuptools<81.
  import pkg_resources
2025-11-13 18:48:25,887 - INFO - 开始使用自定义数据集运行DCdetector...
2025-11-13 18:48:25,887 - INFO - 数据集: Custom
2025-11-13 18:48:25,887 - INFO - 输入特征维度: 10
2025-11-13 18:48:25,887 - INFO - 窗口大小: 30
2025-11-13 18:48:25,887 - INFO - 批次大小: 32
2025-11-13 18:48:28,276 - INFO - 开始训练模型...
[onlyNormalData=True] 训练集过滤异常数据: 408340 行 -> 391922 行 (移除 16418 个异常样本)

[PCA降维] 启用
  n_components=10
  PCA前特征维度: 31
  PCA后特征维度: 10
  解释方差比（前10个）: [0.32616914 0.16267314 0.1372184  0.11142357 0.06736721 0.04779601
 0.02843967 0.0252639  0.02060194 0.01696907]
  累积解释方差: 0.9439
  时间点数量: train=391922, val=87502, test=87502 (未改变)
[PCA降维] 完成
数据加载自: dataset/downsampleData_scratch_1minut/pcb/pcb_cleaned_1minut_20250928_161509.parquet
训练集形状: (391922, 10)
验证集形状: (87502, 10)
测试集形状: (87502, 10)
特征维度: 10
异常比例（行级）:
- 训练集: 原始 4.02% -> 现有 0.00%
- 验证集: 1.52%
- 测试集: 2.10%
[onlyNormalData=True] 训练集过滤异常数据: 408340 行 -> 391922 行 (移除 16418 个异常样本)

[PCA降维] 启用
  n_components=10
  PCA前特征维度: 31
  PCA后特征维度: 10
  解释方差比（前10个）: [0.32616914 0.16267314 0.1372184  0.11142357 0.06736721 0.04779601
 0.02843967 0.0252639  0.02060194 0.01696907]
  累积解释方差: 0.9439
  时间点数量: train=391922, val=87502, test=87502 (未改变)
[PCA降维] 完成
数据加载自: dataset/downsampleData_scratch_1minut/pcb/pcb_cleaned_1minut_20250928_161509.parquet
训练集形状: (391922, 10)
验证集形状: (87502, 10)
测试集形状: (87502, 10)
特征维度: 10
异常比例（行级）:
- 训练集: 原始 4.02% -> 现有 0.00%
- 验证集: 1.52%
- 测试集: 2.10%
[onlyNormalData=True] 训练集过滤异常数据: 408340 行 -> 391922 行 (移除 16418 个异常样本)

[PCA降维] 启用
  n_components=10
  PCA前特征维度: 31
  PCA后特征维度: 10
  解释方差比（前10个）: [0.32616914 0.16267314 0.1372184  0.11142357 0.06736721 0.04779601
 0.02843967 0.0252639  0.02060194 0.01696907]
  累积解释方差: 0.9439
  时间点数量: train=391922, val=87502, test=87502 (未改变)
[PCA降维] 完成
数据加载自: dataset/downsampleData_scratch_1minut/pcb/pcb_cleaned_1minut_20250928_161509.parquet
训练集形状: (391922, 10)
验证集形状: (87502, 10)
测试集形状: (87502, 10)
特征维度: 10
异常比例（行级）:
- 训练集: 原始 4.02% -> 现有 0.00%
- 验证集: 1.52%
- 测试集: 2.10%
[onlyNormalData=True] 训练集过滤异常数据: 408340 行 -> 391922 行 (移除 16418 个异常样本)

[PCA降维] 启用
  n_components=10
  PCA前特征维度: 31
  PCA后特征维度: 10
  解释方差比（前10个）: [0.32616914 0.16267314 0.1372184  0.11142357 0.06736721 0.04779601
 0.02843967 0.0252639  0.02060194 0.01696907]
  累积解释方差: 0.9439
  时间点数量: train=391922, val=87502, test=87502 (未改变)
[PCA降维] 完成
数据加载自: dataset/downsampleData_scratch_1minut/pcb/pcb_cleaned_1minut_20250928_161509.parquet
训练集形状: (391922, 10)
验证集形状: (87502, 10)
测试集形状: (87502, 10)
特征维度: 10
异常比例（行级）:
- 训练集: 原始 4.02% -> 现有 0.00%
- 验证集: 1.52%
- 测试集: 2.10%
	speed: 0.0262s/iter; left time: 317.6684s
	speed: 0.0209s/iter; left time: 252.2738s
	speed: 0.0216s/iter; left time: 258.2000s
	speed: 0.0209s/iter; left time: 247.0603s
	speed: 0.0209s/iter; left time: 245.7291s
	speed: 0.0209s/iter; left time: 242.8425s
	speed: 0.0208s/iter; left time: 239.8225s
	speed: 0.0208s/iter; left time: 237.9252s
	speed: 0.0207s/iter; left time: 235.2158s
	speed: 0.0212s/iter; left time: 238.2760s
	speed: 0.0209s/iter; left time: 232.9017s
	speed: 0.0211s/iter; left time: 232.8588s
	speed: 0.0212s/iter; left time: 231.8775s
	speed: 0.0208s/iter; left time: 225.5724s
	speed: 0.0211s/iter; left time: 227.1549s
	speed: 0.0208s/iter; left time: 221.6561s
	speed: 0.0211s/iter; left time: 222.8814s
	speed: 0.0210s/iter; left time: 219.3214s
	speed: 0.0211s/iter; left time: 218.0263s
	speed: 0.0211s/iter; left time: 215.8336s
	speed: 0.0208s/iter; left time: 211.0020s
	speed: 0.0210s/iter; left time: 211.3600s
	speed: 0.0213s/iter; left time: 211.4221s
	speed: 0.0212s/iter; left time: 208.9685s
	speed: 0.0213s/iter; left time: 207.4315s
	speed: 0.0210s/iter; left time: 202.4733s
	speed: 0.0211s/iter; left time: 201.7685s
	speed: 0.0211s/iter; left time: 199.3345s
	speed: 0.0207s/iter; left time: 193.3576s
	speed: 0.0210s/iter; left time: 194.0332s
	speed: 0.0196s/iter; left time: 179.5090s
	speed: 0.0192s/iter; left time: 174.0591s
	speed: 0.0188s/iter; left time: 168.4096s
	speed: 0.0189s/iter; left time: 167.3983s
	speed: 0.0191s/iter; left time: 167.4423s
	speed: 0.0192s/iter; left time: 165.8767s
	speed: 0.0177s/iter; left time: 150.9548s
	speed: 0.0144s/iter; left time: 121.7269s
	speed: 0.0148s/iter; left time: 123.5355s
	speed: 0.0154s/iter; left time: 126.6717s
	speed: 0.0151s/iter; left time: 122.7756s
	speed: 0.0183s/iter; left time: 147.2123s
	speed: 0.0176s/iter; left time: 139.5681s
	speed: 0.0217s/iter; left time: 170.5262s
	speed: 0.0220s/iter; left time: 170.1382s
	speed: 0.0218s/iter; left time: 166.8978s
	speed: 0.0220s/iter; left time: 165.7765s
	speed: 0.0221s/iter; left time: 164.3200s
	speed: 0.0220s/iter; left time: 161.5893s
	speed: 0.0221s/iter; left time: 159.8636s
	speed: 0.0218s/iter; left time: 155.9715s
	speed: 0.0225s/iter; left time: 158.5258s
	speed: 0.0219s/iter; left time: 151.9814s
	speed: 0.0219s/iter; left time: 149.7786s
	speed: 0.0219s/iter; left time: 147.6607s
	speed: 0.0219s/iter; left time: 145.5521s
	speed: 0.0216s/iter; left time: 141.7089s
	speed: 0.0219s/iter; left time: 141.0008s
	speed: 0.0221s/iter; left time: 140.3277s
	speed: 0.0220s/iter; left time: 137.1367s
	speed: 0.0219s/iter; left time: 134.9113s
	speed: 0.0219s/iter; left time: 132.3137s
	speed: 0.0220s/iter; left time: 130.7224s
	speed: 0.0222s/iter; left time: 130.0103s
	speed: 0.0220s/iter; left time: 126.4854s
	speed: 0.0221s/iter; left time: 125.0796s
	speed: 0.0209s/iter; left time: 116.0119s
	speed: 0.0209s/iter; left time: 113.9723s
	speed: 0.0193s/iter; left time: 103.3030s
	speed: 0.0191s/iter; left time: 100.1029s
	speed: 0.0186s/iter; left time: 95.6562s
	speed: 0.0195s/iter; left time: 98.5992s
	speed: 0.0177s/iter; left time: 87.5692s
	speed: 0.0175s/iter; left time: 84.8185s
	speed: 0.0175s/iter; left time: 82.8515s
	speed: 0.0173s/iter; left time: 80.5004s
	speed: 0.0178s/iter; left time: 80.7966s
	speed: 0.0178s/iter; left time: 79.1254s
	speed: 0.0206s/iter; left time: 89.3456s
	speed: 0.0217s/iter; left time: 92.3246s
	speed: 0.0233s/iter; left time: 96.6603s
	speed: 0.0233s/iter; left time: 94.1317s
	speed: 0.0244s/iter; left time: 96.1222s
	speed: 0.0331s/iter; left time: 127.2547s
	speed: 0.0328s/iter; left time: 122.9739s
	speed: 0.0325s/iter; left time: 118.5296s
	speed: 0.0331s/iter; left time: 117.2608s
	speed: 0.0337s/iter; left time: 116.2328s
	speed: 0.0334s/iter; left time: 111.8127s
	speed: 0.0322s/iter; left time: 104.3923s
	speed: 0.0318s/iter; left time: 100.1158s
	speed: 0.0317s/iter; left time: 96.5943s
	speed: 0.0318s/iter; left time: 93.6084s
	speed: 0.0312s/iter; left time: 88.8866s
	speed: 0.0330s/iter; left time: 90.5172s
	speed: 0.0330s/iter; left time: 87.3916s
	speed: 0.0322s/iter; left time: 82.0374s
	speed: 0.0338s/iter; left time: 82.7338s
	speed: 0.0313s/iter; left time: 73.4485s
	speed: 0.0320s/iter; left time: 71.8562s
	speed: 0.0336s/iter; left time: 72.0680s
	speed: 0.0327s/iter; left time: 66.8640s
	speed: 0.0315s/iter; left time: 61.3045s
	speed: 0.0315s/iter; left time: 58.1383s
	speed: 0.0333s/iter; left time: 58.1679s
	speed: 0.0316s/iter; left time: 52.1121s
	speed: 0.0331s/iter; left time: 51.2754s
	speed: 0.0311s/iter; left time: 44.9515s
	speed: 0.0321s/iter; left time: 43.2454s
	speed: 0.0324s/iter; left time: 40.3940s
	speed: 0.0320s/iter; left time: 36.6885s
	speed: 0.0324s/iter; left time: 33.9029s
	speed: 0.0313s/iter; left time: 29.6402s
	speed: 0.0334s/iter; left time: 28.2823s
	speed: 0.0318s/iter; left time: 23.7622s
	speed: 0.0318s/iter; left time: 20.5601s
	speed: 0.0327s/iter; left time: 17.8697s
	speed: 0.0331s/iter; left time: 14.7943s
	speed: 0.0332s/iter; left time: 11.5337s
	speed: 0.0306s/iter; left time: 7.5612s
	speed: 0.0319s/iter; left time: 4.6875s
	speed: 0.0328s/iter; left time: 1.5419s
2025-11-13 18:54:28,348 - INFO - 训练完成!
2025-11-13 18:54:28,348 - INFO - 开始测试模型...
Epoch: 1, Cost time: 360.050s 
Loading checkpoint from: checkpoints2_patch_size_analysis/pcb_patch_size3,6_20251113_184823/pcb_cleaned_1minut_20250928_161509_checkpoint_2025-11-13_18-54-28/model.pth
Threshold : 0.8626412153244019
2025-11-13 18:59:13,566 - INFO - 测试完成!
pa_accuracy           : 0.9624
pa_precision          : 0.3052
pa_recall             : 0.6176
pa_f_score            : 0.4085
MCC_score             : 0.4175
Affiliation precision : 0.5126
Affiliation recall    : 0.8896
R_AUC_ROC             : 0.6202
R_AUC_PR              : 0.3471
VUS_ROC               : 0.6275
VUS_PR                : 0.3503
Accuracy : 0.9624, Precision : 0.3052, Recall : 0.6176, F-score : 0.4085 
Test results saved to: checkpoints2_patch_size_analysis/pcb_patch_size3,6_20251113_184823/pcb_cleaned_1minut_20250928_161509_checkpoint_2025-11-13_18-54-28/result.json
/home/wanting/KDD2023-DCdetector/venv/lib/python3.12/site-packages/tsfresh/__init__.py:12: UserWarning: pkg_resources is deprecated as an API. See https://setuptools.pypa.io/en/latest/pkg_resources.html. The pkg_resources package is slated for removal as early as 2025-11-30. Refrain from using this package or pin to Setuptools<81.
  import pkg_resources
2025-11-13 18:59:17,265 - INFO - 开始使用自定义数据集运行DCdetector...
2025-11-13 18:59:17,265 - INFO - 数据集: Custom
2025-11-13 18:59:17,265 - INFO - 输入特征维度: 10
2025-11-13 18:59:17,265 - INFO - 窗口大小: 30
2025-11-13 18:59:17,265 - INFO - 批次大小: 32
2025-11-13 18:59:20,968 - INFO - 开始训练模型...
[onlyNormalData=True] 训练集过滤异常数据: 408340 行 -> 391922 行 (移除 16418 个异常样本)

[PCA降维] 启用
  n_components=10
  PCA前特征维度: 31
  PCA后特征维度: 10
  解释方差比（前10个）: [0.32616914 0.16267314 0.1372184  0.11142357 0.06736721 0.04779601
 0.02843967 0.0252639  0.02060194 0.01696907]
  累积解释方差: 0.9439
  时间点数量: train=391922, val=87502, test=87502 (未改变)
[PCA降维] 完成
数据加载自: dataset/downsampleData_scratch_1minut/pcb/pcb_cleaned_1minut_20250928_161509.parquet
训练集形状: (391922, 10)
验证集形状: (87502, 10)
测试集形状: (87502, 10)
特征维度: 10
异常比例（行级）:
- 训练集: 原始 4.02% -> 现有 0.00%
- 验证集: 1.52%
- 测试集: 2.10%
[onlyNormalData=True] 训练集过滤异常数据: 408340 行 -> 391922 行 (移除 16418 个异常样本)

[PCA降维] 启用
  n_components=10
  PCA前特征维度: 31
  PCA后特征维度: 10
  解释方差比（前10个）: [0.32616914 0.16267314 0.1372184  0.11142357 0.06736721 0.04779601
 0.02843967 0.0252639  0.02060194 0.01696907]
  累积解释方差: 0.9439
  时间点数量: train=391922, val=87502, test=87502 (未改变)
[PCA降维] 完成
数据加载自: dataset/downsampleData_scratch_1minut/pcb/pcb_cleaned_1minut_20250928_161509.parquet
训练集形状: (391922, 10)
验证集形状: (87502, 10)
测试集形状: (87502, 10)
特征维度: 10
异常比例（行级）:
- 训练集: 原始 4.02% -> 现有 0.00%
- 验证集: 1.52%
- 测试集: 2.10%
[onlyNormalData=True] 训练集过滤异常数据: 408340 行 -> 391922 行 (移除 16418 个异常样本)

[PCA降维] 启用
  n_components=10
  PCA前特征维度: 31
  PCA后特征维度: 10
  解释方差比（前10个）: [0.32616914 0.16267314 0.1372184  0.11142357 0.06736721 0.04779601
 0.02843967 0.0252639  0.02060194 0.01696907]
  累积解释方差: 0.9439
  时间点数量: train=391922, val=87502, test=87502 (未改变)
[PCA降维] 完成
数据加载自: dataset/downsampleData_scratch_1minut/pcb/pcb_cleaned_1minut_20250928_161509.parquet
训练集形状: (391922, 10)
验证集形状: (87502, 10)
测试集形状: (87502, 10)
特征维度: 10
异常比例（行级）:
- 训练集: 原始 4.02% -> 现有 0.00%
- 验证集: 1.52%
- 测试集: 2.10%
[onlyNormalData=True] 训练集过滤异常数据: 408340 行 -> 391922 行 (移除 16418 个异常样本)

[PCA降维] 启用
  n_components=10
  PCA前特征维度: 31
  PCA后特征维度: 10
  解释方差比（前10个）: [0.32616914 0.16267314 0.1372184  0.11142357 0.06736721 0.04779601
 0.02843967 0.0252639  0.02060194 0.01696907]
  累积解释方差: 0.9439
  时间点数量: train=391922, val=87502, test=87502 (未改变)
[PCA降维] 完成
数据加载自: dataset/downsampleData_scratch_1minut/pcb/pcb_cleaned_1minut_20250928_161509.parquet
训练集形状: (391922, 10)
验证集形状: (87502, 10)
测试集形状: (87502, 10)
特征维度: 10
异常比例（行级）:
- 训练集: 原始 4.02% -> 现有 0.00%
- 验证集: 1.52%
- 测试集: 2.10%
	speed: 0.0434s/iter; left time: 527.3794s
	speed: 0.0361s/iter; left time: 435.4638s
	speed: 0.0362s/iter; left time: 432.6038s
	speed: 0.0357s/iter; left time: 423.2618s
	speed: 0.0363s/iter; left time: 426.2553s
	speed: 0.0376s/iter; left time: 437.7794s
	speed: 0.0394s/iter; left time: 455.4948s
	speed: 0.0379s/iter; left time: 433.6920s
	speed: 0.0365s/iter; left time: 414.0433s
	speed: 0.0387s/iter; left time: 434.8261s
	speed: 0.0382s/iter; left time: 426.1932s
	speed: 0.0394s/iter; left time: 434.9527s
	speed: 0.0379s/iter; left time: 414.6075s
	speed: 0.0379s/iter; left time: 410.8961s
	speed: 0.0377s/iter; left time: 405.2707s
	speed: 0.0391s/iter; left time: 415.9005s
	speed: 0.0387s/iter; left time: 407.9631s
	speed: 0.0380s/iter; left time: 397.0500s
	speed: 0.0398s/iter; left time: 412.3036s
	speed: 0.0379s/iter; left time: 388.6620s
	speed: 0.0380s/iter; left time: 385.8280s
	speed: 0.0373s/iter; left time: 374.2539s
	speed: 0.0387s/iter; left time: 385.0282s
	speed: 0.0382s/iter; left time: 376.4495s
	speed: 0.0387s/iter; left time: 377.2909s
	speed: 0.0383s/iter; left time: 369.3646s
	speed: 0.0385s/iter; left time: 367.5032s
	speed: 0.0387s/iter; left time: 365.3537s
	speed: 0.0375s/iter; left time: 350.6403s
	speed: 0.0387s/iter; left time: 358.0513s
	speed: 0.0369s/iter; left time: 337.2491s
	speed: 0.0387s/iter; left time: 349.9173s
	speed: 0.0389s/iter; left time: 348.4624s
	speed: 0.0380s/iter; left time: 336.1150s
	speed: 0.0365s/iter; left time: 319.6710s
	speed: 0.0350s/iter; left time: 302.4797s
	speed: 0.0389s/iter; left time: 332.2431s
	speed: 0.0378s/iter; left time: 318.9994s
	speed: 0.0386s/iter; left time: 321.8731s
	speed: 0.0363s/iter; left time: 298.9962s
	speed: 0.0381s/iter; left time: 310.0990s
	speed: 0.0371s/iter; left time: 298.2378s
	speed: 0.0371s/iter; left time: 294.9887s
	speed: 0.0400s/iter; left time: 313.7392s
	speed: 0.0367s/iter; left time: 284.3428s
	speed: 0.0349s/iter; left time: 267.0228s
	speed: 0.0386s/iter; left time: 291.2336s
	speed: 0.0391s/iter; left time: 291.1089s
	speed: 0.0384s/iter; left time: 282.0083s
	speed: 0.0390s/iter; left time: 282.4515s
	speed: 0.0405s/iter; left time: 289.5485s
	speed: 0.0396s/iter; left time: 279.2036s
	speed: 0.0387s/iter; left time: 268.5183s
	speed: 0.0372s/iter; left time: 254.4572s
	speed: 0.0379s/iter; left time: 255.4309s
	speed: 0.0364s/iter; left time: 242.1326s
	speed: 0.0369s/iter; left time: 241.4697s
	speed: 0.0362s/iter; left time: 233.1474s
	speed: 0.0370s/iter; left time: 234.6753s
	speed: 0.0367s/iter; left time: 229.4968s
	speed: 0.0361s/iter; left time: 222.0771s
	speed: 0.0365s/iter; left time: 220.9354s
	speed: 0.0365s/iter; left time: 216.8329s
	speed: 0.0353s/iter; left time: 206.2614s
	speed: 0.0361s/iter; left time: 207.7215s
	speed: 0.0415s/iter; left time: 234.2430s
	speed: 0.0400s/iter; left time: 221.7437s
	speed: 0.0397s/iter; left time: 216.0617s
	speed: 0.0403s/iter; left time: 215.5691s
	speed: 0.0376s/iter; left time: 197.0251s
	speed: 0.0383s/iter; left time: 197.0688s
	speed: 0.0372s/iter; left time: 187.7534s
	speed: 0.0372s/iter; left time: 184.1187s
	speed: 0.0369s/iter; left time: 179.0573s
	speed: 0.0399s/iter; left time: 189.5601s
	speed: 0.0368s/iter; left time: 171.2182s
	speed: 0.0373s/iter; left time: 169.6952s
	speed: 0.0383s/iter; left time: 170.3938s
	speed: 0.0371s/iter; left time: 161.0567s
	speed: 0.0383s/iter; left time: 162.8007s
	speed: 0.0384s/iter; left time: 159.4369s
	speed: 0.0391s/iter; left time: 158.1229s
	speed: 0.0355s/iter; left time: 140.0311s
	speed: 0.0320s/iter; left time: 122.9218s
	speed: 0.0320s/iter; left time: 119.8646s
	speed: 0.0343s/iter; left time: 125.1978s
	speed: 0.0356s/iter; left time: 126.4313s
	speed: 0.0329s/iter; left time: 113.5549s
	speed: 0.0308s/iter; left time: 103.2478s
	speed: 0.0308s/iter; left time: 99.9543s
	speed: 0.0317s/iter; left time: 99.8685s
	speed: 0.0311s/iter; left time: 94.6364s
	speed: 0.0320s/iter; left time: 94.3335s
	speed: 0.0352s/iter; left time: 100.2730s
	speed: 0.1160s/iter; left time: 318.6089s
	speed: 0.0365s/iter; left time: 96.7039s
	speed: 0.0334s/iter; left time: 85.0979s
	speed: 0.0312s/iter; left time: 76.4170s
	speed: 0.0313s/iter; left time: 73.3447s
	speed: 0.0312s/iter; left time: 70.1410s
	speed: 0.0313s/iter; left time: 67.2835s
	speed: 0.0312s/iter; left time: 63.9519s
	speed: 0.0312s/iter; left time: 60.8257s
	speed: 0.0313s/iter; left time: 57.8202s
	speed: 0.0311s/iter; left time: 54.3824s
	speed: 0.0313s/iter; left time: 51.5526s
	speed: 0.0314s/iter; left time: 48.5838s
	speed: 0.0313s/iter; left time: 45.2986s
	speed: 0.0311s/iter; left time: 41.8462s
	speed: 0.0313s/iter; left time: 38.9904s
	speed: 0.0312s/iter; left time: 35.7808s
	speed: 0.0312s/iter; left time: 32.6817s
	speed: 0.0311s/iter; left time: 29.4754s
	speed: 0.0315s/iter; left time: 26.6731s
	speed: 0.0313s/iter; left time: 23.3590s
	speed: 0.0313s/iter; left time: 20.2758s
	speed: 0.0312s/iter; left time: 17.0837s
	speed: 0.0312s/iter; left time: 13.9516s
	speed: 0.0312s/iter; left time: 10.8431s
	speed: 0.0312s/iter; left time: 7.7019s
	speed: 0.0314s/iter; left time: 4.6099s
	speed: 0.0313s/iter; left time: 1.4690s
2025-11-13 19:08:04,729 - INFO - 训练完成!
2025-11-13 19:08:04,729 - INFO - 开始测试模型...
Epoch: 1, Cost time: 523.731s 
Loading checkpoint from: checkpoints2_patch_size_analysis/pcb_patch_size3,6,10_20251113_185914/pcb_cleaned_1minut_20250928_161509_checkpoint_2025-11-13_19-08-04/model.pth
Threshold : 0.33809003233909607
2025-11-13 19:12:50,910 - INFO - 测试完成!
pa_accuracy           : 0.9590
pa_precision          : 0.2668
pa_recall             : 0.5430
pa_f_score            : 0.3578
MCC_score             : 0.3622
Affiliation precision : 0.5194
Affiliation recall    : 0.8947
R_AUC_ROC             : 0.6099
R_AUC_PR              : 0.3213
VUS_ROC               : 0.6140
VUS_PR                : 0.3216
Accuracy : 0.9590, Precision : 0.2668, Recall : 0.5430, F-score : 0.3578 
Test results saved to: checkpoints2_patch_size_analysis/pcb_patch_size3,6,10_20251113_185914/pcb_cleaned_1minut_20250928_161509_checkpoint_2025-11-13_19-08-04/result.json
/home/wanting/KDD2023-DCdetector/venv/lib/python3.12/site-packages/tsfresh/__init__.py:12: UserWarning: pkg_resources is deprecated as an API. See https://setuptools.pypa.io/en/latest/pkg_resources.html. The pkg_resources package is slated for removal as early as 2025-11-30. Refrain from using this package or pin to Setuptools<81.
  import pkg_resources
2025-11-13 19:12:53,491 - INFO - 开始使用自定义数据集运行DCdetector...
2025-11-13 19:12:53,491 - INFO - 数据集: Custom
2025-11-13 19:12:53,491 - INFO - 输入特征维度: 10
2025-11-13 19:12:53,491 - INFO - 窗口大小: 30
2025-11-13 19:12:53,491 - INFO - 批次大小: 32
2025-11-13 19:12:55,842 - INFO - 开始训练模型...
[onlyNormalData=True] 训练集过滤异常数据: 408340 行 -> 391922 行 (移除 16418 个异常样本)

[PCA降维] 启用
  n_components=10
  PCA前特征维度: 31
  PCA后特征维度: 10
  解释方差比（前10个）: [0.32616914 0.16267314 0.1372184  0.11142357 0.06736721 0.04779601
 0.02843967 0.0252639  0.02060194 0.01696907]
  累积解释方差: 0.9439
  时间点数量: train=391922, val=87502, test=87502 (未改变)
[PCA降维] 完成
数据加载自: dataset/downsampleData_scratch_1minut/pcb/pcb_cleaned_1minut_20250928_161509.parquet
训练集形状: (391922, 10)
验证集形状: (87502, 10)
测试集形状: (87502, 10)
特征维度: 10
异常比例（行级）:
- 训练集: 原始 4.02% -> 现有 0.00%
- 验证集: 1.52%
- 测试集: 2.10%
[onlyNormalData=True] 训练集过滤异常数据: 408340 行 -> 391922 行 (移除 16418 个异常样本)

[PCA降维] 启用
  n_components=10
  PCA前特征维度: 31
  PCA后特征维度: 10
  解释方差比（前10个）: [0.32616914 0.16267314 0.1372184  0.11142357 0.06736721 0.04779601
 0.02843967 0.0252639  0.02060194 0.01696907]
  累积解释方差: 0.9439
  时间点数量: train=391922, val=87502, test=87502 (未改变)
[PCA降维] 完成
数据加载自: dataset/downsampleData_scratch_1minut/pcb/pcb_cleaned_1minut_20250928_161509.parquet
训练集形状: (391922, 10)
验证集形状: (87502, 10)
测试集形状: (87502, 10)
特征维度: 10
异常比例（行级）:
- 训练集: 原始 4.02% -> 现有 0.00%
- 验证集: 1.52%
- 测试集: 2.10%
[onlyNormalData=True] 训练集过滤异常数据: 408340 行 -> 391922 行 (移除 16418 个异常样本)

[PCA降维] 启用
  n_components=10
  PCA前特征维度: 31
  PCA后特征维度: 10
  解释方差比（前10个）: [0.32616914 0.16267314 0.1372184  0.11142357 0.06736721 0.04779601
 0.02843967 0.0252639  0.02060194 0.01696907]
  累积解释方差: 0.9439
  时间点数量: train=391922, val=87502, test=87502 (未改变)
[PCA降维] 完成
数据加载自: dataset/downsampleData_scratch_1minut/pcb/pcb_cleaned_1minut_20250928_161509.parquet
训练集形状: (391922, 10)
验证集形状: (87502, 10)
测试集形状: (87502, 10)
特征维度: 10
异常比例（行级）:
- 训练集: 原始 4.02% -> 现有 0.00%
- 验证集: 1.52%
- 测试集: 2.10%
[onlyNormalData=True] 训练集过滤异常数据: 408340 行 -> 391922 行 (移除 16418 个异常样本)

[PCA降维] 启用
  n_components=10
  PCA前特征维度: 31
  PCA后特征维度: 10
  解释方差比（前10个）: [0.32616914 0.16267314 0.1372184  0.11142357 0.06736721 0.04779601
 0.02843967 0.0252639  0.02060194 0.01696907]
  累积解释方差: 0.9439
  时间点数量: train=391922, val=87502, test=87502 (未改变)
[PCA降维] 完成
数据加载自: dataset/downsampleData_scratch_1minut/pcb/pcb_cleaned_1minut_20250928_161509.parquet
训练集形状: (391922, 10)
验证集形状: (87502, 10)
测试集形状: (87502, 10)
特征维度: 10
异常比例（行级）:
- 训练集: 原始 4.02% -> 现有 0.00%
- 验证集: 1.52%
- 测试集: 2.10%
	speed: 0.0383s/iter; left time: 465.6578s
	speed: 0.0330s/iter; left time: 398.0522s
	speed: 0.0329s/iter; left time: 392.8950s
	speed: 0.0327s/iter; left time: 387.9774s
	speed: 0.0332s/iter; left time: 389.9600s
	speed: 0.0330s/iter; left time: 383.9754s
	speed: 0.0329s/iter; left time: 380.1693s
	speed: 0.0332s/iter; left time: 379.9033s
	speed: 0.0330s/iter; left time: 374.5907s
	speed: 0.0329s/iter; left time: 370.3773s
	speed: 0.0329s/iter; left time: 367.1769s
	speed: 0.0330s/iter; left time: 364.1404s
	speed: 0.0329s/iter; left time: 360.5793s
	speed: 0.0330s/iter; left time: 357.5653s
	speed: 0.0330s/iter; left time: 354.8854s
	speed: 0.0328s/iter; left time: 349.1871s
	speed: 0.0329s/iter; left time: 347.5098s
	speed: 0.0329s/iter; left time: 343.8500s
	speed: 0.0330s/iter; left time: 341.5234s
	speed: 0.0329s/iter; left time: 337.4277s
	speed: 0.0331s/iter; left time: 335.4672s
	speed: 0.0331s/iter; left time: 332.3480s
	speed: 0.0330s/iter; left time: 328.4425s
	speed: 0.0330s/iter; left time: 324.6304s
	speed: 0.0330s/iter; left time: 321.2639s
	speed: 0.0330s/iter; left time: 318.7111s
	speed: 0.0330s/iter; left time: 315.4036s
	speed: 0.0329s/iter; left time: 311.2340s
	speed: 0.0329s/iter; left time: 307.2885s
	speed: 0.0334s/iter; left time: 308.5457s
	speed: 0.0330s/iter; left time: 301.5464s
	speed: 0.0330s/iter; left time: 298.1123s
	speed: 0.0330s/iter; left time: 295.3074s
	speed: 0.0329s/iter; left time: 291.2112s
	speed: 0.0330s/iter; left time: 288.8713s
	speed: 0.0330s/iter; left time: 285.3278s
	speed: 0.0331s/iter; left time: 283.0918s
	speed: 0.0330s/iter; left time: 279.1439s
	speed: 0.0331s/iter; left time: 276.2721s
	speed: 0.0332s/iter; left time: 273.9668s
	speed: 0.0330s/iter; left time: 268.6667s
	speed: 0.0329s/iter; left time: 264.9494s
	speed: 0.0330s/iter; left time: 262.4847s
	speed: 0.0330s/iter; left time: 258.6258s
	speed: 0.0330s/iter; left time: 255.4728s
	speed: 0.0331s/iter; left time: 253.1803s
	speed: 0.0329s/iter; left time: 248.0732s
	speed: 0.0332s/iter; left time: 246.9799s
	speed: 0.0324s/iter; left time: 237.8748s
	speed: 0.0320s/iter; left time: 232.1673s
	speed: 0.0290s/iter; left time: 206.9729s
	speed: 0.0290s/iter; left time: 204.1130s
	speed: 0.0290s/iter; left time: 201.3658s
	speed: 0.0289s/iter; left time: 198.2163s
	speed: 0.0290s/iter; left time: 195.8385s
	speed: 0.0295s/iter; left time: 196.3511s
	speed: 0.0307s/iter; left time: 201.2883s
	speed: 0.0377s/iter; left time: 243.0277s
	speed: 0.0378s/iter; left time: 239.9212s
	speed: 0.0378s/iter; left time: 236.0387s
	speed: 0.0376s/iter; left time: 231.1570s
	speed: 0.0377s/iter; left time: 227.8609s
	speed: 0.0377s/iter; left time: 224.0092s
	speed: 0.0375s/iter; left time: 219.1507s
	speed: 0.0377s/iter; left time: 216.4809s
	speed: 0.0374s/iter; left time: 211.2278s
	speed: 0.0375s/iter; left time: 208.0070s
	speed: 0.0378s/iter; left time: 205.7056s
	speed: 0.0374s/iter; left time: 200.1717s
	speed: 0.0379s/iter; left time: 199.1100s
	speed: 0.0372s/iter; left time: 191.6575s
	speed: 0.0372s/iter; left time: 187.8122s
	speed: 0.0348s/iter; left time: 172.2139s
	speed: 0.0307s/iter; left time: 148.6719s
	speed: 0.0277s/iter; left time: 131.5372s
	speed: 0.0275s/iter; left time: 127.6747s
	speed: 0.0276s/iter; left time: 125.5113s
	speed: 0.0290s/iter; left time: 129.0757s
	speed: 0.0313s/iter; left time: 136.1329s
	speed: 0.0344s/iter; left time: 146.1789s
	speed: 0.0347s/iter; left time: 144.0320s
	speed: 0.0346s/iter; left time: 139.8306s
	speed: 0.0348s/iter; left time: 137.5070s
	speed: 0.0348s/iter; left time: 133.9845s
	speed: 0.0352s/iter; left time: 131.8043s
	speed: 0.0349s/iter; left time: 127.1016s
	speed: 0.0346s/iter; left time: 122.6443s
	speed: 0.0332s/iter; left time: 114.4452s
	speed: 0.0329s/iter; left time: 110.2135s
	speed: 0.0326s/iter; left time: 105.8012s
	speed: 0.0325s/iter; left time: 102.3694s
	speed: 0.0326s/iter; left time: 99.2082s
	speed: 0.0331s/iter; left time: 97.6288s
	speed: 0.0324s/iter; left time: 92.2685s
	speed: 0.0326s/iter; left time: 89.6844s
	speed: 0.0326s/iter; left time: 86.4127s
	speed: 0.0332s/iter; left time: 84.5887s
	speed: 0.0337s/iter; left time: 82.4810s
	speed: 0.0338s/iter; left time: 79.3669s
	speed: 0.0329s/iter; left time: 73.9979s
	speed: 0.0337s/iter; left time: 72.2839s
	speed: 0.0331s/iter; left time: 67.7567s
	speed: 0.0333s/iter; left time: 64.8006s
	speed: 0.0330s/iter; left time: 61.0432s
	speed: 0.0337s/iter; left time: 58.8087s
	speed: 0.0331s/iter; left time: 54.5842s
	speed: 0.0332s/iter; left time: 51.2902s
	speed: 0.0331s/iter; left time: 47.8304s
	speed: 0.0334s/iter; left time: 45.0370s
	speed: 0.0330s/iter; left time: 41.1697s
	speed: 0.0331s/iter; left time: 37.9880s
	speed: 0.0331s/iter; left time: 34.6952s
	speed: 0.0331s/iter; left time: 31.3439s
	speed: 0.0331s/iter; left time: 28.0080s
	speed: 0.0327s/iter; left time: 24.3951s
	speed: 0.0328s/iter; left time: 21.2488s
	speed: 0.0330s/iter; left time: 18.0409s
	speed: 0.0330s/iter; left time: 14.7577s
	speed: 0.0331s/iter; left time: 11.4757s
	speed: 0.0332s/iter; left time: 8.2086s
	speed: 0.0333s/iter; left time: 4.8931s
	speed: 0.0331s/iter; left time: 1.5548s
2025-11-13 19:21:00,177 - INFO - 训练完成!
2025-11-13 19:21:00,177 - INFO - 开始测试模型...
Epoch: 1, Cost time: 484.307s 
Loading checkpoint from: checkpoints2_patch_size_analysis/pcb_patch_size3,6,10,15_20251113_191251/pcb_cleaned_1minut_20250928_161509_checkpoint_2025-11-13_19-21-00/model.pth
Threshold : 0.33964747190475464
2025-11-13 19:25:54,691 - INFO - 测试完成!
pa_accuracy           : 0.9570
pa_precision          : 0.2670
pa_recall             : 0.5991
pa_f_score            : 0.3694
MCC_score             : 0.3815
Affiliation precision : 0.5082
Affiliation recall    : 0.8822
R_AUC_ROC             : 0.6167
R_AUC_PR              : 0.3265
VUS_ROC               : 0.6218
VUS_PR                : 0.3283
Accuracy : 0.9570, Precision : 0.2670, Recall : 0.5991, F-score : 0.3694 
Test results saved to: checkpoints2_patch_size_analysis/pcb_patch_size3,6,10,15_20251113_191251/pcb_cleaned_1minut_20250928_161509_checkpoint_2025-11-13_19-21-00/result.json
################################################################################


================================================================================
Running: ring | patch_size=3,6,10,15
================================================================================
Command: python run_custom_dataset.py --dataset Custom --data_path dataset/downsampleData_scratch_1minut/ring/Ring_cleaned_1minut_20250928_170147.parquet --num_epochs 1 --win_size 30 --batch_size 32 --mode train --input_c 10 --output_c 10 --lr 0.0001 --anormly_ratio 3.0 --index 0 --patience 3 --patch_size 3,6,10,15 --n_heads 1 --d_model 256 --e_layers 3 --d_ff 512 --activation gelu --output_attention True --model_save_path checkpoints2_patch_size_analysis/ring_patch_size3,6,10,15_20251113_182501
================================================================================


✓ Results: Precision=0.4400, Recall=0.5900, F-score=0.5041

################################################################################
# Experiment 9/12
# Dataset: pcb, patch_size: 3
################################################################################


================================================================================
Running: pcb | patch_size=3
================================================================================
Command: python run_custom_dataset.py --dataset Custom --data_path dataset/downsampleData_scratch_1minut/pcb/pcb_cleaned_1minut_20250928_161509.parquet --num_epochs 1 --win_size 30 --batch_size 32 --mode train --input_c 10 --output_c 10 --lr 0.0001 --anormly_ratio 3.0 --index 0 --patience 3 --patch_size 3 --n_heads 1 --d_model 256 --e_layers 3 --d_ff 512 --activation gelu --output_attention True --model_save_path checkpoints2_patch_size_analysis/pcb_patch_size3_20251113_183811
================================================================================


✓ Results: Precision=0.2491, Recall=0.5114, F-score=0.3351

################################################################################
# Experiment 10/12
# Dataset: pcb, patch_size: 3,6
################################################################################


================================================================================
Running: pcb | patch_size=3,6
================================================================================
Command: python run_custom_dataset.py --dataset Custom --data_path dataset/downsampleData_scratch_1minut/pcb/pcb_cleaned_1minut_20250928_161509.parquet --num_epochs 1 --win_size 30 --batch_size 32 --mode train --input_c 10 --output_c 10 --lr 0.0001 --anormly_ratio 3.0 --index 0 --patience 3 --patch_size 3,6 --n_heads 1 --d_model 256 --e_layers 3 --d_ff 512 --activation gelu --output_attention True --model_save_path checkpoints2_patch_size_analysis/pcb_patch_size3,6_20251113_184823
================================================================================


✓ Results: Precision=0.3052, Recall=0.6176, F-score=0.4085

################################################################################
# Experiment 11/12
# Dataset: pcb, patch_size: 3,6,10
################################################################################


================================================================================
Running: pcb | patch_size=3,6,10
================================================================================
Command: python run_custom_dataset.py --dataset Custom --data_path dataset/downsampleData_scratch_1minut/pcb/pcb_cleaned_1minut_20250928_161509.parquet --num_epochs 1 --win_size 30 --batch_size 32 --mode train --input_c 10 --output_c 10 --lr 0.0001 --anormly_ratio 3.0 --index 0 --patience 3 --patch_size 3,6,10 --n_heads 1 --d_model 256 --e_layers 3 --d_ff 512 --activation gelu --output_attention True --model_save_path checkpoints2_patch_size_analysis/pcb_patch_size3,6,10_20251113_185914
================================================================================


✓ Results: Precision=0.2668, Recall=0.5430, F-score=0.3578

################################################################################
# Experiment 12/12
# Dataset: pcb, patch_size: 3,6,10,15
################################################################################


================================================================================
Running: pcb | patch_size=3,6,10,15
================================================================================
Command: python run_custom_dataset.py --dataset Custom --data_path dataset/downsampleData_scratch_1minut/pcb/pcb_cleaned_1minut_20250928_161509.parquet --num_epochs 1 --win_size 30 --batch_size 32 --mode train --input_c 10 --output_c 10 --lr 0.0001 --anormly_ratio 3.0 --index 0 --patience 3 --patch_size 3,6,10,15 --n_heads 1 --d_model 256 --e_layers 3 --d_ff 512 --activation gelu --output_attention True --model_save_path checkpoints2_patch_size_analysis/pcb_patch_size3,6,10,15_20251113_191251
================================================================================


✓ Results: Precision=0.2670, Recall=0.5991, F-score=0.3694

Saving results...
Results saved to JSON: experiments/results_pca/patch_size_results.json

Generating plots...
Traceback (most recent call last):
  File "/home/wanting/KDD2023-DCdetector/experiments/parameter_analysis.py", line 509, in <module>
    main()
  File "/home/wanting/KDD2023-DCdetector/experiments/parameter_analysis.py", line 458, in main
    plot_results(results, PARAM_TO_ANALYZE, OUTPUT_DIR)
  File "/home/wanting/KDD2023-DCdetector/experiments/parameter_analysis.py", line 332, in plot_results
    x_min, x_max = min(all_param_vals), max(all_param_vals)
                   ^^^^^^^^^^^^^^^^^^^
TypeError: '<' not supported between instances of 'int' and 'str'
