nohup: Eingabe wird ignoriert
/home/wanting/KDD2023-DCdetector/venv/lib/python3.12/site-packages/tsfresh/__init__.py:12: UserWarning: pkg_resources is deprecated as an API. See https://setuptools.pypa.io/en/latest/pkg_resources.html. The pkg_resources package is slated for removal as early as 2025-11-30. Refrain from using this package or pin to Setuptools<81.
  import pkg_resources
2025-11-03 12:45:57,325 - INFO - 开始使用自定义数据集运行DCdetector...
2025-11-03 12:45:57,325 - INFO - 数据集: Custom
2025-11-03 12:45:57,325 - INFO - 输入特征维度: 27
2025-11-03 12:45:57,325 - INFO - 窗口大小: 30
2025-11-03 12:45:57,325 - INFO - 批次大小: 32
2025-11-03 12:45:58,844 - INFO - 开始训练模型...
[onlyNormalData=True] 训练集过滤异常数据: 377158 行 -> 339888 行 (移除 37270 个异常样本)
数据加载自: dataset/downsampleData_scratch_1minut/contact/contact_cleaned_1minut_20250928_172122.parquet
训练集形状: (339888, 27)
验证集形状: (80820, 27)
测试集形状: (80820, 27)
特征维度: 27
异常比例（行级）:
- 训练集: 原始 9.88% -> 现有 0.00%
- 验证集: 5.85%
- 测试集: 5.06%
[onlyNormalData=True] 训练集过滤异常数据: 377158 行 -> 339888 行 (移除 37270 个异常样本)
数据加载自: dataset/downsampleData_scratch_1minut/contact/contact_cleaned_1minut_20250928_172122.parquet
训练集形状: (339888, 27)
验证集形状: (80820, 27)
测试集形状: (80820, 27)
特征维度: 27
异常比例（行级）:
- 训练集: 原始 9.88% -> 现有 0.00%
- 验证集: 5.85%
- 测试集: 5.06%
[onlyNormalData=True] 训练集过滤异常数据: 377158 行 -> 339888 行 (移除 37270 个异常样本)
数据加载自: dataset/downsampleData_scratch_1minut/contact/contact_cleaned_1minut_20250928_172122.parquet
训练集形状: (339888, 27)
验证集形状: (80820, 27)
测试集形状: (80820, 27)
特征维度: 27
异常比例（行级）:
- 训练集: 原始 9.88% -> 现有 0.00%
- 验证集: 5.85%
- 测试集: 5.06%
[onlyNormalData=True] 训练集过滤异常数据: 377158 行 -> 339888 行 (移除 37270 个异常样本)
数据加载自: dataset/downsampleData_scratch_1minut/contact/contact_cleaned_1minut_20250928_172122.parquet
训练集形状: (339888, 27)
验证集形状: (80820, 27)
测试集形状: (80820, 27)
特征维度: 27
异常比例（行级）:
- 训练集: 原始 9.88% -> 现有 0.00%
- 验证集: 5.85%
- 测试集: 5.06%
	speed: 0.0429s/iter; left time: 451.8191s
	speed: 0.0392s/iter; left time: 408.9947s
	speed: 0.0392s/iter; left time: 404.9663s
	speed: 0.0392s/iter; left time: 400.6951s
	speed: 0.0392s/iter; left time: 396.5422s
	speed: 0.0392s/iter; left time: 393.1274s
	speed: 0.0392s/iter; left time: 389.2249s
	speed: 0.0393s/iter; left time: 385.9298s
	speed: 0.0393s/iter; left time: 381.5989s
	speed: 0.0392s/iter; left time: 377.5313s
	speed: 0.0392s/iter; left time: 373.6495s
	speed: 0.0392s/iter; left time: 369.6494s
	speed: 0.0392s/iter; left time: 365.7171s
	speed: 0.0392s/iter; left time: 361.6102s
	speed: 0.0392s/iter; left time: 357.7459s
	speed: 0.0392s/iter; left time: 353.8699s
	speed: 0.0393s/iter; left time: 350.4070s
	speed: 0.0392s/iter; left time: 346.1932s
	speed: 0.0392s/iter; left time: 342.0377s
	speed: 0.0393s/iter; left time: 338.4719s
	speed: 0.0393s/iter; left time: 334.6542s
	speed: 0.0393s/iter; left time: 330.6031s
	speed: 0.0392s/iter; left time: 326.4642s
	speed: 0.0392s/iter; left time: 322.6205s
	speed: 0.0393s/iter; left time: 318.8415s
	speed: 0.0393s/iter; left time: 314.9162s
	speed: 0.0392s/iter; left time: 310.8107s
	speed: 0.0392s/iter; left time: 306.9060s
	speed: 0.0392s/iter; left time: 302.7134s
	speed: 0.0392s/iter; left time: 299.0960s
	speed: 0.0392s/iter; left time: 295.1068s
	speed: 0.0392s/iter; left time: 291.1483s
	speed: 0.0392s/iter; left time: 287.1479s
	speed: 0.0393s/iter; left time: 283.4535s
	speed: 0.0393s/iter; left time: 279.8466s
	speed: 0.0392s/iter; left time: 275.3377s
	speed: 0.0393s/iter; left time: 271.8567s
	speed: 0.0392s/iter; left time: 267.6929s
	speed: 0.0393s/iter; left time: 263.9495s
	speed: 0.0393s/iter; left time: 259.9058s
	speed: 0.0393s/iter; left time: 255.9570s
	speed: 0.0393s/iter; left time: 252.1088s
	speed: 0.0393s/iter; left time: 248.2303s
	speed: 0.0392s/iter; left time: 244.0426s
	speed: 0.0392s/iter; left time: 240.1873s
	speed: 0.0393s/iter; left time: 236.4360s
	speed: 0.0392s/iter; left time: 232.3168s
	speed: 0.0392s/iter; left time: 228.1539s
	speed: 0.0392s/iter; left time: 224.5467s
	speed: 0.0392s/iter; left time: 220.5696s
	speed: 0.0393s/iter; left time: 216.7361s
	speed: 0.0392s/iter; left time: 212.5555s
	speed: 0.0392s/iter; left time: 208.7121s
	speed: 0.0393s/iter; left time: 204.9336s
	speed: 0.0392s/iter; left time: 200.7966s
	speed: 0.0392s/iter; left time: 197.0017s
	speed: 0.0392s/iter; left time: 193.0856s
	speed: 0.0392s/iter; left time: 189.0677s
	speed: 0.0392s/iter; left time: 185.0909s
	speed: 0.0392s/iter; left time: 181.3648s
	speed: 0.0393s/iter; left time: 177.5023s
	speed: 0.0392s/iter; left time: 173.3908s
	speed: 0.0392s/iter; left time: 169.5484s
	speed: 0.0392s/iter; left time: 165.5387s
	speed: 0.0393s/iter; left time: 161.8511s
	speed: 0.0392s/iter; left time: 157.7396s
	speed: 0.0392s/iter; left time: 153.7892s
	speed: 0.0392s/iter; left time: 149.8316s
	speed: 0.0392s/iter; left time: 145.9594s
	speed: 0.0392s/iter; left time: 142.1028s
	speed: 0.0392s/iter; left time: 138.1264s
	speed: 0.0392s/iter; left time: 134.1890s
	speed: 0.0392s/iter; left time: 130.3051s
	speed: 0.0392s/iter; left time: 126.3349s
	speed: 0.0392s/iter; left time: 122.4473s
	speed: 0.0392s/iter; left time: 118.5321s
	speed: 0.0392s/iter; left time: 114.6079s
	speed: 0.0392s/iter; left time: 110.5601s
	speed: 0.0392s/iter; left time: 106.7797s
	speed: 0.0393s/iter; left time: 102.9334s
	speed: 0.0392s/iter; left time: 98.9378s
	speed: 0.0392s/iter; left time: 95.0142s
	speed: 0.0392s/iter; left time: 91.0846s
	speed: 0.0392s/iter; left time: 87.1372s
	speed: 0.0392s/iter; left time: 83.1418s
	speed: 0.0392s/iter; left time: 79.2801s
	speed: 0.0393s/iter; left time: 75.4137s
	speed: 0.0392s/iter; left time: 71.4194s
	speed: 0.0392s/iter; left time: 67.5068s
	speed: 0.0393s/iter; left time: 63.6349s
	speed: 0.0392s/iter; left time: 59.6675s
	speed: 0.0392s/iter; left time: 55.7656s
	speed: 0.0392s/iter; left time: 51.8343s
	speed: 0.0393s/iter; left time: 47.9350s
	speed: 0.0392s/iter; left time: 43.9968s
	speed: 0.0392s/iter; left time: 40.0671s
	speed: 0.0392s/iter; left time: 36.1207s
	speed: 0.0392s/iter; left time: 32.2103s
	speed: 0.0395s/iter; left time: 28.4783s
	speed: 0.0393s/iter; left time: 24.3794s
	speed: 0.0393s/iter; left time: 20.4892s
	speed: 0.0392s/iter; left time: 16.5185s
	speed: 0.0393s/iter; left time: 12.6081s
	speed: 0.0392s/iter; left time: 8.6643s
	speed: 0.0393s/iter; left time: 4.7515s
	speed: 0.0393s/iter; left time: 0.8250s
2025-11-03 12:53:56,411 - INFO - 训练完成!
2025-11-03 12:53:56,411 - INFO - 开始测试模型...
Epoch: 1, Cost time: 477.545s 
Loading checkpoint from: checkpoints_d_model_analysis/contact_d_model128_20251103_124555/contact_cleaned_1minut_20250928_172122_checkpoint_2025-11-03_12-53-56/model.pth
Threshold : 0.8853662151098259
2025-11-03 12:57:19,888 - INFO - 测试完成!
pa_accuracy           : 0.9539
pa_precision          : 0.5364
pa_recall             : 0.6625
pa_f_score            : 0.5928
MCC_score             : 0.5722
Affiliation precision : 0.5316
Affiliation recall    : 0.8747
R_AUC_ROC             : 0.6651
R_AUC_PR              : 0.5322
VUS_ROC               : 0.6732
VUS_PR                : 0.5345
Accuracy : 0.9539, Precision : 0.5364, Recall : 0.6625, F-score : 0.5928 
Test results saved to: checkpoints_d_model_analysis/contact_d_model128_20251103_124555/contact_cleaned_1minut_20250928_172122_checkpoint_2025-11-03_12-53-56/result.json
/home/wanting/KDD2023-DCdetector/venv/lib/python3.12/site-packages/tsfresh/__init__.py:12: UserWarning: pkg_resources is deprecated as an API. See https://setuptools.pypa.io/en/latest/pkg_resources.html. The pkg_resources package is slated for removal as early as 2025-11-30. Refrain from using this package or pin to Setuptools<81.
  import pkg_resources
2025-11-03 12:57:22,277 - INFO - 开始使用自定义数据集运行DCdetector...
2025-11-03 12:57:22,278 - INFO - 数据集: Custom
2025-11-03 12:57:22,278 - INFO - 输入特征维度: 27
2025-11-03 12:57:22,278 - INFO - 窗口大小: 30
2025-11-03 12:57:22,278 - INFO - 批次大小: 32
2025-11-03 12:57:23,799 - INFO - 开始训练模型...
[onlyNormalData=True] 训练集过滤异常数据: 377158 行 -> 339888 行 (移除 37270 个异常样本)
数据加载自: dataset/downsampleData_scratch_1minut/contact/contact_cleaned_1minut_20250928_172122.parquet
训练集形状: (339888, 27)
验证集形状: (80820, 27)
测试集形状: (80820, 27)
特征维度: 27
异常比例（行级）:
- 训练集: 原始 9.88% -> 现有 0.00%
- 验证集: 5.85%
- 测试集: 5.06%
[onlyNormalData=True] 训练集过滤异常数据: 377158 行 -> 339888 行 (移除 37270 个异常样本)
数据加载自: dataset/downsampleData_scratch_1minut/contact/contact_cleaned_1minut_20250928_172122.parquet
训练集形状: (339888, 27)
验证集形状: (80820, 27)
测试集形状: (80820, 27)
特征维度: 27
异常比例（行级）:
- 训练集: 原始 9.88% -> 现有 0.00%
- 验证集: 5.85%
- 测试集: 5.06%
[onlyNormalData=True] 训练集过滤异常数据: 377158 行 -> 339888 行 (移除 37270 个异常样本)
数据加载自: dataset/downsampleData_scratch_1minut/contact/contact_cleaned_1minut_20250928_172122.parquet
训练集形状: (339888, 27)
验证集形状: (80820, 27)
测试集形状: (80820, 27)
特征维度: 27
异常比例（行级）:
- 训练集: 原始 9.88% -> 现有 0.00%
- 验证集: 5.85%
- 测试集: 5.06%
[onlyNormalData=True] 训练集过滤异常数据: 377158 行 -> 339888 行 (移除 37270 个异常样本)
数据加载自: dataset/downsampleData_scratch_1minut/contact/contact_cleaned_1minut_20250928_172122.parquet
训练集形状: (339888, 27)
验证集形状: (80820, 27)
测试集形状: (80820, 27)
特征维度: 27
异常比例（行级）:
- 训练集: 原始 9.88% -> 现有 0.00%
- 验证集: 5.85%
- 测试集: 5.06%
	speed: 0.0371s/iter; left time: 390.6994s
	speed: 0.0333s/iter; left time: 346.5570s
	speed: 0.0332s/iter; left time: 342.7678s
	speed: 0.0332s/iter; left time: 339.7875s
	speed: 0.0332s/iter; left time: 335.9743s
	speed: 0.0332s/iter; left time: 332.5309s
	speed: 0.0332s/iter; left time: 329.4566s
	speed: 0.0332s/iter; left time: 326.2404s
	speed: 0.0332s/iter; left time: 322.5568s
	speed: 0.0333s/iter; left time: 320.0341s
	speed: 0.0332s/iter; left time: 316.5459s
	speed: 0.0332s/iter; left time: 313.0719s
	speed: 0.0333s/iter; left time: 310.2174s
	speed: 0.0332s/iter; left time: 306.4125s
	speed: 0.0332s/iter; left time: 303.0587s
	speed: 0.0332s/iter; left time: 299.8654s
	speed: 0.0332s/iter; left time: 296.5028s
	speed: 0.0332s/iter; left time: 293.1832s
	speed: 0.0333s/iter; left time: 289.9779s
	speed: 0.0332s/iter; left time: 286.3329s
	speed: 0.0332s/iter; left time: 283.1749s
	speed: 0.0332s/iter; left time: 279.9929s
	speed: 0.0332s/iter; left time: 276.3316s
	speed: 0.0332s/iter; left time: 272.9419s
	speed: 0.0332s/iter; left time: 269.7788s
	speed: 0.0332s/iter; left time: 266.3478s
	speed: 0.0332s/iter; left time: 263.1236s
	speed: 0.0332s/iter; left time: 259.7605s
	speed: 0.0332s/iter; left time: 256.6071s
	speed: 0.0332s/iter; left time: 253.1132s
	speed: 0.0332s/iter; left time: 249.8047s
	speed: 0.0332s/iter; left time: 246.5095s
	speed: 0.0332s/iter; left time: 243.1510s
	speed: 0.0332s/iter; left time: 239.8236s
	speed: 0.0333s/iter; left time: 237.1587s
	speed: 0.0332s/iter; left time: 233.3421s
	speed: 0.0332s/iter; left time: 229.9904s
	speed: 0.0332s/iter; left time: 226.5723s
	speed: 0.0333s/iter; left time: 223.5008s
	speed: 0.0332s/iter; left time: 219.9449s
	speed: 0.0332s/iter; left time: 216.6094s
	speed: 0.0332s/iter; left time: 213.2499s
	speed: 0.0332s/iter; left time: 210.1708s
	speed: 0.0332s/iter; left time: 206.5698s
	speed: 0.0332s/iter; left time: 203.1155s
	speed: 0.0332s/iter; left time: 199.9651s
	speed: 0.0332s/iter; left time: 196.6459s
	speed: 0.0332s/iter; left time: 193.4072s
	speed: 0.0332s/iter; left time: 189.8634s
	speed: 0.0335s/iter; left time: 188.4858s
	speed: 0.0332s/iter; left time: 183.3524s
	speed: 0.0332s/iter; left time: 180.1929s
	speed: 0.0332s/iter; left time: 176.6434s
	speed: 0.0332s/iter; left time: 173.4553s
	speed: 0.0332s/iter; left time: 170.0619s
	speed: 0.0332s/iter; left time: 166.8307s
	speed: 0.0333s/iter; left time: 163.7870s
	speed: 0.0316s/iter; left time: 152.2854s
	speed: 0.0265s/iter; left time: 125.1734s
	speed: 0.0163s/iter; left time: 75.3601s
	speed: 0.0163s/iter; left time: 73.9133s
	speed: 0.0164s/iter; left time: 72.4430s
	speed: 0.0164s/iter; left time: 70.7587s
	speed: 0.0164s/iter; left time: 69.0679s
	speed: 0.0164s/iter; left time: 67.5876s
	speed: 0.0164s/iter; left time: 65.7878s
	speed: 0.0164s/iter; left time: 64.2003s
	speed: 0.0164s/iter; left time: 62.7418s
	speed: 0.0173s/iter; left time: 64.3057s
	speed: 0.0179s/iter; left time: 64.8503s
	speed: 0.0302s/iter; left time: 106.2291s
	speed: 0.0410s/iter; left time: 140.3386s
	speed: 0.0412s/iter; left time: 136.8214s
	speed: 0.0410s/iter; left time: 132.0175s
	speed: 0.0410s/iter; left time: 128.0441s
	speed: 0.0410s/iter; left time: 123.9493s
	speed: 0.0410s/iter; left time: 119.7398s
	speed: 0.0412s/iter; left time: 116.1037s
	speed: 0.0410s/iter; left time: 111.4402s
	speed: 0.0410s/iter; left time: 107.5652s
	speed: 0.0410s/iter; left time: 103.3809s
	speed: 0.0410s/iter; left time: 99.2681s
	speed: 0.0412s/iter; left time: 95.6681s
	speed: 0.0406s/iter; left time: 90.2737s
	speed: 0.0407s/iter; left time: 86.2198s
	speed: 0.0410s/iter; left time: 82.7867s
	speed: 0.0410s/iter; left time: 78.7124s
	speed: 0.0410s/iter; left time: 74.6770s
	speed: 0.0409s/iter; left time: 70.4725s
	speed: 0.0410s/iter; left time: 66.4495s
	speed: 0.0410s/iter; left time: 62.4061s
	speed: 0.0410s/iter; left time: 58.2023s
	speed: 0.0412s/iter; left time: 54.4542s
	speed: 0.0410s/iter; left time: 50.1105s
	speed: 0.0409s/iter; left time: 45.8762s
	speed: 0.0411s/iter; left time: 41.9137s
	speed: 0.0412s/iter; left time: 37.9388s
	speed: 0.0411s/iter; left time: 33.7068s
	speed: 0.0410s/iter; left time: 29.5919s
	speed: 0.0412s/iter; left time: 25.5752s
	speed: 0.0408s/iter; left time: 21.2696s
	speed: 0.0412s/iter; left time: 17.3463s
	speed: 0.0410s/iter; left time: 13.1601s
	speed: 0.0411s/iter; left time: 9.0737s
	speed: 0.0412s/iter; left time: 4.9857s
	speed: 0.0410s/iter; left time: 0.8616s
2025-11-03 13:04:28,133 - INFO - 训练完成!
2025-11-03 13:04:28,133 - INFO - 开始测试模型...
Epoch: 1, Cost time: 424.310s 
Loading checkpoint from: checkpoints_d_model_analysis/contact_d_model256_20251103_125720/contact_cleaned_1minut_20250928_172122_checkpoint_2025-11-03_13-04-28/model.pth
Threshold : 0.8617710471153259
2025-11-03 13:08:59,518 - INFO - 测试完成!
pa_accuracy           : 0.9570
pa_precision          : 0.5599
pa_recall             : 0.7139
pa_f_score            : 0.6276
MCC_score             : 0.6102
Affiliation precision : 0.5462
Affiliation recall    : 0.8717
R_AUC_ROC             : 0.6729
R_AUC_PR              : 0.5466
VUS_ROC               : 0.6806
VUS_PR                : 0.5494
Accuracy : 0.9570, Precision : 0.5599, Recall : 0.7139, F-score : 0.6276 
Test results saved to: checkpoints_d_model_analysis/contact_d_model256_20251103_125720/contact_cleaned_1minut_20250928_172122_checkpoint_2025-11-03_13-04-28/result.json
/home/wanting/KDD2023-DCdetector/venv/lib/python3.12/site-packages/tsfresh/__init__.py:12: UserWarning: pkg_resources is deprecated as an API. See https://setuptools.pypa.io/en/latest/pkg_resources.html. The pkg_resources package is slated for removal as early as 2025-11-30. Refrain from using this package or pin to Setuptools<81.
  import pkg_resources
2025-11-03 13:09:02,040 - INFO - 开始使用自定义数据集运行DCdetector...
2025-11-03 13:09:02,040 - INFO - 数据集: Custom
2025-11-03 13:09:02,040 - INFO - 输入特征维度: 27
2025-11-03 13:09:02,040 - INFO - 窗口大小: 30
2025-11-03 13:09:02,040 - INFO - 批次大小: 32
2025-11-03 13:09:03,638 - INFO - 开始训练模型...
[onlyNormalData=True] 训练集过滤异常数据: 377158 行 -> 339888 行 (移除 37270 个异常样本)
数据加载自: dataset/downsampleData_scratch_1minut/contact/contact_cleaned_1minut_20250928_172122.parquet
训练集形状: (339888, 27)
验证集形状: (80820, 27)
测试集形状: (80820, 27)
特征维度: 27
异常比例（行级）:
- 训练集: 原始 9.88% -> 现有 0.00%
- 验证集: 5.85%
- 测试集: 5.06%
[onlyNormalData=True] 训练集过滤异常数据: 377158 行 -> 339888 行 (移除 37270 个异常样本)
数据加载自: dataset/downsampleData_scratch_1minut/contact/contact_cleaned_1minut_20250928_172122.parquet
训练集形状: (339888, 27)
验证集形状: (80820, 27)
测试集形状: (80820, 27)
特征维度: 27
异常比例（行级）:
- 训练集: 原始 9.88% -> 现有 0.00%
- 验证集: 5.85%
- 测试集: 5.06%
[onlyNormalData=True] 训练集过滤异常数据: 377158 行 -> 339888 行 (移除 37270 个异常样本)
数据加载自: dataset/downsampleData_scratch_1minut/contact/contact_cleaned_1minut_20250928_172122.parquet
训练集形状: (339888, 27)
验证集形状: (80820, 27)
测试集形状: (80820, 27)
特征维度: 27
异常比例（行级）:
- 训练集: 原始 9.88% -> 现有 0.00%
- 验证集: 5.85%
- 测试集: 5.06%
[onlyNormalData=True] 训练集过滤异常数据: 377158 行 -> 339888 行 (移除 37270 个异常样本)
数据加载自: dataset/downsampleData_scratch_1minut/contact/contact_cleaned_1minut_20250928_172122.parquet
训练集形状: (339888, 27)
验证集形状: (80820, 27)
测试集形状: (80820, 27)
特征维度: 27
异常比例（行级）:
- 训练集: 原始 9.88% -> 现有 0.00%
- 验证集: 5.85%
- 测试集: 5.06%
	speed: 0.0446s/iter; left time: 469.2838s
	speed: 0.0407s/iter; left time: 424.4900s
	speed: 0.0412s/iter; left time: 424.9920s
	speed: 0.0413s/iter; left time: 422.4239s
	speed: 0.0410s/iter; left time: 414.8681s
	speed: 0.0413s/iter; left time: 414.1059s
	speed: 0.0418s/iter; left time: 414.6894s
	speed: 0.0409s/iter; left time: 402.0381s
	speed: 0.0414s/iter; left time: 402.5803s
	speed: 0.0412s/iter; left time: 396.3623s
	speed: 0.0412s/iter; left time: 391.9954s
	speed: 0.0413s/iter; left time: 389.3317s
	speed: 0.0410s/iter; left time: 382.1722s
	speed: 0.0414s/iter; left time: 381.9598s
	speed: 0.0412s/iter; left time: 375.4891s
	speed: 0.0412s/iter; left time: 371.4836s
	speed: 0.0413s/iter; left time: 368.8712s
	speed: 0.0411s/iter; left time: 362.6841s
	speed: 0.0412s/iter; left time: 359.0762s
	speed: 0.0413s/iter; left time: 356.2309s
	speed: 0.0411s/iter; left time: 350.5809s
	speed: 0.0412s/iter; left time: 346.5413s
	speed: 0.0413s/iter; left time: 343.6345s
	speed: 0.0411s/iter; left time: 338.1576s
	speed: 0.0412s/iter; left time: 334.5464s
	speed: 0.0413s/iter; left time: 331.6387s
	speed: 0.0412s/iter; left time: 326.5413s
	speed: 0.0412s/iter; left time: 322.0691s
	speed: 0.0413s/iter; left time: 318.7307s
	speed: 0.0410s/iter; left time: 312.2807s
	speed: 0.0414s/iter; left time: 311.0532s
	speed: 0.0411s/iter; left time: 305.2142s
	speed: 0.0412s/iter; left time: 301.3486s
	speed: 0.0414s/iter; left time: 298.6565s
	speed: 0.0412s/iter; left time: 293.1048s
	speed: 0.0415s/iter; left time: 291.5572s
	speed: 0.0412s/iter; left time: 284.9924s
	speed: 0.0413s/iter; left time: 281.7640s
	speed: 0.0412s/iter; left time: 277.0967s
	speed: 0.0414s/iter; left time: 274.1463s
	speed: 0.0411s/iter; left time: 267.9974s
	speed: 0.0412s/iter; left time: 264.7969s
	speed: 0.0413s/iter; left time: 261.2917s
	speed: 0.0410s/iter; left time: 255.1828s
	speed: 0.0414s/iter; left time: 253.2937s
	speed: 0.0412s/iter; left time: 248.0452s
	speed: 0.0411s/iter; left time: 243.4880s
	speed: 0.0409s/iter; left time: 238.1029s
	speed: 0.0410s/iter; left time: 234.6656s
	speed: 0.0410s/iter; left time: 230.6521s
	speed: 0.0409s/iter; left time: 225.9180s
	speed: 0.0414s/iter; left time: 224.2855s
	speed: 0.0412s/iter; left time: 219.1691s
	speed: 0.0412s/iter; left time: 214.9451s
	speed: 0.0413s/iter; left time: 211.3679s
	speed: 0.0412s/iter; left time: 206.8670s
	speed: 0.0411s/iter; left time: 202.4632s
	speed: 0.0414s/iter; left time: 199.6053s
	speed: 0.0412s/iter; left time: 194.3382s
	speed: 0.0411s/iter; left time: 190.0837s
	speed: 0.0413s/iter; left time: 186.6288s
	speed: 0.0410s/iter; left time: 181.2562s
	speed: 0.0413s/iter; left time: 178.3913s
	speed: 0.0411s/iter; left time: 173.4636s
	speed: 0.0411s/iter; left time: 169.5249s
	speed: 0.0412s/iter; left time: 165.4842s
	speed: 0.0411s/iter; left time: 161.3173s
	speed: 0.0414s/iter; left time: 158.0421s
	speed: 0.0412s/iter; left time: 153.1788s
	speed: 0.0411s/iter; left time: 148.8794s
	speed: 0.0413s/iter; left time: 145.3497s
	speed: 0.0411s/iter; left time: 140.6498s
	speed: 0.0412s/iter; left time: 136.7723s
	speed: 0.0412s/iter; left time: 132.5579s
	speed: 0.0413s/iter; left time: 128.9993s
	speed: 0.0412s/iter; left time: 124.4265s
	speed: 0.0411s/iter; left time: 120.1346s
	speed: 0.0413s/iter; left time: 116.6105s
	speed: 0.0414s/iter; left time: 112.6285s
	speed: 0.0410s/iter; left time: 107.4981s
	speed: 0.0413s/iter; left time: 104.1605s
	speed: 0.0412s/iter; left time: 99.6759s
	speed: 0.0412s/iter; left time: 95.6969s
	speed: 0.0414s/iter; left time: 91.9300s
	speed: 0.0411s/iter; left time: 87.2131s
	speed: 0.0409s/iter; left time: 82.7144s
	speed: 0.0411s/iter; left time: 78.8771s
	speed: 0.0408s/iter; left time: 74.2956s
	speed: 0.0404s/iter; left time: 69.5431s
	speed: 0.0404s/iter; left time: 65.5358s
	speed: 0.0412s/iter; left time: 62.6889s
	speed: 0.0412s/iter; left time: 58.5514s
	speed: 0.0413s/iter; left time: 54.5859s
	speed: 0.0411s/iter; left time: 50.1299s
	speed: 0.0401s/iter; left time: 44.9607s
	speed: 0.0436s/iter; left time: 44.4728s
	speed: 0.0408s/iter; left time: 37.5820s
	speed: 0.0411s/iter; left time: 33.7476s
	speed: 0.0411s/iter; left time: 29.6635s
	speed: 0.0411s/iter; left time: 25.5334s
	speed: 0.0415s/iter; left time: 21.6462s
	speed: 0.0414s/iter; left time: 17.4362s
	speed: 0.0412s/iter; left time: 13.2164s
	speed: 0.0412s/iter; left time: 9.1017s
	speed: 0.0411s/iter; left time: 4.9775s
	speed: 0.0412s/iter; left time: 0.8655s
2025-11-03 13:17:25,104 - INFO - 训练完成!
2025-11-03 13:17:25,105 - INFO - 开始测试模型...
Epoch: 1, Cost time: 501.444s 
Loading checkpoint from: checkpoints_d_model_analysis/contact_d_model512_20251103_130900/contact_cleaned_1minut_20250928_172122_checkpoint_2025-11-03_13-17-25/model.pth
Threshold : 0.8669214171171192
2025-11-03 13:21:40,048 - INFO - 测试完成!
pa_accuracy           : 0.9545
pa_precision          : 0.5417
pa_recall             : 0.6684
pa_f_score            : 0.5984
MCC_score             : 0.5782
Affiliation precision : 0.5369
Affiliation recall    : 0.8708
R_AUC_ROC             : 0.6655
R_AUC_PR              : 0.5336
VUS_ROC               : 0.6727
VUS_PR                : 0.5352
Accuracy : 0.9545, Precision : 0.5417, Recall : 0.6684, F-score : 0.5984 
Test results saved to: checkpoints_d_model_analysis/contact_d_model512_20251103_130900/contact_cleaned_1minut_20250928_172122_checkpoint_2025-11-03_13-17-25/result.json
/home/wanting/KDD2023-DCdetector/venv/lib/python3.12/site-packages/tsfresh/__init__.py:12: UserWarning: pkg_resources is deprecated as an API. See https://setuptools.pypa.io/en/latest/pkg_resources.html. The pkg_resources package is slated for removal as early as 2025-11-30. Refrain from using this package or pin to Setuptools<81.
  import pkg_resources
2025-11-03 13:21:42,564 - INFO - 开始使用自定义数据集运行DCdetector...
2025-11-03 13:21:42,564 - INFO - 数据集: Custom
2025-11-03 13:21:42,564 - INFO - 输入特征维度: 27
2025-11-03 13:21:42,564 - INFO - 窗口大小: 30
2025-11-03 13:21:42,564 - INFO - 批次大小: 32
2025-11-03 13:21:44,097 - INFO - 开始训练模型...
[onlyNormalData=True] 训练集过滤异常数据: 377158 行 -> 339888 行 (移除 37270 个异常样本)
数据加载自: dataset/downsampleData_scratch_1minut/contact/contact_cleaned_1minut_20250928_172122.parquet
训练集形状: (339888, 27)
验证集形状: (80820, 27)
测试集形状: (80820, 27)
特征维度: 27
异常比例（行级）:
- 训练集: 原始 9.88% -> 现有 0.00%
- 验证集: 5.85%
- 测试集: 5.06%
[onlyNormalData=True] 训练集过滤异常数据: 377158 行 -> 339888 行 (移除 37270 个异常样本)
数据加载自: dataset/downsampleData_scratch_1minut/contact/contact_cleaned_1minut_20250928_172122.parquet
训练集形状: (339888, 27)
验证集形状: (80820, 27)
测试集形状: (80820, 27)
特征维度: 27
异常比例（行级）:
- 训练集: 原始 9.88% -> 现有 0.00%
- 验证集: 5.85%
- 测试集: 5.06%
[onlyNormalData=True] 训练集过滤异常数据: 377158 行 -> 339888 行 (移除 37270 个异常样本)
数据加载自: dataset/downsampleData_scratch_1minut/contact/contact_cleaned_1minut_20250928_172122.parquet
训练集形状: (339888, 27)
验证集形状: (80820, 27)
测试集形状: (80820, 27)
特征维度: 27
异常比例（行级）:
- 训练集: 原始 9.88% -> 现有 0.00%
- 验证集: 5.85%
- 测试集: 5.06%
[onlyNormalData=True] 训练集过滤异常数据: 377158 行 -> 339888 行 (移除 37270 个异常样本)
数据加载自: dataset/downsampleData_scratch_1minut/contact/contact_cleaned_1minut_20250928_172122.parquet
训练集形状: (339888, 27)
验证集形状: (80820, 27)
测试集形状: (80820, 27)
特征维度: 27
异常比例（行级）:
- 训练集: 原始 9.88% -> 现有 0.00%
- 验证集: 5.85%
- 测试集: 5.06%
	speed: 0.0400s/iter; left time: 421.0006s
	speed: 0.0360s/iter; left time: 374.7840s
	speed: 0.0360s/iter; left time: 371.7040s
	speed: 0.0360s/iter; left time: 368.2306s
	speed: 0.0358s/iter; left time: 362.6691s
	speed: 0.0360s/iter; left time: 360.4154s
	speed: 0.0360s/iter; left time: 357.0952s
	speed: 0.0358s/iter; left time: 351.7531s
	speed: 0.0360s/iter; left time: 350.0451s
	speed: 0.0361s/iter; left time: 347.2045s
	speed: 0.0360s/iter; left time: 343.1267s
	speed: 0.0360s/iter; left time: 339.3588s
	speed: 0.0360s/iter; left time: 335.8139s
	speed: 0.0358s/iter; left time: 330.3124s
	speed: 0.0359s/iter; left time: 327.7928s
	speed: 0.0360s/iter; left time: 324.9817s
	speed: 0.0358s/iter; left time: 319.2861s
	speed: 0.0360s/iter; left time: 317.4962s
	speed: 0.0360s/iter; left time: 314.0367s
	speed: 0.0371s/iter; left time: 319.6048s
	speed: 0.0377s/iter; left time: 321.2781s
	speed: 0.0380s/iter; left time: 319.7036s
	speed: 0.0371s/iter; left time: 308.9671s
	speed: 0.0376s/iter; left time: 309.1169s
	speed: 0.0360s/iter; left time: 292.3691s
	speed: 0.0438s/iter; left time: 351.2393s
	speed: 0.0438s/iter; left time: 346.6618s
	speed: 0.0438s/iter; left time: 342.6093s
	speed: 0.0438s/iter; left time: 338.2169s
	speed: 0.0438s/iter; left time: 334.1297s
	speed: 0.0438s/iter; left time: 329.4079s
	speed: 0.0438s/iter; left time: 324.7158s
	speed: 0.0438s/iter; left time: 320.7362s
	speed: 0.0438s/iter; left time: 316.4402s
	speed: 0.0438s/iter; left time: 312.1408s
	speed: 0.0438s/iter; left time: 307.8038s
	speed: 0.0438s/iter; left time: 303.3677s
	speed: 0.0438s/iter; left time: 298.7567s
	speed: 0.0438s/iter; left time: 294.4659s
	speed: 0.0438s/iter; left time: 289.7471s
	speed: 0.0438s/iter; left time: 285.5753s
	speed: 0.0438s/iter; left time: 281.3261s
	speed: 0.0438s/iter; left time: 276.8447s
	speed: 0.0438s/iter; left time: 272.6804s
	speed: 0.0438s/iter; left time: 268.0047s
	speed: 0.0438s/iter; left time: 263.7134s
	speed: 0.0438s/iter; left time: 259.6300s
	speed: 0.0438s/iter; left time: 254.8690s
	speed: 0.0438s/iter; left time: 250.6068s
	speed: 0.0438s/iter; left time: 246.2023s
	speed: 0.0437s/iter; left time: 241.5321s
	speed: 0.0438s/iter; left time: 237.2360s
	speed: 0.0438s/iter; left time: 232.9406s
	speed: 0.0439s/iter; left time: 228.9527s
	speed: 0.0438s/iter; left time: 224.4918s
	speed: 0.0438s/iter; left time: 219.8510s
	speed: 0.0438s/iter; left time: 215.6444s
	speed: 0.0438s/iter; left time: 211.0997s
	speed: 0.0438s/iter; left time: 206.7644s
	speed: 0.0438s/iter; left time: 202.5307s
	speed: 0.0438s/iter; left time: 197.9962s
	speed: 0.0438s/iter; left time: 193.7793s
	speed: 0.0438s/iter; left time: 189.4114s
	speed: 0.0438s/iter; left time: 184.9183s
	speed: 0.0438s/iter; left time: 180.5920s
	speed: 0.0438s/iter; left time: 176.0311s
	speed: 0.0438s/iter; left time: 171.8723s
	speed: 0.0438s/iter; left time: 167.1910s
	speed: 0.0437s/iter; left time: 162.7558s
	speed: 0.0438s/iter; left time: 158.4656s
	speed: 0.0438s/iter; left time: 154.2958s
	speed: 0.0438s/iter; left time: 149.8895s
	speed: 0.0438s/iter; left time: 145.6170s
	speed: 0.0438s/iter; left time: 141.1048s
	speed: 0.0438s/iter; left time: 136.7316s
	speed: 0.0438s/iter; left time: 132.2927s
	speed: 0.0438s/iter; left time: 127.9234s
	speed: 0.0438s/iter; left time: 123.5703s
	speed: 0.0438s/iter; left time: 119.2256s
	speed: 0.0438s/iter; left time: 114.8122s
	speed: 0.0438s/iter; left time: 110.4035s
	speed: 0.0438s/iter; left time: 106.0491s
	speed: 0.0438s/iter; left time: 101.6669s
	speed: 0.0438s/iter; left time: 97.2727s
	speed: 0.0438s/iter; left time: 92.9595s
	speed: 0.0438s/iter; left time: 88.4849s
	speed: 0.0438s/iter; left time: 84.2057s
	speed: 0.0438s/iter; left time: 79.6895s
	speed: 0.0438s/iter; left time: 75.3941s
	speed: 0.0438s/iter; left time: 71.0423s
	speed: 0.0438s/iter; left time: 66.6801s
	speed: 0.0438s/iter; left time: 62.3039s
	speed: 0.0438s/iter; left time: 57.8412s
	speed: 0.0438s/iter; left time: 53.4610s
	speed: 0.0438s/iter; left time: 49.0897s
	speed: 0.0438s/iter; left time: 44.6728s
	speed: 0.0438s/iter; left time: 40.3130s
	speed: 0.0438s/iter; left time: 35.9877s
	speed: 0.0438s/iter; left time: 31.5999s
	speed: 0.0438s/iter; left time: 27.1764s
	speed: 0.0438s/iter; left time: 22.8090s
	speed: 0.0438s/iter; left time: 18.4341s
	speed: 0.0438s/iter; left time: 14.0599s
	speed: 0.0438s/iter; left time: 9.6798s
	speed: 0.0438s/iter; left time: 5.3002s
	speed: 0.0438s/iter; left time: 0.9196s
2025-11-03 13:30:00,645 - INFO - 训练完成!
2025-11-03 13:30:00,645 - INFO - 开始测试模型...
Epoch: 1, Cost time: 496.525s 
Loading checkpoint from: checkpoints_d_model_analysis/contact_d_model1024_20251103_132140/contact_cleaned_1minut_20250928_172122_checkpoint_2025-11-03_13-30-00/model.pth
Threshold : 0.8445372581481934
2025-11-03 13:32:44,532 - INFO - 测试完成!
pa_accuracy           : 0.9555
pa_precision          : 0.5494
pa_recall             : 0.6838
pa_f_score            : 0.6093
MCC_score             : 0.5899
Affiliation precision : 0.5446
Affiliation recall    : 0.8690
R_AUC_ROC             : 0.6684
R_AUC_PR              : 0.5397
VUS_ROC               : 0.6756
VUS_PR                : 0.5415
Accuracy : 0.9555, Precision : 0.5494, Recall : 0.6838, F-score : 0.6093 
Test results saved to: checkpoints_d_model_analysis/contact_d_model1024_20251103_132140/contact_cleaned_1minut_20250928_172122_checkpoint_2025-11-03_13-30-00/result.json
/home/wanting/KDD2023-DCdetector/venv/lib/python3.12/site-packages/tsfresh/__init__.py:12: UserWarning: pkg_resources is deprecated as an API. See https://setuptools.pypa.io/en/latest/pkg_resources.html. The pkg_resources package is slated for removal as early as 2025-11-30. Refrain from using this package or pin to Setuptools<81.
  import pkg_resources
2025-11-03 13:32:46,965 - INFO - 开始使用自定义数据集运行DCdetector...
2025-11-03 13:32:46,965 - INFO - 数据集: Custom
2025-11-03 13:32:46,965 - INFO - 输入特征维度: 28
2025-11-03 13:32:46,965 - INFO - 窗口大小: 30
2025-11-03 13:32:46,965 - INFO - 批次大小: 32
2025-11-03 13:32:48,667 - INFO - 开始训练模型...
[onlyNormalData=True] 训练集过滤异常数据: 408309 行 -> 390335 行 (移除 17974 个异常样本)
数据加载自: dataset/downsampleData_scratch_1minut/ring/Ring_cleaned_1minut_20250928_170147.parquet
训练集形状: (390335, 28)
验证集形状: (87495, 28)
测试集形状: (87495, 28)
特征维度: 28
异常比例（行级）:
- 训练集: 原始 4.40% -> 现有 0.00%
- 验证集: 2.97%
- 测试集: 4.20%
[onlyNormalData=True] 训练集过滤异常数据: 408309 行 -> 390335 行 (移除 17974 个异常样本)
数据加载自: dataset/downsampleData_scratch_1minut/ring/Ring_cleaned_1minut_20250928_170147.parquet
训练集形状: (390335, 28)
验证集形状: (87495, 28)
测试集形状: (87495, 28)
特征维度: 28
异常比例（行级）:
- 训练集: 原始 4.40% -> 现有 0.00%
- 验证集: 2.97%
- 测试集: 4.20%
[onlyNormalData=True] 训练集过滤异常数据: 408309 行 -> 390335 行 (移除 17974 个异常样本)
数据加载自: dataset/downsampleData_scratch_1minut/ring/Ring_cleaned_1minut_20250928_170147.parquet
训练集形状: (390335, 28)
验证集形状: (87495, 28)
测试集形状: (87495, 28)
特征维度: 28
异常比例（行级）:
- 训练集: 原始 4.40% -> 现有 0.00%
- 验证集: 2.97%
- 测试集: 4.20%
[onlyNormalData=True] 训练集过滤异常数据: 408309 行 -> 390335 行 (移除 17974 个异常样本)
数据加载自: dataset/downsampleData_scratch_1minut/ring/Ring_cleaned_1minut_20250928_170147.parquet
训练集形状: (390335, 28)
验证集形状: (87495, 28)
测试集形状: (87495, 28)
特征维度: 28
异常比例（行级）:
- 训练集: 原始 4.40% -> 现有 0.00%
- 验证集: 2.97%
- 测试集: 4.20%
	speed: 0.0490s/iter; left time: 592.2481s
	speed: 0.0448s/iter; left time: 537.2216s
	speed: 0.0445s/iter; left time: 529.4588s
	speed: 0.0447s/iter; left time: 526.8474s
	speed: 0.0444s/iter; left time: 519.8301s
	speed: 0.0449s/iter; left time: 520.6427s
	speed: 0.0445s/iter; left time: 511.8706s
	speed: 0.0449s/iter; left time: 511.5210s
	speed: 0.0443s/iter; left time: 500.6209s
	speed: 0.0447s/iter; left time: 500.1825s
	speed: 0.0448s/iter; left time: 497.0975s
	speed: 0.0451s/iter; left time: 495.6064s
	speed: 0.0447s/iter; left time: 487.0126s
	speed: 0.0447s/iter; left time: 482.6598s
	speed: 0.0447s/iter; left time: 478.0390s
	speed: 0.0450s/iter; left time: 477.0261s
	speed: 0.0448s/iter; left time: 469.8655s
	speed: 0.0449s/iter; left time: 466.7655s
	speed: 0.0447s/iter; left time: 460.7338s
	speed: 0.0447s/iter; left time: 455.9095s
	speed: 0.0449s/iter; left time: 453.3035s
	speed: 0.0447s/iter; left time: 446.7568s
	speed: 0.0447s/iter; left time: 442.5298s
	speed: 0.0447s/iter; left time: 437.9324s
	speed: 0.0451s/iter; left time: 437.1845s
	speed: 0.0447s/iter; left time: 429.0187s
	speed: 0.0450s/iter; left time: 427.2900s
	speed: 0.0448s/iter; left time: 420.6733s
	speed: 0.0447s/iter; left time: 415.9188s
	speed: 0.0448s/iter; left time: 412.4180s
	speed: 0.0450s/iter; left time: 408.9971s
	speed: 0.0448s/iter; left time: 402.9980s
	speed: 0.0447s/iter; left time: 397.8375s
	speed: 0.0450s/iter; left time: 395.8277s
	speed: 0.0448s/iter; left time: 389.2655s
	speed: 0.0447s/iter; left time: 384.2895s
	speed: 0.0447s/iter; left time: 379.6963s
	speed: 0.0444s/iter; left time: 372.6751s
	speed: 0.0447s/iter; left time: 370.5920s
	speed: 0.0444s/iter; left time: 363.6066s
	speed: 0.0443s/iter; left time: 358.6499s
	speed: 0.0445s/iter; left time: 355.8971s
	speed: 0.0447s/iter; left time: 352.8168s
	speed: 0.0441s/iter; left time: 344.1176s
	speed: 0.0443s/iter; left time: 340.6947s
	speed: 0.0443s/iter; left time: 336.9180s
	speed: 0.0447s/iter; left time: 335.4585s
	speed: 0.0446s/iter; left time: 330.2756s
	speed: 0.0446s/iter; left time: 325.3823s
	speed: 0.0444s/iter; left time: 319.4276s
	speed: 0.0443s/iter; left time: 314.5509s
	speed: 0.0443s/iter; left time: 309.8995s
	speed: 0.0440s/iter; left time: 303.6688s
	speed: 0.0446s/iter; left time: 303.0823s
	speed: 0.0443s/iter; left time: 296.6802s
	speed: 0.0439s/iter; left time: 289.7414s
	speed: 0.0447s/iter; left time: 290.2195s
	speed: 0.0447s/iter; left time: 286.3037s
	speed: 0.0443s/iter; left time: 278.9112s
	speed: 0.0444s/iter; left time: 275.0024s
	speed: 0.0447s/iter; left time: 272.5963s
	speed: 0.0445s/iter; left time: 267.0482s
	speed: 0.0442s/iter; left time: 260.7058s
	speed: 0.0443s/iter; left time: 256.9484s
	speed: 0.0444s/iter; left time: 252.7193s
	speed: 0.0446s/iter; left time: 249.7363s
	speed: 0.0445s/iter; left time: 244.5436s
	speed: 0.0450s/iter; left time: 242.8892s
	speed: 0.0444s/iter; left time: 235.3103s
	speed: 0.0443s/iter; left time: 230.4644s
	speed: 0.0443s/iter; left time: 226.0615s
	speed: 0.0440s/iter; left time: 219.9559s
	speed: 0.0445s/iter; left time: 217.8849s
	speed: 0.0447s/iter; left time: 214.6982s
	speed: 0.0448s/iter; left time: 210.5574s
	speed: 0.0447s/iter; left time: 205.6071s
	speed: 0.0450s/iter; left time: 202.3352s
	speed: 0.0447s/iter; left time: 196.6595s
	speed: 0.0447s/iter; left time: 192.1288s
	speed: 0.0446s/iter; left time: 187.3839s
	speed: 0.0444s/iter; left time: 181.7849s
	speed: 0.0446s/iter; left time: 178.1928s
	speed: 0.0444s/iter; left time: 173.0868s
	speed: 0.0448s/iter; left time: 170.1199s
	speed: 0.0445s/iter; left time: 164.4528s
	speed: 0.0446s/iter; left time: 160.4177s
	speed: 0.0450s/iter; left time: 157.3310s
	speed: 0.0446s/iter; left time: 151.3997s
	speed: 0.0447s/iter; left time: 147.5196s
	speed: 0.0446s/iter; left time: 142.6610s
	speed: 0.0446s/iter; left time: 138.2416s
	speed: 0.0446s/iter; left time: 133.8520s
	speed: 0.0443s/iter; left time: 128.4455s
	speed: 0.0445s/iter; left time: 124.4897s
	speed: 0.0446s/iter; left time: 120.2146s
	speed: 0.0446s/iter; left time: 115.8731s
	speed: 0.0446s/iter; left time: 111.3875s
	speed: 0.0447s/iter; left time: 107.1201s
	speed: 0.0447s/iter; left time: 102.6131s
	speed: 0.0446s/iter; left time: 98.0328s
	speed: 0.0444s/iter; left time: 93.0925s
	speed: 0.0445s/iter; left time: 88.8587s
	speed: 0.0445s/iter; left time: 84.3808s
	speed: 0.0447s/iter; left time: 80.3988s
	speed: 0.0445s/iter; left time: 75.4850s
	speed: 0.0445s/iter; left time: 71.1693s
	speed: 0.0447s/iter; left time: 66.9740s
	speed: 0.0447s/iter; left time: 62.4210s
	speed: 0.0445s/iter; left time: 57.8205s
	speed: 0.0444s/iter; left time: 53.1967s
	speed: 0.0449s/iter; left time: 49.3048s
	speed: 0.0448s/iter; left time: 44.7031s
	speed: 0.0446s/iter; left time: 40.0716s
	speed: 0.0447s/iter; left time: 35.6636s
	speed: 0.0446s/iter; left time: 31.1357s
	speed: 0.0447s/iter; left time: 26.7298s
	speed: 0.0447s/iter; left time: 22.2547s
	speed: 0.0449s/iter; left time: 17.8660s
	speed: 0.0446s/iter; left time: 13.2852s
	speed: 0.0446s/iter; left time: 8.8220s
	speed: 0.0445s/iter; left time: 4.3586s
2025-11-03 13:43:05,001 - INFO - 训练完成!
2025-11-03 13:43:05,001 - INFO - 开始测试模型...
Epoch: 1, Cost time: 616.311s 
Loading checkpoint from: checkpoints_d_model_analysis/ring_d_model128_20251103_133245/Ring_cleaned_1minut_20250928_170147_checkpoint_2025-11-03_13-43-04/model.pth
Threshold : 0.9694111943244934
2025-11-03 13:47:59,625 - INFO - 测试完成!
pa_accuracy           : 0.9560
pa_precision          : 0.4827
pa_recall             : 0.6406
pa_f_score            : 0.5505
MCC_score             : 0.5337
Affiliation precision : 0.5631
Affiliation recall    : 0.8295
R_AUC_ROC             : 0.6552
R_AUC_PR              : 0.4808
VUS_ROC               : 0.6617
VUS_PR                : 0.4822
Accuracy : 0.9560, Precision : 0.4827, Recall : 0.6406, F-score : 0.5505 
Test results saved to: checkpoints_d_model_analysis/ring_d_model128_20251103_133245/Ring_cleaned_1minut_20250928_170147_checkpoint_2025-11-03_13-43-04/result.json
/home/wanting/KDD2023-DCdetector/venv/lib/python3.12/site-packages/tsfresh/__init__.py:12: UserWarning: pkg_resources is deprecated as an API. See https://setuptools.pypa.io/en/latest/pkg_resources.html. The pkg_resources package is slated for removal as early as 2025-11-30. Refrain from using this package or pin to Setuptools<81.
  import pkg_resources
2025-11-03 13:48:02,072 - INFO - 开始使用自定义数据集运行DCdetector...
2025-11-03 13:48:02,072 - INFO - 数据集: Custom
2025-11-03 13:48:02,072 - INFO - 输入特征维度: 28
2025-11-03 13:48:02,072 - INFO - 窗口大小: 30
2025-11-03 13:48:02,072 - INFO - 批次大小: 32
2025-11-03 13:48:03,762 - INFO - 开始训练模型...
[onlyNormalData=True] 训练集过滤异常数据: 408309 行 -> 390335 行 (移除 17974 个异常样本)
数据加载自: dataset/downsampleData_scratch_1minut/ring/Ring_cleaned_1minut_20250928_170147.parquet
训练集形状: (390335, 28)
验证集形状: (87495, 28)
测试集形状: (87495, 28)
特征维度: 28
异常比例（行级）:
- 训练集: 原始 4.40% -> 现有 0.00%
- 验证集: 2.97%
- 测试集: 4.20%
[onlyNormalData=True] 训练集过滤异常数据: 408309 行 -> 390335 行 (移除 17974 个异常样本)
数据加载自: dataset/downsampleData_scratch_1minut/ring/Ring_cleaned_1minut_20250928_170147.parquet
训练集形状: (390335, 28)
验证集形状: (87495, 28)
测试集形状: (87495, 28)
特征维度: 28
异常比例（行级）:
- 训练集: 原始 4.40% -> 现有 0.00%
- 验证集: 2.97%
- 测试集: 4.20%
[onlyNormalData=True] 训练集过滤异常数据: 408309 行 -> 390335 行 (移除 17974 个异常样本)
数据加载自: dataset/downsampleData_scratch_1minut/ring/Ring_cleaned_1minut_20250928_170147.parquet
训练集形状: (390335, 28)
验证集形状: (87495, 28)
测试集形状: (87495, 28)
特征维度: 28
异常比例（行级）:
- 训练集: 原始 4.40% -> 现有 0.00%
- 验证集: 2.97%
- 测试集: 4.20%
[onlyNormalData=True] 训练集过滤异常数据: 408309 行 -> 390335 行 (移除 17974 个异常样本)
数据加载自: dataset/downsampleData_scratch_1minut/ring/Ring_cleaned_1minut_20250928_170147.parquet
训练集形状: (390335, 28)
验证集形状: (87495, 28)
测试集形状: (87495, 28)
特征维度: 28
异常比例（行级）:
- 训练集: 原始 4.40% -> 现有 0.00%
- 验证集: 2.97%
- 测试集: 4.20%
	speed: 0.0487s/iter; left time: 589.4971s
	speed: 0.0446s/iter; left time: 535.4332s
	speed: 0.0444s/iter; left time: 528.2490s
	speed: 0.0446s/iter; left time: 526.2718s
	speed: 0.0447s/iter; left time: 522.5972s
	speed: 0.0446s/iter; left time: 517.3625s
	speed: 0.0446s/iter; left time: 512.6573s
	speed: 0.0447s/iter; left time: 509.6415s
	speed: 0.0446s/iter; left time: 504.1330s
	speed: 0.0446s/iter; left time: 499.0506s
	speed: 0.0447s/iter; left time: 495.5732s
	speed: 0.0448s/iter; left time: 492.2452s
	speed: 0.0446s/iter; left time: 485.9657s
	speed: 0.0448s/iter; left time: 484.0418s
	speed: 0.0447s/iter; left time: 477.7798s
	speed: 0.0447s/iter; left time: 473.7668s
	speed: 0.0447s/iter; left time: 469.3824s
	speed: 0.0446s/iter; left time: 463.6185s
	speed: 0.0446s/iter; left time: 459.7865s
	speed: 0.0449s/iter; left time: 458.1508s
	speed: 0.0447s/iter; left time: 451.7968s
	speed: 0.0449s/iter; left time: 449.3189s
	speed: 0.0448s/iter; left time: 443.0809s
	speed: 0.0447s/iter; left time: 437.9821s
	speed: 0.0448s/iter; left time: 434.0409s
	speed: 0.0447s/iter; left time: 429.2726s
	speed: 0.0446s/iter; left time: 423.4597s
	speed: 0.0448s/iter; left time: 420.5908s
	speed: 0.0450s/iter; left time: 418.2974s
	speed: 0.0447s/iter; left time: 410.7143s
	speed: 0.0446s/iter; left time: 405.7292s
	speed: 0.0447s/iter; left time: 402.5501s
	speed: 0.0450s/iter; left time: 400.5527s
	speed: 0.0452s/iter; left time: 397.3292s
	speed: 0.0448s/iter; left time: 389.6317s
	speed: 0.0448s/iter; left time: 384.9909s
	speed: 0.0447s/iter; left time: 379.7176s
	speed: 0.0447s/iter; left time: 375.2439s
	speed: 0.0447s/iter; left time: 370.7746s
	speed: 0.0447s/iter; left time: 366.2596s
	speed: 0.0446s/iter; left time: 361.3415s
	speed: 0.0447s/iter; left time: 357.4852s
	speed: 0.0447s/iter; left time: 352.8818s
	speed: 0.0445s/iter; left time: 346.9815s
	speed: 0.0444s/iter; left time: 341.6879s
	speed: 0.0448s/iter; left time: 340.4601s
	speed: 0.0444s/iter; left time: 332.8284s
	speed: 0.0445s/iter; left time: 329.3517s
	speed: 0.0446s/iter; left time: 325.3561s
	speed: 0.0446s/iter; left time: 321.3436s
	speed: 0.0444s/iter; left time: 315.3914s
	speed: 0.0446s/iter; left time: 312.1894s
	speed: 0.0446s/iter; left time: 307.8381s
	speed: 0.0446s/iter; left time: 303.5112s
	speed: 0.0447s/iter; left time: 299.1331s
	speed: 0.0448s/iter; left time: 295.4208s
	speed: 0.0445s/iter; left time: 289.4106s
	speed: 0.0444s/iter; left time: 284.2450s
	speed: 0.0446s/iter; left time: 281.2043s
	speed: 0.0445s/iter; left time: 275.9070s
	speed: 0.0445s/iter; left time: 271.6260s
	speed: 0.0447s/iter; left time: 268.3981s
	speed: 0.0445s/iter; left time: 262.5037s
	speed: 0.0445s/iter; left time: 257.9680s
	speed: 0.0446s/iter; left time: 254.3171s
	speed: 0.0444s/iter; left time: 248.7549s
	speed: 0.0446s/iter; left time: 245.4678s
	speed: 0.0443s/iter; left time: 239.2934s
	speed: 0.0447s/iter; left time: 236.6083s
	speed: 0.0449s/iter; left time: 233.4088s
	speed: 0.0444s/iter; left time: 226.3334s
	speed: 0.0446s/iter; left time: 222.8342s
	speed: 0.0447s/iter; left time: 218.7652s
	speed: 0.0446s/iter; left time: 213.9159s
	speed: 0.0442s/iter; left time: 207.6959s
	speed: 0.0446s/iter; left time: 205.0751s
	speed: 0.0447s/iter; left time: 201.2632s
	speed: 0.0446s/iter; left time: 196.1165s
	speed: 0.0447s/iter; left time: 192.1531s
	speed: 0.0447s/iter; left time: 187.7649s
	speed: 0.0444s/iter; left time: 181.8028s
	speed: 0.0446s/iter; left time: 178.2515s
	speed: 0.0446s/iter; left time: 173.9627s
	speed: 0.0448s/iter; left time: 169.9745s
	speed: 0.0448s/iter; left time: 165.8455s
	speed: 0.0443s/iter; left time: 159.4701s
	speed: 0.0446s/iter; left time: 155.9662s
	speed: 0.0448s/iter; left time: 152.3866s
	speed: 0.0444s/iter; left time: 146.5909s
	speed: 0.0446s/iter; left time: 142.6936s
	speed: 0.0445s/iter; left time: 137.9993s
	speed: 0.0446s/iter; left time: 133.5834s
	speed: 0.0445s/iter; left time: 128.9786s
	speed: 0.0449s/iter; left time: 125.7153s
	speed: 0.0448s/iter; left time: 120.9134s
	speed: 0.0448s/iter; left time: 116.2851s
	speed: 0.0446s/iter; left time: 111.3553s
	speed: 0.0448s/iter; left time: 107.3460s
	speed: 0.0447s/iter; left time: 102.6574s
	speed: 0.0446s/iter; left time: 97.9902s
	speed: 0.0447s/iter; left time: 93.7867s
	speed: 0.0448s/iter; left time: 89.5410s
	speed: 0.0444s/iter; left time: 84.3025s
	speed: 0.0446s/iter; left time: 80.2289s
	speed: 0.0446s/iter; left time: 75.7603s
	speed: 0.0450s/iter; left time: 71.9406s
	speed: 0.0449s/iter; left time: 67.2835s
	speed: 0.0448s/iter; left time: 62.6604s
	speed: 0.0447s/iter; left time: 57.9940s
	speed: 0.0444s/iter; left time: 53.1842s
	speed: 0.0447s/iter; left time: 49.0380s
	speed: 0.0448s/iter; left time: 44.7298s
	speed: 0.0449s/iter; left time: 40.3080s
	speed: 0.0446s/iter; left time: 35.5911s
	speed: 0.0444s/iter; left time: 30.9884s
	speed: 0.0447s/iter; left time: 26.7377s
	speed: 0.0448s/iter; left time: 22.3085s
	speed: 0.0449s/iter; left time: 17.8898s
	speed: 0.0447s/iter; left time: 13.3131s
	speed: 0.0443s/iter; left time: 8.7795s
	speed: 0.0446s/iter; left time: 4.3685s
2025-11-03 13:58:20,741 - INFO - 训练完成!
2025-11-03 13:58:20,741 - INFO - 开始测试模型...
Epoch: 1, Cost time: 616.956s 
Loading checkpoint from: checkpoints_d_model_analysis/ring_d_model256_20251103_134800/Ring_cleaned_1minut_20250928_170147_checkpoint_2025-11-03_13-58-20/model.pth
Threshold : 0.9905978471040704
2025-11-03 14:03:14,742 - INFO - 测试完成!
pa_accuracy           : 0.9557
pa_precision          : 0.4805
pa_recall             : 0.6406
pa_f_score            : 0.5491
MCC_score             : 0.5324
Affiliation precision : 0.5556
Affiliation recall    : 0.8240
R_AUC_ROC             : 0.6548
R_AUC_PR              : 0.4791
VUS_ROC               : 0.6622
VUS_PR                : 0.4816
Accuracy : 0.9557, Precision : 0.4805, Recall : 0.6406, F-score : 0.5491 
Test results saved to: checkpoints_d_model_analysis/ring_d_model256_20251103_134800/Ring_cleaned_1minut_20250928_170147_checkpoint_2025-11-03_13-58-20/result.json
/home/wanting/KDD2023-DCdetector/venv/lib/python3.12/site-packages/tsfresh/__init__.py:12: UserWarning: pkg_resources is deprecated as an API. See https://setuptools.pypa.io/en/latest/pkg_resources.html. The pkg_resources package is slated for removal as early as 2025-11-30. Refrain from using this package or pin to Setuptools<81.
  import pkg_resources
2025-11-03 14:03:17,264 - INFO - 开始使用自定义数据集运行DCdetector...
2025-11-03 14:03:17,264 - INFO - 数据集: Custom
2025-11-03 14:03:17,264 - INFO - 输入特征维度: 28
2025-11-03 14:03:17,264 - INFO - 窗口大小: 30
2025-11-03 14:03:17,264 - INFO - 批次大小: 32
2025-11-03 14:03:18,944 - INFO - 开始训练模型...
[onlyNormalData=True] 训练集过滤异常数据: 408309 行 -> 390335 行 (移除 17974 个异常样本)
数据加载自: dataset/downsampleData_scratch_1minut/ring/Ring_cleaned_1minut_20250928_170147.parquet
训练集形状: (390335, 28)
验证集形状: (87495, 28)
测试集形状: (87495, 28)
特征维度: 28
异常比例（行级）:
- 训练集: 原始 4.40% -> 现有 0.00%
- 验证集: 2.97%
- 测试集: 4.20%
[onlyNormalData=True] 训练集过滤异常数据: 408309 行 -> 390335 行 (移除 17974 个异常样本)
数据加载自: dataset/downsampleData_scratch_1minut/ring/Ring_cleaned_1minut_20250928_170147.parquet
训练集形状: (390335, 28)
验证集形状: (87495, 28)
测试集形状: (87495, 28)
特征维度: 28
异常比例（行级）:
- 训练集: 原始 4.40% -> 现有 0.00%
- 验证集: 2.97%
- 测试集: 4.20%
[onlyNormalData=True] 训练集过滤异常数据: 408309 行 -> 390335 行 (移除 17974 个异常样本)
数据加载自: dataset/downsampleData_scratch_1minut/ring/Ring_cleaned_1minut_20250928_170147.parquet
训练集形状: (390335, 28)
验证集形状: (87495, 28)
测试集形状: (87495, 28)
特征维度: 28
异常比例（行级）:
- 训练集: 原始 4.40% -> 现有 0.00%
- 验证集: 2.97%
- 测试集: 4.20%
[onlyNormalData=True] 训练集过滤异常数据: 408309 行 -> 390335 行 (移除 17974 个异常样本)
数据加载自: dataset/downsampleData_scratch_1minut/ring/Ring_cleaned_1minut_20250928_170147.parquet
训练集形状: (390335, 28)
验证集形状: (87495, 28)
测试集形状: (87495, 28)
特征维度: 28
异常比例（行级）:
- 训练集: 原始 4.40% -> 现有 0.00%
- 验证集: 2.97%
- 测试集: 4.20%
	speed: 0.0430s/iter; left time: 520.2095s
	speed: 0.0389s/iter; left time: 466.3305s
	speed: 0.0389s/iter; left time: 462.4583s
	speed: 0.0389s/iter; left time: 458.7720s
	speed: 0.0389s/iter; left time: 454.7630s
	speed: 0.0389s/iter; left time: 451.0119s
	speed: 0.0389s/iter; left time: 446.7011s
	speed: 0.0389s/iter; left time: 442.9691s
	speed: 0.0388s/iter; left time: 438.8947s
	speed: 0.0389s/iter; left time: 435.0794s
	speed: 0.0389s/iter; left time: 431.5008s
	speed: 0.0389s/iter; left time: 427.6609s
	speed: 0.0389s/iter; left time: 423.7553s
	speed: 0.0389s/iter; left time: 419.9636s
	speed: 0.0392s/iter; left time: 419.0983s
	speed: 0.0389s/iter; left time: 412.7813s
	speed: 0.0390s/iter; left time: 408.9924s
	speed: 0.0389s/iter; left time: 404.5547s
	speed: 0.0389s/iter; left time: 400.7872s
	speed: 0.0389s/iter; left time: 396.9265s
	speed: 0.0389s/iter; left time: 393.0453s
	speed: 0.0389s/iter; left time: 388.9573s
	speed: 0.0389s/iter; left time: 385.3330s
	speed: 0.0389s/iter; left time: 380.7385s
	speed: 0.0392s/iter; left time: 380.4439s
	speed: 0.0390s/iter; left time: 373.8866s
	speed: 0.0390s/iter; left time: 370.1609s
	speed: 0.0389s/iter; left time: 365.8903s
	speed: 0.0389s/iter; left time: 361.8877s
	speed: 0.0389s/iter; left time: 358.0892s
	speed: 0.0389s/iter; left time: 353.9067s
	speed: 0.0389s/iter; left time: 350.0697s
	speed: 0.0389s/iter; left time: 346.0346s
	speed: 0.0389s/iter; left time: 342.0821s
	speed: 0.0389s/iter; left time: 338.2669s
	speed: 0.0389s/iter; left time: 334.1751s
	speed: 0.0388s/iter; left time: 329.5409s
	speed: 0.0388s/iter; left time: 325.5622s
	speed: 0.0388s/iter; left time: 321.7797s
	speed: 0.0387s/iter; left time: 317.4985s
	speed: 0.0387s/iter; left time: 313.6663s
	speed: 0.0387s/iter; left time: 309.6737s
	speed: 0.0388s/iter; left time: 306.3942s
	speed: 0.0363s/iter; left time: 283.3997s
	speed: 0.0400s/iter; left time: 308.0890s
	speed: 0.0398s/iter; left time: 302.7575s
	speed: 0.0398s/iter; left time: 298.5508s
	speed: 0.0398s/iter; left time: 294.2779s
	speed: 0.0397s/iter; left time: 289.3685s
	speed: 0.0397s/iter; left time: 286.1155s
	speed: 0.0398s/iter; left time: 282.6656s
	speed: 0.0396s/iter; left time: 277.4046s
	speed: 0.0395s/iter; left time: 272.1692s
	speed: 0.0399s/iter; left time: 271.1035s
	speed: 0.0397s/iter; left time: 266.0930s
	speed: 0.0400s/iter; left time: 263.9526s
	speed: 0.0397s/iter; left time: 258.2406s
	speed: 0.0397s/iter; left time: 253.8468s
	speed: 0.0399s/iter; left time: 251.2691s
	speed: 0.0397s/iter; left time: 246.2772s
	speed: 0.0397s/iter; left time: 241.8005s
	speed: 0.0396s/iter; left time: 237.6578s
	speed: 0.0396s/iter; left time: 233.8370s
	speed: 0.0396s/iter; left time: 229.3877s
	speed: 0.0395s/iter; left time: 225.1567s
	speed: 0.0397s/iter; left time: 222.2395s
	speed: 0.0397s/iter; left time: 218.2652s
	speed: 0.0398s/iter; left time: 215.0999s
	speed: 0.0398s/iter; left time: 211.0831s
	speed: 0.0399s/iter; left time: 207.6389s
	speed: 0.0396s/iter; left time: 201.8618s
	speed: 0.0397s/iter; left time: 198.6415s
	speed: 0.0396s/iter; left time: 194.1983s
	speed: 0.0396s/iter; left time: 189.8907s
	speed: 0.0397s/iter; left time: 186.7223s
	speed: 0.0396s/iter; left time: 182.2441s
	speed: 0.0400s/iter; left time: 180.0413s
	speed: 0.0396s/iter; left time: 174.2777s
	speed: 0.0398s/iter; left time: 171.0656s
	speed: 0.0398s/iter; left time: 167.1346s
	speed: 0.0398s/iter; left time: 162.9456s
	speed: 0.0400s/iter; left time: 159.8045s
	speed: 0.0400s/iter; left time: 156.0793s
	speed: 0.0396s/iter; left time: 150.4624s
	speed: 0.0399s/iter; left time: 147.5951s
	speed: 0.0397s/iter; left time: 142.6881s
	speed: 0.0399s/iter; left time: 139.7156s
	speed: 0.0397s/iter; left time: 134.8043s
	speed: 0.0398s/iter; left time: 131.2427s
	speed: 0.0402s/iter; left time: 128.5945s
	speed: 0.0398s/iter; left time: 123.2475s
	speed: 0.0397s/iter; left time: 118.8883s
	speed: 0.0400s/iter; left time: 115.8868s
	speed: 0.0396s/iter; left time: 110.9330s
	speed: 0.0398s/iter; left time: 107.2616s
	speed: 0.0399s/iter; left time: 103.6146s
	speed: 0.0398s/iter; left time: 99.3389s
	speed: 0.0400s/iter; left time: 95.8551s
	speed: 0.0398s/iter; left time: 91.4709s
	speed: 0.0401s/iter; left time: 88.1141s
	speed: 0.0403s/iter; left time: 84.6291s
	speed: 0.0397s/iter; left time: 79.2844s
	speed: 0.0398s/iter; left time: 75.4649s
	speed: 0.0399s/iter; left time: 71.8221s
	speed: 0.0398s/iter; left time: 67.5522s
	speed: 0.0397s/iter; left time: 63.3870s
	speed: 0.0397s/iter; left time: 59.5275s
	speed: 0.0400s/iter; left time: 55.9306s
	speed: 0.0395s/iter; left time: 51.2712s
	speed: 0.0402s/iter; left time: 48.1751s
	speed: 0.0397s/iter; left time: 43.6305s
	speed: 0.0400s/iter; left time: 39.9546s
	speed: 0.0396s/iter; left time: 35.6053s
	speed: 0.0401s/iter; left time: 31.9888s
	speed: 0.0400s/iter; left time: 27.9527s
	speed: 0.0397s/iter; left time: 23.7479s
	speed: 0.0399s/iter; left time: 19.8532s
	speed: 0.0398s/iter; left time: 15.8464s
	speed: 0.0400s/iter; left time: 11.9052s
	speed: 0.0396s/iter; left time: 7.8488s
	speed: 0.0399s/iter; left time: 3.9141s
2025-11-03 14:12:28,048 - INFO - 训练完成!
2025-11-03 14:12:28,048 - INFO - 开始测试模型...
Epoch: 1, Cost time: 549.082s 
Loading checkpoint from: checkpoints_d_model_analysis/ring_d_model512_20251103_140315/Ring_cleaned_1minut_20250928_170147_checkpoint_2025-11-03_14-12-28/model.pth
Threshold : 0.9893988370895386
2025-11-03 14:16:32,585 - INFO - 测试完成!
pa_accuracy           : 0.9560
pa_precision          : 0.4831
pa_recall             : 0.6501
pa_f_score            : 0.5543
MCC_score             : 0.5382
Affiliation precision : 0.5385
Affiliation recall    : 0.8125
R_AUC_ROC             : 0.6568
R_AUC_PR              : 0.4824
VUS_ROC               : 0.6632
VUS_PR                : 0.4837
Accuracy : 0.9560, Precision : 0.4831, Recall : 0.6501, F-score : 0.5543 
Test results saved to: checkpoints_d_model_analysis/ring_d_model512_20251103_140315/Ring_cleaned_1minut_20250928_170147_checkpoint_2025-11-03_14-12-28/result.json

================================================================================
ANOMALY TRANSFORMER - PARAMETER ANALYSIS
================================================================================
Parameter to analyze: d_model
Parameter values: [128, 256, 512, 1024]
Datasets: ['contact', 'ring', 'pcb']
Fixed parameters: {'num_epochs': 1, 'batch_size': 32, 'lr': 0.0001, 'win_size': 30, 'n_heads': 7, 'e_layers': 3, 'patch_size': '3,6,10', 'anormly_ratio': 3.0}
================================================================================

Working directory: /home/wanting/KDD2023-DCdetector


Starting experiments...

################################################################################
# Experiment 1/12
# Dataset: contact, d_model: 128
################################################################################


================================================================================
Running: contact | d_model=128
================================================================================
Command: python run_custom_dataset.py --dataset Custom --data_path dataset/downsampleData_scratch_1minut/contact/contact_cleaned_1minut_20250928_172122.parquet --num_epochs 1 --win_size 30 --batch_size 32 --mode train --input_c 27 --output_c 27 --lr 0.0001 --anormly_ratio 3.0 --index 0 --patience 3 --patch_size 3,6,10 --n_heads 7 --d_model 256 --e_layers 3 --d_ff 512 --activation gelu --output_attention True --model_save_path checkpoints_d_model_analysis/contact_d_model128_20251103_124555
================================================================================


✓ Results: Precision=0.5364, Recall=0.6625, F-score=0.5928

################################################################################
# Experiment 2/12
# Dataset: contact, d_model: 256
################################################################################


================================================================================
Running: contact | d_model=256
================================================================================
Command: python run_custom_dataset.py --dataset Custom --data_path dataset/downsampleData_scratch_1minut/contact/contact_cleaned_1minut_20250928_172122.parquet --num_epochs 1 --win_size 30 --batch_size 32 --mode train --input_c 27 --output_c 27 --lr 0.0001 --anormly_ratio 3.0 --index 0 --patience 3 --patch_size 3,6,10 --n_heads 7 --d_model 256 --e_layers 3 --d_ff 512 --activation gelu --output_attention True --model_save_path checkpoints_d_model_analysis/contact_d_model256_20251103_125720
================================================================================


✓ Results: Precision=0.5599, Recall=0.7139, F-score=0.6276

################################################################################
# Experiment 3/12
# Dataset: contact, d_model: 512
################################################################################


================================================================================
Running: contact | d_model=512
================================================================================
Command: python run_custom_dataset.py --dataset Custom --data_path dataset/downsampleData_scratch_1minut/contact/contact_cleaned_1minut_20250928_172122.parquet --num_epochs 1 --win_size 30 --batch_size 32 --mode train --input_c 27 --output_c 27 --lr 0.0001 --anormly_ratio 3.0 --index 0 --patience 3 --patch_size 3,6,10 --n_heads 7 --d_model 256 --e_layers 3 --d_ff 512 --activation gelu --output_attention True --model_save_path checkpoints_d_model_analysis/contact_d_model512_20251103_130900
================================================================================


✓ Results: Precision=0.5417, Recall=0.6684, F-score=0.5984

################################################################################
# Experiment 4/12
# Dataset: contact, d_model: 1024
################################################################################


================================================================================
Running: contact | d_model=1024
================================================================================
Command: python run_custom_dataset.py --dataset Custom --data_path dataset/downsampleData_scratch_1minut/contact/contact_cleaned_1minut_20250928_172122.parquet --num_epochs 1 --win_size 30 --batch_size 32 --mode train --input_c 27 --output_c 27 --lr 0.0001 --anormly_ratio 3.0 --index 0 --patience 3 --patch_size 3,6,10 --n_heads 7 --d_model 256 --e_layers 3 --d_ff 512 --activation gelu --output_attention True --model_save_path checkpoints_d_model_analysis/contact_d_model1024_20251103_132140
================================================================================


✓ Results: Precision=0.5494, Recall=0.6838, F-score=0.6093

################################################################################
# Experiment 5/12
# Dataset: ring, d_model: 128
################################################################################


================================================================================
Running: ring | d_model=128
================================================================================
Command: python run_custom_dataset.py --dataset Custom --data_path dataset/downsampleData_scratch_1minut/ring/Ring_cleaned_1minut_20250928_170147.parquet --num_epochs 1 --win_size 30 --batch_size 32 --mode train --input_c 28 --output_c 28 --lr 0.0001 --anormly_ratio 3.0 --index 0 --patience 3 --patch_size 3,6,10 --n_heads 7 --d_model 256 --e_layers 3 --d_ff 512 --activation gelu --output_attention True --model_save_path checkpoints_d_model_analysis/ring_d_model128_20251103_133245
================================================================================


✓ Results: Precision=0.4827, Recall=0.6406, F-score=0.5505

################################################################################
# Experiment 6/12
# Dataset: ring, d_model: 256
################################################################################


================================================================================
Running: ring | d_model=256
================================================================================
Command: python run_custom_dataset.py --dataset Custom --data_path dataset/downsampleData_scratch_1minut/ring/Ring_cleaned_1minut_20250928_170147.parquet --num_epochs 1 --win_size 30 --batch_size 32 --mode train --input_c 28 --output_c 28 --lr 0.0001 --anormly_ratio 3.0 --index 0 --patience 3 --patch_size 3,6,10 --n_heads 7 --d_model 256 --e_layers 3 --d_ff 512 --activation gelu --output_attention True --model_save_path checkpoints_d_model_analysis/ring_d_model256_20251103_134800
================================================================================


✓ Results: Precision=0.4805, Recall=0.6406, F-score=0.5491

################################################################################
# Experiment 7/12
# Dataset: ring, d_model: 512
################################################################################


================================================================================
Running: ring | d_model=512
================================================================================
Command: python run_custom_dataset.py --dataset Custom --data_path dataset/downsampleData_scratch_1minut/ring/Ring_cleaned_1minut_20250928_170147.parquet --num_epochs 1 --win_size 30 --batch_size 32 --mode train --input_c 28 --output_c 28 --lr 0.0001 --anormly_ratio 3.0 --index 0 --patience 3 --patch_size 3,6,10 --n_heads 7 --d_model 256 --e_layers 3 --d_ff 512 --activation gelu --output_attention True --model_save_path checkpoints_d_model_analysis/ring_d_model512_20251103_140315
================================================================================


✓ Results: Precision=0.4831, Recall=0.6501, F-score=0.5543

################################################################################
# Experiment 8/12
# Dataset: ring, d_model: 1024
################################################################################

/home/wanting/KDD2023-DCdetector/venv/lib/python3.12/site-packages/tsfresh/__init__.py:12: UserWarning: pkg_resources is deprecated as an API. See https://setuptools.pypa.io/en/latest/pkg_resources.html. The pkg_resources package is slated for removal as early as 2025-11-30. Refrain from using this package or pin to Setuptools<81.
  import pkg_resources
2025-11-03 14:16:35,090 - INFO - 开始使用自定义数据集运行DCdetector...
2025-11-03 14:16:35,090 - INFO - 数据集: Custom
2025-11-03 14:16:35,090 - INFO - 输入特征维度: 28
2025-11-03 14:16:35,090 - INFO - 窗口大小: 30
2025-11-03 14:16:35,090 - INFO - 批次大小: 32
2025-11-03 14:16:36,770 - INFO - 开始训练模型...
[onlyNormalData=True] 训练集过滤异常数据: 408309 行 -> 390335 行 (移除 17974 个异常样本)
数据加载自: dataset/downsampleData_scratch_1minut/ring/Ring_cleaned_1minut_20250928_170147.parquet
训练集形状: (390335, 28)
验证集形状: (87495, 28)
测试集形状: (87495, 28)
特征维度: 28
异常比例（行级）:
- 训练集: 原始 4.40% -> 现有 0.00%
- 验证集: 2.97%
- 测试集: 4.20%
[onlyNormalData=True] 训练集过滤异常数据: 408309 行 -> 390335 行 (移除 17974 个异常样本)
数据加载自: dataset/downsampleData_scratch_1minut/ring/Ring_cleaned_1minut_20250928_170147.parquet
训练集形状: (390335, 28)
验证集形状: (87495, 28)
测试集形状: (87495, 28)
特征维度: 28
异常比例（行级）:
- 训练集: 原始 4.40% -> 现有 0.00%
- 验证集: 2.97%
- 测试集: 4.20%
[onlyNormalData=True] 训练集过滤异常数据: 408309 行 -> 390335 行 (移除 17974 个异常样本)
数据加载自: dataset/downsampleData_scratch_1minut/ring/Ring_cleaned_1minut_20250928_170147.parquet
训练集形状: (390335, 28)
验证集形状: (87495, 28)
测试集形状: (87495, 28)
特征维度: 28
异常比例（行级）:
- 训练集: 原始 4.40% -> 现有 0.00%
- 验证集: 2.97%
- 测试集: 4.20%
[onlyNormalData=True] 训练集过滤异常数据: 408309 行 -> 390335 行 (移除 17974 个异常样本)
数据加载自: dataset/downsampleData_scratch_1minut/ring/Ring_cleaned_1minut_20250928_170147.parquet
训练集形状: (390335, 28)
验证集形状: (87495, 28)
测试集形状: (87495, 28)
特征维度: 28
异常比例（行级）:
- 训练集: 原始 4.40% -> 现有 0.00%
- 验证集: 2.97%
- 测试集: 4.20%
	speed: 0.0442s/iter; left time: 534.4002s
	speed: 0.0397s/iter; left time: 476.8787s
	speed: 0.0395s/iter; left time: 469.4737s
	speed: 0.0397s/iter; left time: 468.8425s
	speed: 0.0396s/iter; left time: 462.7997s
	speed: 0.0396s/iter; left time: 459.4180s
	speed: 0.0396s/iter; left time: 455.7170s
	speed: 0.0402s/iter; left time: 458.3473s
	speed: 0.0400s/iter; left time: 451.9954s
	speed: 0.0398s/iter; left time: 445.5845s
	speed: 0.0396s/iter; left time: 439.3177s
	speed: 0.0400s/iter; left time: 439.4906s
	speed: 0.0396s/iter; left time: 431.3286s
	speed: 0.0398s/iter; left time: 429.2560s
	speed: 0.0397s/iter; left time: 424.4787s
	speed: 0.0396s/iter; left time: 419.9611s
	speed: 0.0399s/iter; left time: 418.8859s
	speed: 0.0397s/iter; left time: 412.5587s
	speed: 0.0400s/iter; left time: 412.4184s
	speed: 0.0397s/iter; left time: 405.0168s
	speed: 0.0400s/iter; left time: 404.0860s
	speed: 0.0399s/iter; left time: 399.0836s
	speed: 0.0398s/iter; left time: 394.0451s
	speed: 0.0400s/iter; left time: 392.3660s
	speed: 0.0396s/iter; left time: 383.7976s
	speed: 0.0360s/iter; left time: 345.1989s
	speed: 0.0239s/iter; left time: 226.6810s
	speed: 0.0166s/iter; left time: 155.6165s
	speed: 0.0167s/iter; left time: 155.5201s
	speed: 0.0168s/iter; left time: 154.6796s
	speed: 0.0167s/iter; left time: 151.9737s
	speed: 0.0167s/iter; left time: 149.9773s
	speed: 0.0166s/iter; left time: 148.0215s
	speed: 0.0166s/iter; left time: 146.4767s
	speed: 0.0166s/iter; left time: 144.5932s
	speed: 0.0167s/iter; left time: 143.3234s
	speed: 0.0172s/iter; left time: 146.3254s
	speed: 0.0179s/iter; left time: 150.3298s
	speed: 0.0247s/iter; left time: 205.3024s
	speed: 0.0331s/iter; left time: 271.3702s
	speed: 0.0331s/iter; left time: 268.0405s
	speed: 0.0331s/iter; left time: 264.7364s
	speed: 0.0331s/iter; left time: 261.3846s
	speed: 0.0331s/iter; left time: 258.2549s
	speed: 0.0331s/iter; left time: 254.6023s
	speed: 0.0331s/iter; left time: 251.8084s
	speed: 0.0331s/iter; left time: 248.0041s
	speed: 0.0331s/iter; left time: 244.7012s
	speed: 0.0331s/iter; left time: 241.6507s
	speed: 0.0330s/iter; left time: 237.5145s
	speed: 0.0331s/iter; left time: 234.6552s
	speed: 0.0331s/iter; left time: 231.3966s
	speed: 0.0331s/iter; left time: 228.4690s
	speed: 0.0331s/iter; left time: 225.0132s
	speed: 0.0331s/iter; left time: 221.5989s
	speed: 0.0331s/iter; left time: 218.3533s
	speed: 0.0331s/iter; left time: 215.1169s
	speed: 0.0331s/iter; left time: 211.7157s
	speed: 0.0331s/iter; left time: 208.4894s
	speed: 0.0331s/iter; left time: 205.0069s
	speed: 0.0334s/iter; left time: 203.7175s
	speed: 0.0331s/iter; left time: 198.2355s
	speed: 0.0331s/iter; left time: 195.4491s
	speed: 0.0331s/iter; left time: 191.8690s
	speed: 0.0331s/iter; left time: 188.5100s
	speed: 0.0330s/iter; left time: 184.8499s
	speed: 0.0331s/iter; left time: 181.9870s
	speed: 0.0331s/iter; left time: 178.6942s
	speed: 0.0331s/iter; left time: 175.5577s
	speed: 0.0331s/iter; left time: 172.0867s
	speed: 0.0331s/iter; left time: 168.6401s
	speed: 0.0330s/iter; left time: 165.0724s
	speed: 0.0331s/iter; left time: 162.1522s
	speed: 0.0331s/iter; left time: 158.7185s
	speed: 0.0330s/iter; left time: 155.1705s
	speed: 0.0331s/iter; left time: 152.2388s
	speed: 0.0331s/iter; left time: 148.9602s
	speed: 0.0331s/iter; left time: 145.7199s
	speed: 0.0331s/iter; left time: 142.2649s
	speed: 0.0330s/iter; left time: 138.7436s
	speed: 0.0330s/iter; left time: 135.4193s
	speed: 0.0331s/iter; left time: 132.2814s
	speed: 0.0331s/iter; left time: 129.0628s
	speed: 0.0331s/iter; left time: 125.6665s
	speed: 0.0331s/iter; left time: 122.3743s
	speed: 0.0331s/iter; left time: 119.0447s
	speed: 0.0331s/iter; left time: 115.6810s
	speed: 0.0335s/iter; left time: 113.6658s
	speed: 0.0331s/iter; left time: 109.2713s
	speed: 0.0330s/iter; left time: 105.6057s
	speed: 0.0331s/iter; left time: 102.5299s
	speed: 0.0331s/iter; left time: 99.2290s
	speed: 0.0331s/iter; left time: 95.8640s
	speed: 0.0331s/iter; left time: 92.5346s
	speed: 0.0331s/iter; left time: 89.2555s
	speed: 0.0331s/iter; left time: 85.8795s
	speed: 0.0331s/iter; left time: 82.7379s
	speed: 0.0330s/iter; left time: 79.2416s
	speed: 0.0331s/iter; left time: 76.1431s
	speed: 0.0331s/iter; left time: 72.8281s
	speed: 0.0330s/iter; left time: 69.3381s
	speed: 0.0331s/iter; left time: 66.0736s
	speed: 0.0331s/iter; left time: 62.8323s
	speed: 0.0331s/iter; left time: 59.4764s
	speed: 0.0331s/iter; left time: 56.1307s
	speed: 0.0331s/iter; left time: 52.8764s
	speed: 0.0331s/iter; left time: 49.6199s
	speed: 0.0331s/iter; left time: 46.2994s
	speed: 0.0331s/iter; left time: 42.9557s
	speed: 0.0331s/iter; left time: 39.6507s
	speed: 0.0331s/iter; left time: 36.3533s
	speed: 0.0331s/iter; left time: 33.0185s
	speed: 0.0331s/iter; left time: 29.7404s
	speed: 0.0331s/iter; left time: 26.3835s
	speed: 0.0331s/iter; left time: 23.1144s
	speed: 0.0331s/iter; left time: 19.7959s
	speed: 0.0331s/iter; left time: 16.4714s
	speed: 0.0334s/iter; left time: 13.2968s
	speed: 0.0332s/iter; left time: 9.8878s
	speed: 0.0331s/iter; left time: 6.5564s
	speed: 0.0332s/iter; left time: 3.2493s
2025-11-03 14:24:02,464 - INFO - 训练完成!
2025-11-03 14:24:02,464 - INFO - 开始测试模型...
Epoch: 1, Cost time: 445.672s 
Loading checkpoint from: checkpoints_d_model_analysis/ring_d_model1024_20251103_141633/Ring_cleaned_1minut_20250928_170147_checkpoint_2025-11-03_14-24-02/model.pth
Threshold : 0.9902538657188416
2025-11-03 14:26:29,702 - INFO - 测试完成!
pa_accuracy           : 0.9568
pa_precision          : 0.4900
pa_recall             : 0.6566
pa_f_score            : 0.5612
MCC_score             : 0.5453
Affiliation precision : 0.5442
Affiliation recall    : 0.8067
R_AUC_ROC             : 0.6579
R_AUC_PR              : 0.4861
VUS_ROC               : 0.6647
VUS_PR                : 0.4878
Accuracy : 0.9568, Precision : 0.4900, Recall : 0.6566, F-score : 0.5612 
Test results saved to: checkpoints_d_model_analysis/ring_d_model1024_20251103_141633/Ring_cleaned_1minut_20250928_170147_checkpoint_2025-11-03_14-24-02/result.json
/home/wanting/KDD2023-DCdetector/venv/lib/python3.12/site-packages/tsfresh/__init__.py:12: UserWarning: pkg_resources is deprecated as an API. See https://setuptools.pypa.io/en/latest/pkg_resources.html. The pkg_resources package is slated for removal as early as 2025-11-30. Refrain from using this package or pin to Setuptools<81.
  import pkg_resources
2025-11-03 14:26:32,143 - INFO - 开始使用自定义数据集运行DCdetector...
2025-11-03 14:26:32,143 - INFO - 数据集: Custom
2025-11-03 14:26:32,143 - INFO - 输入特征维度: 31
2025-11-03 14:26:32,143 - INFO - 窗口大小: 30
2025-11-03 14:26:32,143 - INFO - 批次大小: 32
2025-11-03 14:26:33,926 - INFO - 开始训练模型...
[onlyNormalData=True] 训练集过滤异常数据: 408340 行 -> 391922 行 (移除 16418 个异常样本)
数据加载自: dataset/downsampleData_scratch_1minut/pcb/pcb_cleaned_1minut_20250928_161509.parquet
训练集形状: (391922, 31)
验证集形状: (87502, 31)
测试集形状: (87502, 31)
特征维度: 31
异常比例（行级）:
- 训练集: 原始 4.02% -> 现有 0.00%
- 验证集: 1.52%
- 测试集: 2.10%
[onlyNormalData=True] 训练集过滤异常数据: 408340 行 -> 391922 行 (移除 16418 个异常样本)
数据加载自: dataset/downsampleData_scratch_1minut/pcb/pcb_cleaned_1minut_20250928_161509.parquet
训练集形状: (391922, 31)
验证集形状: (87502, 31)
测试集形状: (87502, 31)
特征维度: 31
异常比例（行级）:
- 训练集: 原始 4.02% -> 现有 0.00%
- 验证集: 1.52%
- 测试集: 2.10%
[onlyNormalData=True] 训练集过滤异常数据: 408340 行 -> 391922 行 (移除 16418 个异常样本)
数据加载自: dataset/downsampleData_scratch_1minut/pcb/pcb_cleaned_1minut_20250928_161509.parquet
训练集形状: (391922, 31)
验证集形状: (87502, 31)
测试集形状: (87502, 31)
特征维度: 31
异常比例（行级）:
- 训练集: 原始 4.02% -> 现有 0.00%
- 验证集: 1.52%
- 测试集: 2.10%
[onlyNormalData=True] 训练集过滤异常数据: 408340 行 -> 391922 行 (移除 16418 个异常样本)
数据加载自: dataset/downsampleData_scratch_1minut/pcb/pcb_cleaned_1minut_20250928_161509.parquet
训练集形状: (391922, 31)
验证集形状: (87502, 31)
测试集形状: (87502, 31)
特征维度: 31
异常比例（行级）:
- 训练集: 原始 4.02% -> 现有 0.00%
- 验证集: 1.52%
- 测试集: 2.10%
	speed: 0.0310s/iter; left time: 376.7418s
	speed: 0.0269s/iter; left time: 324.2894s
	speed: 0.0269s/iter; left time: 321.2791s
	speed: 0.0269s/iter; left time: 318.4859s
	speed: 0.0269s/iter; left time: 315.8803s
	speed: 0.0269s/iter; left time: 313.4196s
	speed: 0.0269s/iter; left time: 310.4371s
	speed: 0.0269s/iter; left time: 308.1080s
	speed: 0.0269s/iter; left time: 305.1853s
	speed: 0.0269s/iter; left time: 302.7007s
	speed: 0.0269s/iter; left time: 299.6944s
	speed: 0.0269s/iter; left time: 297.3367s
	speed: 0.0269s/iter; left time: 294.5928s
	speed: 0.0269s/iter; left time: 291.4179s
	speed: 0.0245s/iter; left time: 263.5068s
	speed: 0.0197s/iter; left time: 209.9460s
	speed: 0.0178s/iter; left time: 187.2271s
	speed: 0.0177s/iter; left time: 185.3881s
	speed: 0.0180s/iter; left time: 186.1931s
	speed: 0.0175s/iter; left time: 179.7220s
	speed: 0.0176s/iter; left time: 178.2867s
	speed: 0.0176s/iter; left time: 176.4682s
	speed: 0.0175s/iter; left time: 174.3909s
	speed: 0.0181s/iter; left time: 178.2988s
	speed: 0.0189s/iter; left time: 184.6749s
	speed: 0.0244s/iter; left time: 235.1509s
	speed: 0.0397s/iter; left time: 378.6801s
	speed: 0.0400s/iter; left time: 377.7256s
	speed: 0.0403s/iter; left time: 376.8928s
	speed: 0.0403s/iter; left time: 372.9232s
	speed: 0.0404s/iter; left time: 369.7552s
	speed: 0.0402s/iter; left time: 364.0161s
	speed: 0.0404s/iter; left time: 361.7733s
	speed: 0.0403s/iter; left time: 356.4199s
	speed: 0.0403s/iter; left time: 352.1571s
	speed: 0.0404s/iter; left time: 349.2561s
	speed: 0.0403s/iter; left time: 344.3882s
	speed: 0.0407s/iter; left time: 344.1444s
	speed: 0.0404s/iter; left time: 336.8646s
	speed: 0.0403s/iter; left time: 332.5781s
	speed: 0.0404s/iter; left time: 329.2420s
	speed: 0.0403s/iter; left time: 324.2291s
	speed: 0.0405s/iter; left time: 321.5794s
	speed: 0.0402s/iter; left time: 315.6221s
	speed: 0.0403s/iter; left time: 312.3414s
	speed: 0.0404s/iter; left time: 309.0009s
	speed: 0.0405s/iter; left time: 305.9680s
	speed: 0.0405s/iter; left time: 301.4416s
	speed: 0.0399s/iter; left time: 293.4070s
	speed: 0.0395s/iter; left time: 286.3197s
	speed: 0.0392s/iter; left time: 280.3143s
	speed: 0.0397s/iter; left time: 279.5902s
	speed: 0.0391s/iter; left time: 271.9149s
	speed: 0.0398s/iter; left time: 272.4693s
	speed: 0.0400s/iter; left time: 269.9446s
	speed: 0.0394s/iter; left time: 261.9684s
	speed: 0.0397s/iter; left time: 259.7028s
	speed: 0.0404s/iter; left time: 260.2996s
	speed: 0.0402s/iter; left time: 255.3941s
	speed: 0.0400s/iter; left time: 249.8713s
	speed: 0.0397s/iter; left time: 244.2908s
	speed: 0.0400s/iter; left time: 241.8169s
	speed: 0.0402s/iter; left time: 239.2447s
	speed: 0.0404s/iter; left time: 236.3555s
	speed: 0.0403s/iter; left time: 231.3834s
	speed: 0.0405s/iter; left time: 228.4298s
	speed: 0.0403s/iter; left time: 223.4241s
	speed: 0.0404s/iter; left time: 220.2477s
	speed: 0.0403s/iter; left time: 215.5869s
	speed: 0.0404s/iter; left time: 211.7245s
	speed: 0.0404s/iter; left time: 208.0396s
	speed: 0.0402s/iter; left time: 202.9916s
	speed: 0.0403s/iter; left time: 199.4920s
	speed: 0.0403s/iter; left time: 195.4400s
	speed: 0.0403s/iter; left time: 191.3870s
	speed: 0.0403s/iter; left time: 187.4073s
	speed: 0.0404s/iter; left time: 183.8002s
	speed: 0.0402s/iter; left time: 178.9248s
	speed: 0.0404s/iter; left time: 175.5518s
	speed: 0.0403s/iter; left time: 171.3660s
	speed: 0.0403s/iter; left time: 167.2183s
	speed: 0.0404s/iter; left time: 163.4415s
	speed: 0.0403s/iter; left time: 158.8968s
	speed: 0.0405s/iter; left time: 155.6865s
	speed: 0.0403s/iter; left time: 150.8474s
	speed: 0.0402s/iter; left time: 146.7586s
	speed: 0.0402s/iter; left time: 142.7602s
	speed: 0.0403s/iter; left time: 138.9837s
	speed: 0.0404s/iter; left time: 135.2036s
	speed: 0.0403s/iter; left time: 130.8152s
	speed: 0.0404s/iter; left time: 127.1231s
	speed: 0.0403s/iter; left time: 122.8360s
	speed: 0.0403s/iter; left time: 118.8688s
	speed: 0.0404s/iter; left time: 115.0226s
	speed: 0.0403s/iter; left time: 110.6083s
	speed: 0.0404s/iter; left time: 106.9978s
	speed: 0.0403s/iter; left time: 102.6718s
	speed: 0.0403s/iter; left time: 98.6629s
	speed: 0.0404s/iter; left time: 94.8283s
	speed: 0.0403s/iter; left time: 90.4687s
	speed: 0.0405s/iter; left time: 86.9013s
	speed: 0.0403s/iter; left time: 82.4019s
	speed: 0.0404s/iter; left time: 78.6784s
	speed: 0.0403s/iter; left time: 74.4934s
	speed: 0.0403s/iter; left time: 70.4470s
	speed: 0.0404s/iter; left time: 66.5858s
	speed: 0.0402s/iter; left time: 62.2525s
	speed: 0.0404s/iter; left time: 58.4640s
	speed: 0.0403s/iter; left time: 54.2786s
	speed: 0.0403s/iter; left time: 50.2166s
	speed: 0.0405s/iter; left time: 46.4220s
	speed: 0.0402s/iter; left time: 42.1337s
	speed: 0.0403s/iter; left time: 38.1271s
	speed: 0.0404s/iter; left time: 34.2161s
	speed: 0.0403s/iter; left time: 30.1103s
	speed: 0.0403s/iter; left time: 26.0577s
	speed: 0.0405s/iter; left time: 22.1310s
	speed: 0.0403s/iter; left time: 17.9976s
	speed: 0.0405s/iter; left time: 14.0414s
	speed: 0.0403s/iter; left time: 9.9579s
	speed: 0.0403s/iter; left time: 5.9300s
	speed: 0.0404s/iter; left time: 1.9003s
2025-11-03 14:35:03,758 - INFO - 训练完成!
2025-11-03 14:35:03,759 - INFO - 开始测试模型...
Epoch: 1, Cost time: 509.808s 
Loading checkpoint from: checkpoints_d_model_analysis/pcb_d_model128_20251103_142630/pcb_cleaned_1minut_20250928_161509_checkpoint_2025-11-03_14-35-03/model.pth
Threshold : 0.9993481040000916
2025-11-03 14:39:17,965 - INFO - 测试完成!
pa_accuracy           : 0.9646
pa_precision          : 0.3398
pa_recall             : 0.7244
pa_f_score            : 0.4626
MCC_score             : 0.4813
Affiliation precision : 0.5190
Affiliation recall    : 0.9222
R_AUC_ROC             : 0.6334
R_AUC_PR              : 0.3721
VUS_ROC               : 0.6461
VUS_PR                : 0.3821
Accuracy : 0.9646, Precision : 0.3398, Recall : 0.7244, F-score : 0.4626 
Test results saved to: checkpoints_d_model_analysis/pcb_d_model128_20251103_142630/pcb_cleaned_1minut_20250928_161509_checkpoint_2025-11-03_14-35-03/result.json
/home/wanting/KDD2023-DCdetector/venv/lib/python3.12/site-packages/tsfresh/__init__.py:12: UserWarning: pkg_resources is deprecated as an API. See https://setuptools.pypa.io/en/latest/pkg_resources.html. The pkg_resources package is slated for removal as early as 2025-11-30. Refrain from using this package or pin to Setuptools<81.
  import pkg_resources
2025-11-03 14:39:20,392 - INFO - 开始使用自定义数据集运行DCdetector...
2025-11-03 14:39:20,392 - INFO - 数据集: Custom
2025-11-03 14:39:20,392 - INFO - 输入特征维度: 31
2025-11-03 14:39:20,392 - INFO - 窗口大小: 30
2025-11-03 14:39:20,392 - INFO - 批次大小: 32
2025-11-03 14:39:22,187 - INFO - 开始训练模型...
[onlyNormalData=True] 训练集过滤异常数据: 408340 行 -> 391922 行 (移除 16418 个异常样本)
数据加载自: dataset/downsampleData_scratch_1minut/pcb/pcb_cleaned_1minut_20250928_161509.parquet
训练集形状: (391922, 31)
验证集形状: (87502, 31)
测试集形状: (87502, 31)
特征维度: 31
异常比例（行级）:
- 训练集: 原始 4.02% -> 现有 0.00%
- 验证集: 1.52%
- 测试集: 2.10%
[onlyNormalData=True] 训练集过滤异常数据: 408340 行 -> 391922 行 (移除 16418 个异常样本)
数据加载自: dataset/downsampleData_scratch_1minut/pcb/pcb_cleaned_1minut_20250928_161509.parquet
训练集形状: (391922, 31)
验证集形状: (87502, 31)
测试集形状: (87502, 31)
特征维度: 31
异常比例（行级）:
- 训练集: 原始 4.02% -> 现有 0.00%
- 验证集: 1.52%
- 测试集: 2.10%
[onlyNormalData=True] 训练集过滤异常数据: 408340 行 -> 391922 行 (移除 16418 个异常样本)
数据加载自: dataset/downsampleData_scratch_1minut/pcb/pcb_cleaned_1minut_20250928_161509.parquet
训练集形状: (391922, 31)
验证集形状: (87502, 31)
测试集形状: (87502, 31)
特征维度: 31
异常比例（行级）:
- 训练集: 原始 4.02% -> 现有 0.00%
- 验证集: 1.52%
- 测试集: 2.10%
[onlyNormalData=True] 训练集过滤异常数据: 408340 行 -> 391922 行 (移除 16418 个异常样本)
数据加载自: dataset/downsampleData_scratch_1minut/pcb/pcb_cleaned_1minut_20250928_161509.parquet
训练集形状: (391922, 31)
验证集形状: (87502, 31)
测试集形状: (87502, 31)
特征维度: 31
异常比例（行级）:
- 训练集: 原始 4.02% -> 现有 0.00%
- 验证集: 1.52%
- 测试集: 2.10%
	speed: 0.0355s/iter; left time: 431.6101s
	speed: 0.0316s/iter; left time: 380.3915s
	speed: 0.0313s/iter; left time: 374.1332s
	speed: 0.0312s/iter; left time: 369.2111s
	speed: 0.0313s/iter; left time: 367.7535s
	speed: 0.0313s/iter; left time: 364.5613s
	speed: 0.0313s/iter; left time: 361.8563s
	speed: 0.0314s/iter; left time: 359.4373s
	speed: 0.0315s/iter; left time: 356.9840s
	speed: 0.0314s/iter; left time: 353.0081s
	speed: 0.0315s/iter; left time: 350.6207s
	speed: 0.0314s/iter; left time: 347.2928s
	speed: 0.0315s/iter; left time: 344.6161s
	speed: 0.0313s/iter; left time: 339.8676s
	speed: 0.0313s/iter; left time: 336.8202s
	speed: 0.0313s/iter; left time: 333.7819s
	speed: 0.0313s/iter; left time: 330.4205s
	speed: 0.0314s/iter; left time: 327.8876s
	speed: 0.0314s/iter; left time: 324.5089s
	speed: 0.0313s/iter; left time: 321.0677s
	speed: 0.0314s/iter; left time: 318.2840s
	speed: 0.0314s/iter; left time: 315.0022s
	speed: 0.0314s/iter; left time: 312.1225s
	speed: 0.0313s/iter; left time: 308.6734s
	speed: 0.0313s/iter; left time: 305.2074s
	speed: 0.0314s/iter; left time: 302.5014s
	speed: 0.0314s/iter; left time: 299.4246s
	speed: 0.0313s/iter; left time: 295.8644s
	speed: 0.0315s/iter; left time: 294.1385s
	speed: 0.0313s/iter; left time: 289.8500s
	speed: 0.0313s/iter; left time: 286.6952s
	speed: 0.0313s/iter; left time: 283.6150s
	speed: 0.0314s/iter; left time: 280.5613s
	speed: 0.0314s/iter; left time: 277.4814s
	speed: 0.0313s/iter; left time: 274.1279s
	speed: 0.0314s/iter; left time: 271.1486s
	speed: 0.0313s/iter; left time: 267.9389s
	speed: 0.0314s/iter; left time: 265.0627s
	speed: 0.0314s/iter; left time: 262.2486s
	speed: 0.0314s/iter; left time: 258.5745s
	speed: 0.0313s/iter; left time: 255.1521s
	speed: 0.0313s/iter; left time: 252.2432s
	speed: 0.0314s/iter; left time: 249.4808s
	speed: 0.0314s/iter; left time: 246.1514s
	speed: 0.0314s/iter; left time: 243.1039s
	speed: 0.0314s/iter; left time: 240.2261s
	speed: 0.0314s/iter; left time: 236.6438s
	speed: 0.0313s/iter; left time: 233.4319s
	speed: 0.0314s/iter; left time: 230.7081s
	speed: 0.0314s/iter; left time: 227.7418s
	speed: 0.0314s/iter; left time: 224.6261s
	speed: 0.0314s/iter; left time: 221.4773s
	speed: 0.0314s/iter; left time: 218.1160s
	speed: 0.0313s/iter; left time: 214.5613s
	speed: 0.0313s/iter; left time: 210.8543s
	speed: 0.0313s/iter; left time: 208.2703s
	speed: 0.0313s/iter; left time: 205.1237s
	speed: 0.0313s/iter; left time: 202.0999s
	speed: 0.0313s/iter; left time: 198.9480s
	speed: 0.0313s/iter; left time: 195.6461s
	speed: 0.0313s/iter; left time: 192.6921s
	speed: 0.0313s/iter; left time: 189.4753s
	speed: 0.0314s/iter; left time: 186.9042s
	speed: 0.0314s/iter; left time: 183.5739s
	speed: 0.0316s/iter; left time: 181.6658s
	speed: 0.0315s/iter; left time: 177.6284s
	speed: 0.0314s/iter; left time: 174.1402s
	speed: 0.0314s/iter; left time: 171.0271s
	speed: 0.0315s/iter; left time: 168.1675s
	speed: 0.0315s/iter; left time: 165.0482s
	speed: 0.0275s/iter; left time: 141.4314s
	speed: 0.0226s/iter; left time: 113.8553s
	speed: 0.0175s/iter; left time: 86.4807s
	speed: 0.0175s/iter; left time: 84.6031s
	speed: 0.0174s/iter; left time: 82.7059s
	speed: 0.0174s/iter; left time: 80.9890s
	speed: 0.0175s/iter; left time: 79.3485s
	speed: 0.0175s/iter; left time: 77.6433s
	speed: 0.0174s/iter; left time: 75.8418s
	speed: 0.0180s/iter; left time: 76.4916s
	speed: 0.0188s/iter; left time: 77.9242s
	speed: 0.0258s/iter; left time: 104.3279s
	speed: 0.0424s/iter; left time: 167.2234s
	speed: 0.0423s/iter; left time: 162.8242s
	speed: 0.0424s/iter; left time: 158.8625s
	speed: 0.0424s/iter; left time: 154.7772s
	speed: 0.0424s/iter; left time: 150.5053s
	speed: 0.0425s/iter; left time: 146.3273s
	speed: 0.0424s/iter; left time: 141.9205s
	speed: 0.0424s/iter; left time: 137.8197s
	speed: 0.0424s/iter; left time: 133.5376s
	speed: 0.0425s/iter; left time: 129.4095s
	speed: 0.0424s/iter; left time: 125.0329s
	speed: 0.0425s/iter; left time: 120.9675s
	speed: 0.0424s/iter; left time: 116.4220s
	speed: 0.0425s/iter; left time: 112.4374s
	speed: 0.0425s/iter; left time: 108.1620s
	speed: 0.0425s/iter; left time: 103.8783s
	speed: 0.0424s/iter; left time: 99.6197s
	speed: 0.0424s/iter; left time: 95.3536s
	speed: 0.0424s/iter; left time: 91.0773s
	speed: 0.0424s/iter; left time: 86.8087s
	speed: 0.0424s/iter; left time: 82.6003s
	speed: 0.0425s/iter; left time: 78.4671s
	speed: 0.0424s/iter; left time: 74.1381s
	speed: 0.0425s/iter; left time: 69.9724s
	speed: 0.0424s/iter; left time: 65.6643s
	speed: 0.0425s/iter; left time: 61.4515s
	speed: 0.0425s/iter; left time: 57.2045s
	speed: 0.0425s/iter; left time: 52.9523s
	speed: 0.0425s/iter; left time: 48.6996s
	speed: 0.0425s/iter; left time: 44.4466s
	speed: 0.0424s/iter; left time: 40.1926s
	speed: 0.0425s/iter; left time: 35.9668s
	speed: 0.0425s/iter; left time: 31.7300s
	speed: 0.0425s/iter; left time: 27.4887s
	speed: 0.0424s/iter; left time: 23.2171s
	speed: 0.0425s/iter; left time: 18.9930s
	speed: 0.0425s/iter; left time: 14.7409s
	speed: 0.0425s/iter; left time: 10.4916s
	speed: 0.0425s/iter; left time: 6.2419s
	speed: 0.0425s/iter; left time: 1.9956s
2025-11-03 14:47:27,373 - INFO - 训练完成!
2025-11-03 14:47:27,373 - INFO - 开始测试模型...
Epoch: 1, Cost time: 485.164s 
Loading checkpoint from: checkpoints_d_model_analysis/pcb_d_model256_20251103_143918/pcb_cleaned_1minut_20250928_161509_checkpoint_2025-11-03_14-47-27/model.pth
Threshold : 0.9994584918022156
2025-11-03 14:52:09,130 - INFO - 测试完成!
pa_accuracy           : 0.9639
pa_precision          : 0.3301
pa_recall             : 0.6950
pa_f_score            : 0.4476
MCC_score             : 0.4636
Affiliation precision : 0.5087
Affiliation recall    : 0.9083
R_AUC_ROC             : 0.6292
R_AUC_PR              : 0.3638
VUS_ROC               : 0.6425
VUS_PR                : 0.3742
Accuracy : 0.9639, Precision : 0.3301, Recall : 0.6950, F-score : 0.4476 
Test results saved to: checkpoints_d_model_analysis/pcb_d_model256_20251103_143918/pcb_cleaned_1minut_20250928_161509_checkpoint_2025-11-03_14-47-27/result.json
/home/wanting/KDD2023-DCdetector/venv/lib/python3.12/site-packages/tsfresh/__init__.py:12: UserWarning: pkg_resources is deprecated as an API. See https://setuptools.pypa.io/en/latest/pkg_resources.html. The pkg_resources package is slated for removal as early as 2025-11-30. Refrain from using this package or pin to Setuptools<81.
  import pkg_resources
2025-11-03 14:52:11,550 - INFO - 开始使用自定义数据集运行DCdetector...
2025-11-03 14:52:11,550 - INFO - 数据集: Custom
2025-11-03 14:52:11,550 - INFO - 输入特征维度: 31
2025-11-03 14:52:11,550 - INFO - 窗口大小: 30
2025-11-03 14:52:11,550 - INFO - 批次大小: 32
2025-11-03 14:52:13,376 - INFO - 开始训练模型...
[onlyNormalData=True] 训练集过滤异常数据: 408340 行 -> 391922 行 (移除 16418 个异常样本)
数据加载自: dataset/downsampleData_scratch_1minut/pcb/pcb_cleaned_1minut_20250928_161509.parquet
训练集形状: (391922, 31)
验证集形状: (87502, 31)
测试集形状: (87502, 31)
特征维度: 31
异常比例（行级）:
- 训练集: 原始 4.02% -> 现有 0.00%
- 验证集: 1.52%
- 测试集: 2.10%
[onlyNormalData=True] 训练集过滤异常数据: 408340 行 -> 391922 行 (移除 16418 个异常样本)
数据加载自: dataset/downsampleData_scratch_1minut/pcb/pcb_cleaned_1minut_20250928_161509.parquet
训练集形状: (391922, 31)
验证集形状: (87502, 31)
测试集形状: (87502, 31)
特征维度: 31
异常比例（行级）:
- 训练集: 原始 4.02% -> 现有 0.00%
- 验证集: 1.52%
- 测试集: 2.10%
[onlyNormalData=True] 训练集过滤异常数据: 408340 行 -> 391922 行 (移除 16418 个异常样本)
数据加载自: dataset/downsampleData_scratch_1minut/pcb/pcb_cleaned_1minut_20250928_161509.parquet
训练集形状: (391922, 31)
验证集形状: (87502, 31)
测试集形状: (87502, 31)
特征维度: 31
异常比例（行级）:
- 训练集: 原始 4.02% -> 现有 0.00%
- 验证集: 1.52%
- 测试集: 2.10%
[onlyNormalData=True] 训练集过滤异常数据: 408340 行 -> 391922 行 (移除 16418 个异常样本)
数据加载自: dataset/downsampleData_scratch_1minut/pcb/pcb_cleaned_1minut_20250928_161509.parquet
训练集形状: (391922, 31)
验证集形状: (87502, 31)
测试集形状: (87502, 31)
特征维度: 31
异常比例（行级）:
- 训练集: 原始 4.02% -> 现有 0.00%
- 验证集: 1.52%
- 测试集: 2.10%
	speed: 0.0470s/iter; left time: 571.1948s
	speed: 0.0426s/iter; left time: 513.1417s
	speed: 0.0425s/iter; left time: 508.2934s
	speed: 0.0426s/iter; left time: 504.7578s
	speed: 0.0425s/iter; left time: 499.4399s
	speed: 0.0426s/iter; left time: 495.9422s
	speed: 0.0426s/iter; left time: 491.3249s
	speed: 0.0426s/iter; left time: 487.1645s
	speed: 0.0426s/iter; left time: 483.0640s
	speed: 0.0425s/iter; left time: 478.5153s
	speed: 0.0426s/iter; left time: 474.8234s
	speed: 0.0426s/iter; left time: 470.8411s
	speed: 0.0426s/iter; left time: 466.1048s
	speed: 0.0426s/iter; left time: 462.0688s
	speed: 0.0426s/iter; left time: 457.6985s
	speed: 0.0426s/iter; left time: 453.3456s
	speed: 0.0426s/iter; left time: 449.1898s
	speed: 0.0426s/iter; left time: 444.9560s
	speed: 0.0426s/iter; left time: 440.6005s
	speed: 0.0426s/iter; left time: 436.4441s
	speed: 0.0425s/iter; left time: 431.7181s
	speed: 0.0426s/iter; left time: 428.1812s
	speed: 0.0425s/iter; left time: 423.1878s
	speed: 0.0426s/iter; left time: 419.5738s
	speed: 0.0426s/iter; left time: 415.3329s
	speed: 0.0426s/iter; left time: 411.2150s
	speed: 0.0426s/iter; left time: 406.8805s
	speed: 0.0426s/iter; left time: 402.1588s
	speed: 0.0426s/iter; left time: 397.7665s
	speed: 0.0426s/iter; left time: 393.9807s
	speed: 0.0426s/iter; left time: 389.6516s
	speed: 0.0426s/iter; left time: 385.2742s
	speed: 0.0426s/iter; left time: 381.1762s
	speed: 0.0426s/iter; left time: 376.8651s
	speed: 0.0426s/iter; left time: 372.5174s
	speed: 0.0426s/iter; left time: 368.4566s
	speed: 0.0426s/iter; left time: 363.8818s
	speed: 0.0426s/iter; left time: 359.6881s
	speed: 0.0426s/iter; left time: 355.5718s
	speed: 0.0426s/iter; left time: 351.2272s
	speed: 0.0426s/iter; left time: 347.0986s
	speed: 0.0426s/iter; left time: 342.5965s
	speed: 0.0426s/iter; left time: 338.5062s
	speed: 0.0426s/iter; left time: 334.3102s
	speed: 0.0426s/iter; left time: 330.1381s
	speed: 0.0426s/iter; left time: 325.7842s
	speed: 0.0426s/iter; left time: 321.3865s
	speed: 0.0426s/iter; left time: 317.3620s
	speed: 0.0426s/iter; left time: 312.7625s
	speed: 0.0426s/iter; left time: 308.8071s
	speed: 0.0426s/iter; left time: 304.3300s
	speed: 0.0426s/iter; left time: 300.2035s
	speed: 0.0426s/iter; left time: 295.8591s
	speed: 0.0426s/iter; left time: 291.7977s
	speed: 0.0426s/iter; left time: 287.4723s
	speed: 0.0426s/iter; left time: 283.1840s
	speed: 0.0426s/iter; left time: 278.7883s
	speed: 0.0426s/iter; left time: 274.6333s
	speed: 0.0426s/iter; left time: 270.5078s
	speed: 0.0426s/iter; left time: 265.8913s
	speed: 0.0426s/iter; left time: 261.6511s
	speed: 0.0426s/iter; left time: 257.5635s
	speed: 0.0426s/iter; left time: 253.4233s
	speed: 0.0426s/iter; left time: 249.1921s
	speed: 0.0426s/iter; left time: 244.9079s
	speed: 0.0426s/iter; left time: 240.6217s
	speed: 0.0426s/iter; left time: 236.1637s
	speed: 0.0426s/iter; left time: 231.9705s
	speed: 0.0426s/iter; left time: 227.8287s
	speed: 0.0426s/iter; left time: 223.5777s
	speed: 0.0426s/iter; left time: 219.2574s
	speed: 0.0426s/iter; left time: 215.0080s
	speed: 0.0426s/iter; left time: 210.6748s
	speed: 0.0426s/iter; left time: 206.3547s
	speed: 0.0426s/iter; left time: 202.3436s
	speed: 0.0426s/iter; left time: 198.0018s
	speed: 0.0426s/iter; left time: 193.6458s
	speed: 0.0426s/iter; left time: 189.3917s
	speed: 0.0426s/iter; left time: 185.2210s
	speed: 0.0426s/iter; left time: 180.7614s
	speed: 0.0426s/iter; left time: 176.4734s
	speed: 0.0426s/iter; left time: 172.4177s
	speed: 0.0426s/iter; left time: 168.0617s
	speed: 0.0426s/iter; left time: 163.9012s
	speed: 0.0426s/iter; left time: 159.6605s
	speed: 0.0426s/iter; left time: 155.4092s
	speed: 0.0426s/iter; left time: 151.0317s
	speed: 0.0426s/iter; left time: 146.7594s
	speed: 0.0426s/iter; left time: 142.5524s
	speed: 0.0426s/iter; left time: 138.3620s
	speed: 0.0426s/iter; left time: 134.0132s
	speed: 0.0367s/iter; left time: 111.7970s
	speed: 0.0384s/iter; left time: 113.0284s
	speed: 0.0383s/iter; left time: 109.1628s
	speed: 0.0384s/iter; left time: 105.3957s
	speed: 0.0384s/iter; left time: 101.5536s
	speed: 0.0384s/iter; left time: 97.7086s
	speed: 0.0384s/iter; left time: 93.9230s
	speed: 0.0384s/iter; left time: 90.0356s
	speed: 0.0384s/iter; left time: 86.2237s
	speed: 0.0384s/iter; left time: 82.3804s
	speed: 0.0383s/iter; left time: 78.5017s
	speed: 0.0384s/iter; left time: 74.6961s
	speed: 0.0384s/iter; left time: 70.8499s
	speed: 0.0383s/iter; left time: 66.9831s
	speed: 0.0383s/iter; left time: 63.1220s
	speed: 0.0384s/iter; left time: 59.3428s
	speed: 0.0384s/iter; left time: 55.5417s
	speed: 0.0384s/iter; left time: 51.6739s
	speed: 0.0384s/iter; left time: 47.8439s
	speed: 0.0383s/iter; left time: 43.9703s
	speed: 0.0383s/iter; left time: 40.1500s
	speed: 0.0384s/iter; left time: 36.3346s
	speed: 0.0384s/iter; left time: 32.4897s
	speed: 0.0383s/iter; left time: 28.6459s
	speed: 0.0384s/iter; left time: 24.8125s
	speed: 0.0383s/iter; left time: 20.9723s
	speed: 0.0383s/iter; left time: 17.1421s
	speed: 0.0347s/iter; left time: 12.0260s
	speed: 0.0369s/iter; left time: 9.1238s
	speed: 0.0369s/iter; left time: 5.4280s
	speed: 0.0369s/iter; left time: 1.7353s
2025-11-03 15:01:40,474 - INFO - 训练完成!
2025-11-03 15:01:40,474 - INFO - 开始测试模型...
Epoch: 1, Cost time: 567.074s 
Loading checkpoint from: checkpoints_d_model_analysis/pcb_d_model512_20251103_145209/pcb_cleaned_1minut_20250928_161509_checkpoint_2025-11-03_15-01-40/model.pth
Threshold : 0.9983817338943481
2025-11-03 15:04:52,843 - INFO - 测试完成!
pa_accuracy           : 0.9625
pa_precision          : 0.3045
pa_recall             : 0.6111
pa_f_score            : 0.4064
MCC_score             : 0.4147
Affiliation precision : 0.5130
Affiliation recall    : 0.8966
R_AUC_ROC             : 0.6186
R_AUC_PR              : 0.3443
VUS_ROC               : 0.6261
VUS_PR                : 0.3492
Accuracy : 0.9625, Precision : 0.3045, Recall : 0.6111, F-score : 0.4064 
Test results saved to: checkpoints_d_model_analysis/pcb_d_model512_20251103_145209/pcb_cleaned_1minut_20250928_161509_checkpoint_2025-11-03_15-01-40/result.json
/home/wanting/KDD2023-DCdetector/venv/lib/python3.12/site-packages/tsfresh/__init__.py:12: UserWarning: pkg_resources is deprecated as an API. See https://setuptools.pypa.io/en/latest/pkg_resources.html. The pkg_resources package is slated for removal as early as 2025-11-30. Refrain from using this package or pin to Setuptools<81.
  import pkg_resources
2025-11-03 15:04:55,357 - INFO - 开始使用自定义数据集运行DCdetector...
2025-11-03 15:04:55,357 - INFO - 数据集: Custom
2025-11-03 15:04:55,357 - INFO - 输入特征维度: 31
2025-11-03 15:04:55,357 - INFO - 窗口大小: 30
2025-11-03 15:04:55,357 - INFO - 批次大小: 32
2025-11-03 15:04:57,147 - INFO - 开始训练模型...
[onlyNormalData=True] 训练集过滤异常数据: 408340 行 -> 391922 行 (移除 16418 个异常样本)
数据加载自: dataset/downsampleData_scratch_1minut/pcb/pcb_cleaned_1minut_20250928_161509.parquet
训练集形状: (391922, 31)
验证集形状: (87502, 31)
测试集形状: (87502, 31)
特征维度: 31
异常比例（行级）:
- 训练集: 原始 4.02% -> 现有 0.00%
- 验证集: 1.52%
- 测试集: 2.10%
[onlyNormalData=True] 训练集过滤异常数据: 408340 行 -> 391922 行 (移除 16418 个异常样本)
数据加载自: dataset/downsampleData_scratch_1minut/pcb/pcb_cleaned_1minut_20250928_161509.parquet
训练集形状: (391922, 31)
验证集形状: (87502, 31)
测试集形状: (87502, 31)
特征维度: 31
异常比例（行级）:
- 训练集: 原始 4.02% -> 现有 0.00%
- 验证集: 1.52%
- 测试集: 2.10%
[onlyNormalData=True] 训练集过滤异常数据: 408340 行 -> 391922 行 (移除 16418 个异常样本)
数据加载自: dataset/downsampleData_scratch_1minut/pcb/pcb_cleaned_1minut_20250928_161509.parquet
训练集形状: (391922, 31)
验证集形状: (87502, 31)
测试集形状: (87502, 31)
特征维度: 31
异常比例（行级）:
- 训练集: 原始 4.02% -> 现有 0.00%
- 验证集: 1.52%
- 测试集: 2.10%
[onlyNormalData=True] 训练集过滤异常数据: 408340 行 -> 391922 行 (移除 16418 个异常样本)
数据加载自: dataset/downsampleData_scratch_1minut/pcb/pcb_cleaned_1minut_20250928_161509.parquet
训练集形状: (391922, 31)
验证集形状: (87502, 31)
测试集形状: (87502, 31)
特征维度: 31
异常比例（行级）:
- 训练集: 原始 4.02% -> 现有 0.00%
- 验证集: 1.52%
- 测试集: 2.10%
	speed: 0.0408s/iter; left time: 496.0814s
	speed: 0.0369s/iter; left time: 445.1126s
	speed: 0.0369s/iter; left time: 441.0921s
	speed: 0.0369s/iter; left time: 437.3313s
	speed: 0.0369s/iter; left time: 433.7588s
	speed: 0.0369s/iter; left time: 430.1596s
	speed: 0.0370s/iter; left time: 426.7517s
	speed: 0.0370s/iter; left time: 423.1854s
	speed: 0.0370s/iter; left time: 419.4400s
	speed: 0.0370s/iter; left time: 415.6607s
	speed: 0.0369s/iter; left time: 411.7755s
	speed: 0.0370s/iter; left time: 408.1987s
	speed: 0.0370s/iter; left time: 404.7233s
	speed: 0.0369s/iter; left time: 400.6867s
	speed: 0.0369s/iter; left time: 396.9951s
	speed: 0.0370s/iter; left time: 393.4911s
	speed: 0.0370s/iter; left time: 389.7138s
	speed: 0.0370s/iter; left time: 386.1021s
	speed: 0.0369s/iter; left time: 382.1870s
	speed: 0.0370s/iter; left time: 378.9248s
	speed: 0.0370s/iter; left time: 375.0031s
	speed: 0.0345s/iter; left time: 346.5952s
	speed: 0.0293s/iter; left time: 291.1058s
	speed: 0.0175s/iter; left time: 172.4841s
	speed: 0.0175s/iter; left time: 170.7345s
	speed: 0.0176s/iter; left time: 169.4155s
	speed: 0.0176s/iter; left time: 167.7871s
	speed: 0.0176s/iter; left time: 165.8917s
	speed: 0.0175s/iter; left time: 163.9131s
	speed: 0.0175s/iter; left time: 162.1223s
	speed: 0.0176s/iter; left time: 161.0731s
	speed: 0.0184s/iter; left time: 166.9006s
	speed: 0.0191s/iter; left time: 170.7568s
	speed: 0.0357s/iter; left time: 316.0111s
	speed: 0.0449s/iter; left time: 393.0674s
	speed: 0.0448s/iter; left time: 387.6129s
	speed: 0.0448s/iter; left time: 382.7372s
	speed: 0.0447s/iter; left time: 377.7708s
	speed: 0.0448s/iter; left time: 373.6119s
	speed: 0.0450s/iter; left time: 371.3713s
	speed: 0.0449s/iter; left time: 365.5021s
	speed: 0.0448s/iter; left time: 360.6980s
	speed: 0.0449s/iter; left time: 356.9434s
	speed: 0.0448s/iter; left time: 351.2639s
	speed: 0.0448s/iter; left time: 347.2559s
	speed: 0.0450s/iter; left time: 344.3651s
	speed: 0.0449s/iter; left time: 338.7179s
	speed: 0.0448s/iter; left time: 333.7129s
	speed: 0.0449s/iter; left time: 330.0597s
	speed: 0.0449s/iter; left time: 325.4989s
	speed: 0.0449s/iter; left time: 321.0479s
	speed: 0.0448s/iter; left time: 315.4107s
	speed: 0.0448s/iter; left time: 311.5448s
	speed: 0.0448s/iter; left time: 306.5405s
	speed: 0.0448s/iter; left time: 302.1053s
	speed: 0.0450s/iter; left time: 299.3298s
	speed: 0.0448s/iter; left time: 293.4630s
	speed: 0.0450s/iter; left time: 289.8778s
	speed: 0.0448s/iter; left time: 284.4118s
	speed: 0.0449s/iter; left time: 280.2316s
	speed: 0.0448s/iter; left time: 275.2659s
	speed: 0.0448s/iter; left time: 270.8340s
	speed: 0.0449s/iter; left time: 267.3131s
	speed: 0.0449s/iter; left time: 262.3908s
	speed: 0.0450s/iter; left time: 258.7616s
	speed: 0.0447s/iter; left time: 252.6850s
	speed: 0.0447s/iter; left time: 248.1419s
	speed: 0.0448s/iter; left time: 244.0997s
	speed: 0.0447s/iter; left time: 239.1619s
	speed: 0.0448s/iter; left time: 235.0669s
	speed: 0.0447s/iter; left time: 229.9431s
	speed: 0.0449s/iter; left time: 226.4560s
	speed: 0.0448s/iter; left time: 221.4101s
	speed: 0.0450s/iter; left time: 217.8765s
	speed: 0.0447s/iter; left time: 212.3999s
	speed: 0.0448s/iter; left time: 207.9727s
	speed: 0.0446s/iter; left time: 202.7614s
	speed: 0.0448s/iter; left time: 199.0217s
	speed: 0.0449s/iter; left time: 195.1188s
	speed: 0.0446s/iter; left time: 189.3269s
	speed: 0.0450s/iter; left time: 186.5009s
	speed: 0.0448s/iter; left time: 181.3145s
	speed: 0.0447s/iter; left time: 176.3705s
	speed: 0.0448s/iter; left time: 172.2765s
	speed: 0.0448s/iter; left time: 167.7074s
	speed: 0.0450s/iter; left time: 164.0461s
	speed: 0.0449s/iter; left time: 159.0872s
	speed: 0.0448s/iter; left time: 154.4006s
	speed: 0.0448s/iter; left time: 149.8572s
	speed: 0.0450s/iter; left time: 146.1079s
	speed: 0.0446s/iter; left time: 140.4185s
	speed: 0.0450s/iter; left time: 136.9761s
	speed: 0.0448s/iter; left time: 131.9074s
	speed: 0.0448s/iter; left time: 127.6389s
	speed: 0.0450s/iter; left time: 123.5963s
	speed: 0.0448s/iter; left time: 118.4949s
	speed: 0.0449s/iter; left time: 114.2513s
	speed: 0.0448s/iter; left time: 109.5806s
	speed: 0.0448s/iter; left time: 105.1527s
	speed: 0.0448s/iter; left time: 100.6144s
	speed: 0.0450s/iter; left time: 96.5950s
	speed: 0.0449s/iter; left time: 91.8474s
	speed: 0.0448s/iter; left time: 87.1740s
	speed: 0.0448s/iter; left time: 82.7123s
	speed: 0.0447s/iter; left time: 78.1637s
	speed: 0.0447s/iter; left time: 73.6871s
	speed: 0.0448s/iter; left time: 69.2618s
	speed: 0.0448s/iter; left time: 64.8148s
	speed: 0.0449s/iter; left time: 60.5251s
	speed: 0.0448s/iter; left time: 55.9078s
	speed: 0.0448s/iter; left time: 51.4208s
	speed: 0.0447s/iter; left time: 46.8234s
	speed: 0.0448s/iter; left time: 42.3848s
	speed: 0.0448s/iter; left time: 37.9571s
	speed: 0.0448s/iter; left time: 33.4383s
	speed: 0.0448s/iter; left time: 28.9770s
	speed: 0.0448s/iter; left time: 24.5193s
	speed: 0.0449s/iter; left time: 20.0856s
	speed: 0.0448s/iter; left time: 15.5549s
	speed: 0.0448s/iter; left time: 11.0686s
	speed: 0.0451s/iter; left time: 6.6230s
	speed: 0.0449s/iter; left time: 2.1096s
2025-11-03 15:14:29,164 - INFO - 训练完成!
2025-11-03 15:14:29,164 - INFO - 开始测试模型...
Epoch: 1, Cost time: 571.993s 
Loading checkpoint from: checkpoints_d_model_analysis/pcb_d_model1024_20251103_150453/pcb_cleaned_1minut_20250928_161509_checkpoint_2025-11-03_15-14-29/model.pth
Threshold : 0.9994179010391235
2025-11-03 15:19:29,999 - INFO - 测试完成!
pa_accuracy           : 0.9635
pa_precision          : 0.3200
pa_recall             : 0.6558
pa_f_score            : 0.4301
MCC_score             : 0.4422
Affiliation precision : 0.5219
Affiliation recall    : 0.8943
R_AUC_ROC             : 0.6250
R_AUC_PR              : 0.3572
VUS_ROC               : 0.6327
VUS_PR                : 0.3621
Accuracy : 0.9635, Precision : 0.3200, Recall : 0.6558, F-score : 0.4301 
Test results saved to: checkpoints_d_model_analysis/pcb_d_model1024_20251103_150453/pcb_cleaned_1minut_20250928_161509_checkpoint_2025-11-03_15-14-29/result.json

================================================================================
Running: ring | d_model=1024
================================================================================
Command: python run_custom_dataset.py --dataset Custom --data_path dataset/downsampleData_scratch_1minut/ring/Ring_cleaned_1minut_20250928_170147.parquet --num_epochs 1 --win_size 30 --batch_size 32 --mode train --input_c 28 --output_c 28 --lr 0.0001 --anormly_ratio 3.0 --index 0 --patience 3 --patch_size 3,6,10 --n_heads 7 --d_model 256 --e_layers 3 --d_ff 512 --activation gelu --output_attention True --model_save_path checkpoints_d_model_analysis/ring_d_model1024_20251103_141633
================================================================================


✓ Results: Precision=0.4900, Recall=0.6566, F-score=0.5612

################################################################################
# Experiment 9/12
# Dataset: pcb, d_model: 128
################################################################################


================================================================================
Running: pcb | d_model=128
================================================================================
Command: python run_custom_dataset.py --dataset Custom --data_path dataset/downsampleData_scratch_1minut/pcb/pcb_cleaned_1minut_20250928_161509.parquet --num_epochs 1 --win_size 30 --batch_size 32 --mode train --input_c 31 --output_c 31 --lr 0.0001 --anormly_ratio 3.0 --index 0 --patience 3 --patch_size 3,6,10 --n_heads 7 --d_model 256 --e_layers 3 --d_ff 512 --activation gelu --output_attention True --model_save_path checkpoints_d_model_analysis/pcb_d_model128_20251103_142630
================================================================================


✓ Results: Precision=0.3398, Recall=0.7244, F-score=0.4626

################################################################################
# Experiment 10/12
# Dataset: pcb, d_model: 256
################################################################################


================================================================================
Running: pcb | d_model=256
================================================================================
Command: python run_custom_dataset.py --dataset Custom --data_path dataset/downsampleData_scratch_1minut/pcb/pcb_cleaned_1minut_20250928_161509.parquet --num_epochs 1 --win_size 30 --batch_size 32 --mode train --input_c 31 --output_c 31 --lr 0.0001 --anormly_ratio 3.0 --index 0 --patience 3 --patch_size 3,6,10 --n_heads 7 --d_model 256 --e_layers 3 --d_ff 512 --activation gelu --output_attention True --model_save_path checkpoints_d_model_analysis/pcb_d_model256_20251103_143918
================================================================================


✓ Results: Precision=0.3301, Recall=0.6950, F-score=0.4476

################################################################################
# Experiment 11/12
# Dataset: pcb, d_model: 512
################################################################################


================================================================================
Running: pcb | d_model=512
================================================================================
Command: python run_custom_dataset.py --dataset Custom --data_path dataset/downsampleData_scratch_1minut/pcb/pcb_cleaned_1minut_20250928_161509.parquet --num_epochs 1 --win_size 30 --batch_size 32 --mode train --input_c 31 --output_c 31 --lr 0.0001 --anormly_ratio 3.0 --index 0 --patience 3 --patch_size 3,6,10 --n_heads 7 --d_model 256 --e_layers 3 --d_ff 512 --activation gelu --output_attention True --model_save_path checkpoints_d_model_analysis/pcb_d_model512_20251103_145209
================================================================================


✓ Results: Precision=0.3045, Recall=0.6111, F-score=0.4064

################################################################################
# Experiment 12/12
# Dataset: pcb, d_model: 1024
################################################################################


================================================================================
Running: pcb | d_model=1024
================================================================================
Command: python run_custom_dataset.py --dataset Custom --data_path dataset/downsampleData_scratch_1minut/pcb/pcb_cleaned_1minut_20250928_161509.parquet --num_epochs 1 --win_size 30 --batch_size 32 --mode train --input_c 31 --output_c 31 --lr 0.0001 --anormly_ratio 3.0 --index 0 --patience 3 --patch_size 3,6,10 --n_heads 7 --d_model 256 --e_layers 3 --d_ff 512 --activation gelu --output_attention True --model_save_path checkpoints_d_model_analysis/pcb_d_model1024_20251103_150453
================================================================================


✓ Results: Precision=0.3200, Recall=0.6558, F-score=0.4301

Saving results...
Results saved to JSON: experiments/results/d_model_results.json

Generating plots...

================================================================================
Plot saved:
  PNG: experiments/results/d_model_f1_scores.png
  PDF: experiments/results/d_model_f1_scores.pdf
================================================================================


================================================================================
ANALYSIS COMPLETE!
================================================================================
All results saved in: experiments/results
================================================================================

