/home/wanting/KDD2023-DCdetector/venv/lib/python3.12/site-packages/tsfresh/__init__.py:12: UserWarning: pkg_resources is deprecated as an API. See https://setuptools.pypa.io/en/latest/pkg_resources.html. The pkg_resources package is slated for removal as early as 2025-11-30. Refrain from using this package or pin to Setuptools<81.
  import pkg_resources
2025-11-15 14:55:02,041 - INFO - 开始使用自定义数据集运行DCdetector...
2025-11-15 14:55:02,041 - INFO - 数据集: Custom
2025-11-15 14:55:02,041 - INFO - 输入特征维度: 10
2025-11-15 14:55:02,041 - INFO - 窗口大小: 30
2025-11-15 14:55:02,041 - INFO - 批次大小: 32
2025-11-15 14:55:04,144 - INFO - 开始训练模型...
[onlyNormalData=True] 训练集过滤异常数据: 377158 行 -> 339888 行 (移除 37270 个异常样本)

[PCA降维] 启用
  n_components=10
  PCA前特征维度: 27
  PCA后特征维度: 10
  解释方差比（前10个）: [0.51869311 0.15333047 0.1103832  0.07160594 0.0435558  0.02740393
 0.0225212  0.01900313 0.00983904 0.00835796]
  累积解释方差: 0.9847
  时间点数量: train=339888, val=80820, test=80820 (未改变)
[PCA降维] 完成
数据加载自: dataset/downsampleData_scratch_1minut/contact/contact_cleaned_1minut_20250928_172122.parquet
训练集形状: (339888, 10)
验证集形状: (80820, 10)
测试集形状: (80820, 10)
特征维度: 10
异常比例（行级）:
- 训练集: 原始 9.88% -> 现有 0.00%
- 验证集: 5.85%
- 测试集: 5.06%
[onlyNormalData=True] 训练集过滤异常数据: 377158 行 -> 339888 行 (移除 37270 个异常样本)

[PCA降维] 启用
  n_components=10
  PCA前特征维度: 27
  PCA后特征维度: 10
  解释方差比（前10个）: [0.51869311 0.15333047 0.1103832  0.07160594 0.0435558  0.02740393
 0.0225212  0.01900313 0.00983904 0.00835796]
  累积解释方差: 0.9847
  时间点数量: train=339888, val=80820, test=80820 (未改变)
[PCA降维] 完成
数据加载自: dataset/downsampleData_scratch_1minut/contact/contact_cleaned_1minut_20250928_172122.parquet
训练集形状: (339888, 10)
验证集形状: (80820, 10)
测试集形状: (80820, 10)
特征维度: 10
异常比例（行级）:
- 训练集: 原始 9.88% -> 现有 0.00%
- 验证集: 5.85%
- 测试集: 5.06%
[onlyNormalData=True] 训练集过滤异常数据: 377158 行 -> 339888 行 (移除 37270 个异常样本)

[PCA降维] 启用
  n_components=10
  PCA前特征维度: 27
  PCA后特征维度: 10
  解释方差比（前10个）: [0.51869311 0.15333047 0.1103832  0.07160594 0.0435558  0.02740393
 0.0225212  0.01900313 0.00983904 0.00835796]
  累积解释方差: 0.9847
  时间点数量: train=339888, val=80820, test=80820 (未改变)
[PCA降维] 完成
数据加载自: dataset/downsampleData_scratch_1minut/contact/contact_cleaned_1minut_20250928_172122.parquet
训练集形状: (339888, 10)
验证集形状: (80820, 10)
测试集形状: (80820, 10)
特征维度: 10
异常比例（行级）:
- 训练集: 原始 9.88% -> 现有 0.00%
- 验证集: 5.85%
- 测试集: 5.06%
[onlyNormalData=True] 训练集过滤异常数据: 377158 行 -> 339888 行 (移除 37270 个异常样本)

[PCA降维] 启用
  n_components=10
  PCA前特征维度: 27
  PCA后特征维度: 10
  解释方差比（前10个）: [0.51869311 0.15333047 0.1103832  0.07160594 0.0435558  0.02740393
 0.0225212  0.01900313 0.00983904 0.00835796]
  累积解释方差: 0.9847
  时间点数量: train=339888, val=80820, test=80820 (未改变)
[PCA降维] 完成
数据加载自: dataset/downsampleData_scratch_1minut/contact/contact_cleaned_1minut_20250928_172122.parquet
训练集形状: (339888, 10)
验证集形状: (80820, 10)
测试集形状: (80820, 10)
特征维度: 10
异常比例（行级）:
- 训练集: 原始 9.88% -> 现有 0.00%
- 验证集: 5.85%
- 测试集: 5.06%
	speed: 0.0160s/iter; left time: 168.8300s
	speed: 0.0111s/iter; left time: 115.5104s
	speed: 0.0113s/iter; left time: 116.4890s
	speed: 0.0112s/iter; left time: 114.2987s
	speed: 0.0112s/iter; left time: 113.7255s
	speed: 0.0113s/iter; left time: 112.8290s
	speed: 0.0111s/iter; left time: 110.2710s
	speed: 0.0113s/iter; left time: 110.5310s
	speed: 0.0114s/iter; left time: 110.3492s
	speed: 0.0114s/iter; left time: 109.9708s
	speed: 0.0114s/iter; left time: 108.1835s
	speed: 0.0115s/iter; left time: 108.2629s
	speed: 0.0114s/iter; left time: 106.1290s
	speed: 0.0117s/iter; left time: 107.8769s
	speed: 0.0112s/iter; left time: 102.4614s
	speed: 0.0113s/iter; left time: 101.5621s
	speed: 0.0114s/iter; left time: 101.3356s
	speed: 0.0113s/iter; left time: 99.5048s
	speed: 0.0114s/iter; left time: 99.1300s
	speed: 0.0114s/iter; left time: 97.9696s
	speed: 0.0112s/iter; left time: 95.0702s
	speed: 0.0111s/iter; left time: 93.5962s
	speed: 0.0112s/iter; left time: 93.1731s
	speed: 0.0111s/iter; left time: 91.5155s
	speed: 0.0111s/iter; left time: 90.4469s
	speed: 0.0112s/iter; left time: 89.5162s
	speed: 0.0113s/iter; left time: 89.4821s
	speed: 0.0111s/iter; left time: 87.0506s
	speed: 0.0111s/iter; left time: 85.9545s
	speed: 0.0111s/iter; left time: 84.6155s
	speed: 0.0111s/iter; left time: 83.3579s
	speed: 0.0113s/iter; left time: 84.1547s
	speed: 0.0116s/iter; left time: 84.7989s
	speed: 0.0114s/iter; left time: 82.6593s
	speed: 0.0112s/iter; left time: 79.8823s
	speed: 0.0113s/iter; left time: 79.3159s
	speed: 0.0113s/iter; left time: 78.5039s
	speed: 0.0114s/iter; left time: 78.0026s
	speed: 0.0112s/iter; left time: 75.1642s
	speed: 0.0111s/iter; left time: 73.6765s
	speed: 0.0112s/iter; left time: 72.8978s
	speed: 0.0111s/iter; left time: 71.4221s
	speed: 0.0112s/iter; left time: 70.4971s
	speed: 0.0111s/iter; left time: 69.2001s
	speed: 0.0111s/iter; left time: 67.7773s
	speed: 0.0114s/iter; left time: 68.7132s
	speed: 0.0114s/iter; left time: 67.7491s
	speed: 0.0113s/iter; left time: 65.4970s
	speed: 0.0112s/iter; left time: 64.2200s
	speed: 0.0113s/iter; left time: 63.3737s
	speed: 0.0112s/iter; left time: 62.0611s
	speed: 0.0112s/iter; left time: 60.7157s
	speed: 0.0112s/iter; left time: 59.5598s
	speed: 0.0112s/iter; left time: 58.3158s
	speed: 0.0111s/iter; left time: 56.8589s
	speed: 0.0112s/iter; left time: 56.0899s
	speed: 0.0115s/iter; left time: 56.5735s
	speed: 0.0114s/iter; left time: 54.8643s
	speed: 0.0111s/iter; left time: 52.5623s
	speed: 0.0111s/iter; left time: 51.1363s
	speed: 0.0112s/iter; left time: 50.4420s
	speed: 0.0111s/iter; left time: 49.1447s
	speed: 0.0112s/iter; left time: 48.2046s
	speed: 0.0112s/iter; left time: 47.2170s
	speed: 0.0112s/iter; left time: 46.2984s
	speed: 0.0111s/iter; left time: 44.5513s
	speed: 0.0115s/iter; left time: 44.8999s
	speed: 0.0112s/iter; left time: 42.9151s
	speed: 0.0111s/iter; left time: 41.4015s
	speed: 0.0111s/iter; left time: 40.0577s
	speed: 0.0114s/iter; left time: 40.2712s
	speed: 0.0112s/iter; left time: 38.3766s
	speed: 0.0112s/iter; left time: 37.0636s
	speed: 0.0121s/iter; left time: 38.9837s
	speed: 0.0110s/iter; left time: 34.2678s
	speed: 0.0110s/iter; left time: 33.2117s
	speed: 0.0109s/iter; left time: 31.9467s
	speed: 0.0110s/iter; left time: 31.1196s
	speed: 0.0112s/iter; left time: 30.4526s
	speed: 0.0112s/iter; left time: 29.3677s
	speed: 0.0112s/iter; left time: 28.1960s
	speed: 0.0112s/iter; left time: 27.1954s
	speed: 0.0112s/iter; left time: 26.0891s
	speed: 0.0112s/iter; left time: 24.9728s
	speed: 0.0112s/iter; left time: 23.7947s
	speed: 0.0112s/iter; left time: 22.7064s
	speed: 0.0112s/iter; left time: 21.4864s
	speed: 0.0112s/iter; left time: 20.4206s
	speed: 0.0112s/iter; left time: 19.1925s
	speed: 0.0112s/iter; left time: 18.1197s
	speed: 0.0113s/iter; left time: 17.1512s
	speed: 0.0112s/iter; left time: 15.9376s
	speed: 0.0110s/iter; left time: 14.5918s
	speed: 0.0112s/iter; left time: 13.7095s
	speed: 0.0113s/iter; left time: 12.6222s
	speed: 0.0112s/iter; left time: 11.4434s
	speed: 0.0112s/iter; left time: 10.3140s
	speed: 0.0112s/iter; left time: 9.1959s
	speed: 0.0112s/iter; left time: 8.1039s
	speed: 0.0112s/iter; left time: 6.9362s
	speed: 0.0112s/iter; left time: 5.8514s
	speed: 0.0112s/iter; left time: 4.7241s
	speed: 0.0113s/iter; left time: 3.6211s
	speed: 0.0112s/iter; left time: 2.4796s
	speed: 0.0110s/iter; left time: 1.3330s
	speed: 0.0112s/iter; left time: 0.2343s
2025-11-15 14:57:20,021 - INFO - 训练完成!
2025-11-15 14:57:20,021 - INFO - 开始测试模型...
Epoch: 1, Cost time: 135.847s 
Loading checkpoint from: checkpoints2_e_layers_analysis/contact_e_layers3_20251115_145459_pca/contact_cleaned_1minut_20250928_172122_checkpoint_2025-11-15_14-57-19/model.pth
Threshold : 0.33834308385849
2025-11-15 14:58:34,163 - INFO - 测试完成!
pa_accuracy           : 0.9521
pa_precision          : 0.5236
pa_recall             : 0.6239
pa_f_score            : 0.5694
MCC_score             : 0.5466
Affiliation precision : 0.5407
Affiliation recall    : 0.8073
R_AUC_ROC             : 0.6585
R_AUC_PR              : 0.5211
VUS_ROC               : 0.6578
VUS_PR                : 0.5146
Accuracy : 0.9521, Precision : 0.5236, Recall : 0.6239, F-score : 0.5694 
Test results saved to: checkpoints2_e_layers_analysis/contact_e_layers3_20251115_145459_pca/contact_cleaned_1minut_20250928_172122_checkpoint_2025-11-15_14-57-19/result.json
/home/wanting/KDD2023-DCdetector/venv/lib/python3.12/site-packages/tsfresh/__init__.py:12: UserWarning: pkg_resources is deprecated as an API. See https://setuptools.pypa.io/en/latest/pkg_resources.html. The pkg_resources package is slated for removal as early as 2025-11-30. Refrain from using this package or pin to Setuptools<81.
  import pkg_resources
2025-11-15 14:58:36,783 - INFO - 开始使用自定义数据集运行DCdetector...
2025-11-15 14:58:36,783 - INFO - 数据集: Custom
2025-11-15 14:58:36,783 - INFO - 输入特征维度: 10
2025-11-15 14:58:36,783 - INFO - 窗口大小: 30
2025-11-15 14:58:36,783 - INFO - 批次大小: 32
2025-11-15 14:58:38,646 - INFO - 开始训练模型...
[onlyNormalData=True] 训练集过滤异常数据: 377158 行 -> 339888 行 (移除 37270 个异常样本)

[PCA降维] 启用
  n_components=10
  PCA前特征维度: 27
  PCA后特征维度: 10
  解释方差比（前10个）: [0.51869311 0.15333047 0.1103832  0.07160594 0.0435558  0.02740393
 0.0225212  0.01900313 0.00983904 0.00835796]
  累积解释方差: 0.9847
  时间点数量: train=339888, val=80820, test=80820 (未改变)
[PCA降维] 完成
数据加载自: dataset/downsampleData_scratch_1minut/contact/contact_cleaned_1minut_20250928_172122.parquet
训练集形状: (339888, 10)
验证集形状: (80820, 10)
测试集形状: (80820, 10)
特征维度: 10
异常比例（行级）:
- 训练集: 原始 9.88% -> 现有 0.00%
- 验证集: 5.85%
- 测试集: 5.06%
[onlyNormalData=True] 训练集过滤异常数据: 377158 行 -> 339888 行 (移除 37270 个异常样本)

[PCA降维] 启用
  n_components=10
  PCA前特征维度: 27
  PCA后特征维度: 10
  解释方差比（前10个）: [0.51869311 0.15333047 0.1103832  0.07160594 0.0435558  0.02740393
 0.0225212  0.01900313 0.00983904 0.00835796]
  累积解释方差: 0.9847
  时间点数量: train=339888, val=80820, test=80820 (未改变)
[PCA降维] 完成
数据加载自: dataset/downsampleData_scratch_1minut/contact/contact_cleaned_1minut_20250928_172122.parquet
训练集形状: (339888, 10)
验证集形状: (80820, 10)
测试集形状: (80820, 10)
特征维度: 10
异常比例（行级）:
- 训练集: 原始 9.88% -> 现有 0.00%
- 验证集: 5.85%
- 测试集: 5.06%
[onlyNormalData=True] 训练集过滤异常数据: 377158 行 -> 339888 行 (移除 37270 个异常样本)

[PCA降维] 启用
  n_components=10
  PCA前特征维度: 27
  PCA后特征维度: 10
  解释方差比（前10个）: [0.51869311 0.15333047 0.1103832  0.07160594 0.0435558  0.02740393
 0.0225212  0.01900313 0.00983904 0.00835796]
  累积解释方差: 0.9847
  时间点数量: train=339888, val=80820, test=80820 (未改变)
[PCA降维] 完成
数据加载自: dataset/downsampleData_scratch_1minut/contact/contact_cleaned_1minut_20250928_172122.parquet
训练集形状: (339888, 10)
验证集形状: (80820, 10)
测试集形状: (80820, 10)
特征维度: 10
异常比例（行级）:
- 训练集: 原始 9.88% -> 现有 0.00%
- 验证集: 5.85%
- 测试集: 5.06%
[onlyNormalData=True] 训练集过滤异常数据: 377158 行 -> 339888 行 (移除 37270 个异常样本)

[PCA降维] 启用
  n_components=10
  PCA前特征维度: 27
  PCA后特征维度: 10
  解释方差比（前10个）: [0.51869311 0.15333047 0.1103832  0.07160594 0.0435558  0.02740393
 0.0225212  0.01900313 0.00983904 0.00835796]
  累积解释方差: 0.9847
  时间点数量: train=339888, val=80820, test=80820 (未改变)
[PCA降维] 完成
数据加载自: dataset/downsampleData_scratch_1minut/contact/contact_cleaned_1minut_20250928_172122.parquet
训练集形状: (339888, 10)
验证集形状: (80820, 10)
测试集形状: (80820, 10)
特征维度: 10
异常比例（行级）:
- 训练集: 原始 9.88% -> 现有 0.00%
- 验证集: 5.85%
- 测试集: 5.06%
	speed: 0.0206s/iter; left time: 217.2547s
	speed: 0.0172s/iter; left time: 179.4715s
	speed: 0.0171s/iter; left time: 176.1638s
	speed: 0.0171s/iter; left time: 174.8972s
	speed: 0.0171s/iter; left time: 173.2430s
	speed: 0.0171s/iter; left time: 171.1261s
	speed: 0.0171s/iter; left time: 169.6301s
	speed: 0.0171s/iter; left time: 167.7438s
	speed: 0.0171s/iter; left time: 166.2996s
	speed: 0.0171s/iter; left time: 164.0705s
	speed: 0.0171s/iter; left time: 163.0396s
	speed: 0.0171s/iter; left time: 160.8526s
	speed: 0.0171s/iter; left time: 159.5152s
	speed: 0.0171s/iter; left time: 157.8359s
	speed: 0.0171s/iter; left time: 156.4031s
	speed: 0.0171s/iter; left time: 153.8860s
	speed: 0.0171s/iter; left time: 152.4764s
	speed: 0.0171s/iter; left time: 150.8216s
	speed: 0.0171s/iter; left time: 149.1979s
	speed: 0.0171s/iter; left time: 147.7247s
	speed: 0.0171s/iter; left time: 145.7307s
	speed: 0.0171s/iter; left time: 143.8824s
	speed: 0.0171s/iter; left time: 142.3777s
	speed: 0.0172s/iter; left time: 141.0374s
	speed: 0.0171s/iter; left time: 139.0915s
	speed: 0.0172s/iter; left time: 137.6488s
	speed: 0.0172s/iter; left time: 135.8681s
	speed: 0.0171s/iter; left time: 133.9336s
	speed: 0.0172s/iter; left time: 132.7118s
	speed: 0.0171s/iter; left time: 130.1460s
	speed: 0.0171s/iter; left time: 128.8639s
	speed: 0.0171s/iter; left time: 126.8656s
	speed: 0.0171s/iter; left time: 125.0037s
	speed: 0.0172s/iter; left time: 123.9190s
	speed: 0.0171s/iter; left time: 121.6115s
	speed: 0.0171s/iter; left time: 119.7388s
	speed: 0.0171s/iter; left time: 118.1039s
	speed: 0.0171s/iter; left time: 116.3095s
	speed: 0.0171s/iter; left time: 114.9350s
	speed: 0.0172s/iter; left time: 113.5884s
	speed: 0.0171s/iter; left time: 111.3578s
	speed: 0.0171s/iter; left time: 109.6438s
	speed: 0.0171s/iter; left time: 107.8036s
	speed: 0.0171s/iter; left time: 106.2222s
	speed: 0.0171s/iter; left time: 104.6295s
	speed: 0.0171s/iter; left time: 102.9809s
	speed: 0.0173s/iter; left time: 102.2437s
	speed: 0.0174s/iter; left time: 101.0596s
	speed: 0.0171s/iter; left time: 97.6042s
	speed: 0.0172s/iter; left time: 96.5675s
	speed: 0.0172s/iter; left time: 95.1127s
	speed: 0.0172s/iter; left time: 93.0375s
	speed: 0.0169s/iter; left time: 90.0131s
	speed: 0.0169s/iter; left time: 88.4442s
	speed: 0.0171s/iter; left time: 87.3317s
	speed: 0.0169s/iter; left time: 84.9701s
	speed: 0.0169s/iter; left time: 83.2211s
	speed: 0.0172s/iter; left time: 82.8478s
	speed: 0.0171s/iter; left time: 80.5243s
	speed: 0.0172s/iter; left time: 79.4370s
	speed: 0.0170s/iter; left time: 76.8233s
	speed: 0.0170s/iter; left time: 75.1526s
	speed: 0.0170s/iter; left time: 73.5481s
	speed: 0.0169s/iter; left time: 71.1703s
	speed: 0.0170s/iter; left time: 69.8757s
	speed: 0.0169s/iter; left time: 67.8793s
	speed: 0.0170s/iter; left time: 66.8079s
	speed: 0.0170s/iter; left time: 65.0037s
	speed: 0.0169s/iter; left time: 63.0602s
	speed: 0.0170s/iter; left time: 61.6572s
	speed: 0.0172s/iter; left time: 60.5502s
	speed: 0.0171s/iter; left time: 58.5253s
	speed: 0.0171s/iter; left time: 56.8318s
	speed: 0.0171s/iter; left time: 55.0438s
	speed: 0.0168s/iter; left time: 52.4891s
	speed: 0.0170s/iter; left time: 51.4661s
	speed: 0.0170s/iter; left time: 49.6288s
	speed: 0.0171s/iter; left time: 48.2558s
	speed: 0.0169s/iter; left time: 46.0476s
	speed: 0.0171s/iter; left time: 44.7625s
	speed: 0.0171s/iter; left time: 43.0447s
	speed: 0.0171s/iter; left time: 41.4009s
	speed: 0.0169s/iter; left time: 39.2255s
	speed: 0.0171s/iter; left time: 37.9584s
	speed: 0.0171s/iter; left time: 36.2250s
	speed: 0.0171s/iter; left time: 34.4753s
	speed: 0.0171s/iter; left time: 32.8059s
	speed: 0.0170s/iter; left time: 31.0399s
	speed: 0.0171s/iter; left time: 29.4578s
	speed: 0.0171s/iter; left time: 27.6833s
	speed: 0.0171s/iter; left time: 26.0281s
	speed: 0.0171s/iter; left time: 24.2870s
	speed: 0.0170s/iter; left time: 22.4482s
	speed: 0.0173s/iter; left time: 21.1447s
	speed: 0.0170s/iter; left time: 19.0914s
	speed: 0.0171s/iter; left time: 17.4453s
	speed: 0.0170s/iter; left time: 15.6871s
	speed: 0.0170s/iter; left time: 13.9673s
	speed: 0.0167s/iter; left time: 12.0757s
	speed: 0.0168s/iter; left time: 10.4378s
	speed: 0.0168s/iter; left time: 8.7627s
	speed: 0.0166s/iter; left time: 7.0013s
	speed: 0.0167s/iter; left time: 5.3696s
	speed: 0.0169s/iter; left time: 3.7356s
	speed: 0.0169s/iter; left time: 2.0406s
	speed: 0.0171s/iter; left time: 0.3590s
2025-11-15 15:02:03,656 - INFO - 训练完成!
2025-11-15 15:02:03,656 - INFO - 开始测试模型...
Epoch: 1, Cost time: 204.982s 
Loading checkpoint from: checkpoints2_e_layers_analysis/contact_e_layers5_20251115_145835_pca/contact_cleaned_1minut_20250928_172122_checkpoint_2025-11-15_15-02-03/model.pth
Threshold : 0.34108278155326843
2025-11-15 15:03:37,953 - INFO - 测试完成!
pa_accuracy           : 0.9532
pa_precision          : 0.5307
pa_recall             : 0.6698
pa_f_score            : 0.5922
MCC_score             : 0.5721
Affiliation precision : 0.5235
Affiliation recall    : 0.8029
R_AUC_ROC             : 0.6636
R_AUC_PR              : 0.5237
VUS_ROC               : 0.6648
VUS_PR                : 0.5205
Accuracy : 0.9532, Precision : 0.5307, Recall : 0.6698, F-score : 0.5922 
Test results saved to: checkpoints2_e_layers_analysis/contact_e_layers5_20251115_145835_pca/contact_cleaned_1minut_20250928_172122_checkpoint_2025-11-15_15-02-03/result.json
/home/wanting/KDD2023-DCdetector/venv/lib/python3.12/site-packages/tsfresh/__init__.py:12: UserWarning: pkg_resources is deprecated as an API. See https://setuptools.pypa.io/en/latest/pkg_resources.html. The pkg_resources package is slated for removal as early as 2025-11-30. Refrain from using this package or pin to Setuptools<81.
  import pkg_resources
2025-11-15 15:03:40,335 - INFO - 开始使用自定义数据集运行DCdetector...
2025-11-15 15:03:40,335 - INFO - 数据集: Custom
2025-11-15 15:03:40,335 - INFO - 输入特征维度: 10
2025-11-15 15:03:40,335 - INFO - 窗口大小: 30
2025-11-15 15:03:40,335 - INFO - 批次大小: 32
2025-11-15 15:03:42,250 - INFO - 开始训练模型...
[onlyNormalData=True] 训练集过滤异常数据: 377158 行 -> 339888 行 (移除 37270 个异常样本)

[PCA降维] 启用
  n_components=10
  PCA前特征维度: 27
  PCA后特征维度: 10
  解释方差比（前10个）: [0.51869311 0.15333047 0.1103832  0.07160594 0.0435558  0.02740393
 0.0225212  0.01900313 0.00983904 0.00835796]
  累积解释方差: 0.9847
  时间点数量: train=339888, val=80820, test=80820 (未改变)
[PCA降维] 完成
数据加载自: dataset/downsampleData_scratch_1minut/contact/contact_cleaned_1minut_20250928_172122.parquet
训练集形状: (339888, 10)
验证集形状: (80820, 10)
测试集形状: (80820, 10)
特征维度: 10
异常比例（行级）:
- 训练集: 原始 9.88% -> 现有 0.00%
- 验证集: 5.85%
- 测试集: 5.06%
[onlyNormalData=True] 训练集过滤异常数据: 377158 行 -> 339888 行 (移除 37270 个异常样本)

[PCA降维] 启用
  n_components=10
  PCA前特征维度: 27
  PCA后特征维度: 10
  解释方差比（前10个）: [0.51869311 0.15333047 0.1103832  0.07160594 0.0435558  0.02740393
 0.0225212  0.01900313 0.00983904 0.00835796]
  累积解释方差: 0.9847
  时间点数量: train=339888, val=80820, test=80820 (未改变)
[PCA降维] 完成
数据加载自: dataset/downsampleData_scratch_1minut/contact/contact_cleaned_1minut_20250928_172122.parquet
训练集形状: (339888, 10)
验证集形状: (80820, 10)
测试集形状: (80820, 10)
特征维度: 10
异常比例（行级）:
- 训练集: 原始 9.88% -> 现有 0.00%
- 验证集: 5.85%
- 测试集: 5.06%
[onlyNormalData=True] 训练集过滤异常数据: 377158 行 -> 339888 行 (移除 37270 个异常样本)

[PCA降维] 启用
  n_components=10
  PCA前特征维度: 27
  PCA后特征维度: 10
  解释方差比（前10个）: [0.51869311 0.15333047 0.1103832  0.07160594 0.0435558  0.02740393
 0.0225212  0.01900313 0.00983904 0.00835796]
  累积解释方差: 0.9847
  时间点数量: train=339888, val=80820, test=80820 (未改变)
[PCA降维] 完成
数据加载自: dataset/downsampleData_scratch_1minut/contact/contact_cleaned_1minut_20250928_172122.parquet
训练集形状: (339888, 10)
验证集形状: (80820, 10)
测试集形状: (80820, 10)
特征维度: 10
异常比例（行级）:
- 训练集: 原始 9.88% -> 现有 0.00%
- 验证集: 5.85%
- 测试集: 5.06%
[onlyNormalData=True] 训练集过滤异常数据: 377158 行 -> 339888 行 (移除 37270 个异常样本)

[PCA降维] 启用
  n_components=10
  PCA前特征维度: 27
  PCA后特征维度: 10
  解释方差比（前10个）: [0.51869311 0.15333047 0.1103832  0.07160594 0.0435558  0.02740393
 0.0225212  0.01900313 0.00983904 0.00835796]
  累积解释方差: 0.9847
  时间点数量: train=339888, val=80820, test=80820 (未改变)
[PCA降维] 完成
数据加载自: dataset/downsampleData_scratch_1minut/contact/contact_cleaned_1minut_20250928_172122.parquet
训练集形状: (339888, 10)
验证集形状: (80820, 10)
测试集形状: (80820, 10)
特征维度: 10
异常比例（行级）:
- 训练集: 原始 9.88% -> 现有 0.00%
- 验证集: 5.85%
- 测试集: 5.06%
	speed: 0.0266s/iter; left time: 280.0987s
	speed: 0.0233s/iter; left time: 242.9047s
	speed: 0.0231s/iter; left time: 238.0859s
	speed: 0.0229s/iter; left time: 234.4855s
	speed: 0.0227s/iter; left time: 229.4804s
	speed: 0.0228s/iter; left time: 228.8118s
	speed: 0.0228s/iter; left time: 226.4039s
	speed: 0.0232s/iter; left time: 228.1780s
	speed: 0.0229s/iter; left time: 222.3417s
	speed: 0.0232s/iter; left time: 223.0992s
	speed: 0.0230s/iter; left time: 218.8509s
	speed: 0.0228s/iter; left time: 215.1173s
	speed: 0.0229s/iter; left time: 213.4876s
	speed: 0.0229s/iter; left time: 210.8687s
	speed: 0.0229s/iter; left time: 208.8211s
	speed: 0.0229s/iter; left time: 206.7191s
	speed: 0.0229s/iter; left time: 204.5666s
	speed: 0.0229s/iter; left time: 202.0206s
	speed: 0.0230s/iter; left time: 200.5077s
	speed: 0.0228s/iter; left time: 196.9407s
	speed: 0.0229s/iter; left time: 194.9918s
	speed: 0.0229s/iter; left time: 192.6231s
	speed: 0.0229s/iter; left time: 190.3598s
	speed: 0.0229s/iter; left time: 188.4483s
	speed: 0.0228s/iter; left time: 185.5324s
	speed: 0.0228s/iter; left time: 183.0100s
	speed: 0.0229s/iter; left time: 181.6059s
	speed: 0.0229s/iter; left time: 179.3788s
	speed: 0.0228s/iter; left time: 175.7495s
	speed: 0.0227s/iter; left time: 173.3239s
	speed: 0.0228s/iter; left time: 171.7146s
	speed: 0.0228s/iter; left time: 169.0521s
	speed: 0.0228s/iter; left time: 166.5701s
	speed: 0.0228s/iter; left time: 164.4435s
	speed: 0.0228s/iter; left time: 162.4067s
	speed: 0.0229s/iter; left time: 160.6499s
	speed: 0.0229s/iter; left time: 158.7893s
	speed: 0.0231s/iter; left time: 157.4535s
	speed: 0.0230s/iter; left time: 154.8044s
	speed: 0.0230s/iter; left time: 152.5451s
	speed: 0.0230s/iter; left time: 149.9950s
	speed: 0.0230s/iter; left time: 147.7694s
	speed: 0.0231s/iter; left time: 146.2082s
	speed: 0.0229s/iter; left time: 142.6321s
	speed: 0.0229s/iter; left time: 139.9361s
	speed: 0.0231s/iter; left time: 138.9977s
	speed: 0.0230s/iter; left time: 136.3835s
	speed: 0.0229s/iter; left time: 133.3605s
	speed: 0.0229s/iter; left time: 131.0188s
	speed: 0.0229s/iter; left time: 128.9803s
	speed: 0.0230s/iter; left time: 127.2454s
	speed: 0.0229s/iter; left time: 124.4004s
	speed: 0.0231s/iter; left time: 122.7563s
	speed: 0.0233s/iter; left time: 121.6961s
	speed: 0.0229s/iter; left time: 117.4865s
	speed: 0.0230s/iter; left time: 115.2638s
	speed: 0.0230s/iter; left time: 113.1123s
	speed: 0.0232s/iter; left time: 111.8081s
	speed: 0.0233s/iter; left time: 109.9250s
	speed: 0.0230s/iter; left time: 106.4570s
	speed: 0.0228s/iter; left time: 103.2380s
	speed: 0.0229s/iter; left time: 101.2244s
	speed: 0.0229s/iter; left time: 98.7715s
	speed: 0.0228s/iter; left time: 96.4262s
	speed: 0.0229s/iter; left time: 94.2720s
	speed: 0.0229s/iter; left time: 92.1990s
	speed: 0.0230s/iter; left time: 89.9943s
	speed: 0.0227s/iter; left time: 86.7349s
	speed: 0.0231s/iter; left time: 85.8844s
	speed: 0.0233s/iter; left time: 84.5025s
	speed: 0.0228s/iter; left time: 80.2746s
	speed: 0.0229s/iter; left time: 78.2285s
	speed: 0.0229s/iter; left time: 75.9069s
	speed: 0.0230s/iter; left time: 74.0593s
	speed: 0.0229s/iter; left time: 71.4086s
	speed: 0.0229s/iter; left time: 69.2149s
	speed: 0.0229s/iter; left time: 66.8435s
	speed: 0.0229s/iter; left time: 64.5874s
	speed: 0.0229s/iter; left time: 62.3117s
	speed: 0.0228s/iter; left time: 59.6906s
	speed: 0.0228s/iter; left time: 57.4730s
	speed: 0.0228s/iter; left time: 55.1806s
	speed: 0.0228s/iter; left time: 52.8267s
	speed: 0.0227s/iter; left time: 50.5260s
	speed: 0.0228s/iter; left time: 48.4355s
	speed: 0.0228s/iter; left time: 46.1694s
	speed: 0.0229s/iter; left time: 43.9673s
	speed: 0.0229s/iter; left time: 41.7595s
	speed: 0.0229s/iter; left time: 39.3822s
	speed: 0.0228s/iter; left time: 36.9429s
	speed: 0.0229s/iter; left time: 34.8061s
	speed: 0.0228s/iter; left time: 32.4110s
	speed: 0.0228s/iter; left time: 30.1312s
	speed: 0.0230s/iter; left time: 28.0847s
	speed: 0.0230s/iter; left time: 25.7482s
	speed: 0.0229s/iter; left time: 23.3463s
	speed: 0.0228s/iter; left time: 20.9943s
	speed: 0.0226s/iter; left time: 18.5360s
	speed: 0.0224s/iter; left time: 16.1693s
	speed: 0.0224s/iter; left time: 13.9373s
	speed: 0.0224s/iter; left time: 11.6561s
	speed: 0.0226s/iter; left time: 9.5285s
	speed: 0.0224s/iter; left time: 7.1970s
	speed: 0.0224s/iter; left time: 4.9606s
	speed: 0.0225s/iter; left time: 2.7168s
	speed: 0.0224s/iter; left time: 0.4703s
2025-11-15 15:08:13,789 - INFO - 训练完成!
2025-11-15 15:08:13,789 - INFO - 开始测试模型...
Epoch: 1, Cost time: 271.512s 
Loading checkpoint from: checkpoints2_e_layers_analysis/contact_e_layers7_20251115_150338_pca/contact_cleaned_1minut_20250928_172122_checkpoint_2025-11-15_15-08-13/model.pth
Threshold : 0.3465278446674347
2025-11-15 15:11:02,733 - INFO - 测试完成!
pa_accuracy           : 0.9505
pa_precision          : 0.5095
pa_recall             : 0.6219
pa_f_score            : 0.5601
MCC_score             : 0.5371
Affiliation precision : 0.5378
Affiliation recall    : 0.8106
R_AUC_ROC             : 0.6545
R_AUC_PR              : 0.5073
VUS_ROC               : 0.6540
VUS_PR                : 0.5013
Accuracy : 0.9505, Precision : 0.5095, Recall : 0.6219, F-score : 0.5601 
Test results saved to: checkpoints2_e_layers_analysis/contact_e_layers7_20251115_150338_pca/contact_cleaned_1minut_20250928_172122_checkpoint_2025-11-15_15-08-13/result.json
/home/wanting/KDD2023-DCdetector/venv/lib/python3.12/site-packages/tsfresh/__init__.py:12: UserWarning: pkg_resources is deprecated as an API. See https://setuptools.pypa.io/en/latest/pkg_resources.html. The pkg_resources package is slated for removal as early as 2025-11-30. Refrain from using this package or pin to Setuptools<81.
  import pkg_resources
2025-11-15 15:11:06,641 - INFO - 开始使用自定义数据集运行DCdetector...
2025-11-15 15:11:06,641 - INFO - 数据集: Custom
2025-11-15 15:11:06,641 - INFO - 输入特征维度: 10
2025-11-15 15:11:06,641 - INFO - 窗口大小: 30
2025-11-15 15:11:06,641 - INFO - 批次大小: 32
2025-11-15 15:11:10,937 - INFO - 开始训练模型...
[onlyNormalData=True] 训练集过滤异常数据: 377158 行 -> 339888 行 (移除 37270 个异常样本)

[PCA降维] 启用
  n_components=10
  PCA前特征维度: 27
  PCA后特征维度: 10
  解释方差比（前10个）: [0.51869311 0.15333047 0.1103832  0.07160594 0.0435558  0.02740393
 0.0225212  0.01900313 0.00983904 0.00835796]
  累积解释方差: 0.9847
  时间点数量: train=339888, val=80820, test=80820 (未改变)
[PCA降维] 完成
数据加载自: dataset/downsampleData_scratch_1minut/contact/contact_cleaned_1minut_20250928_172122.parquet
训练集形状: (339888, 10)
验证集形状: (80820, 10)
测试集形状: (80820, 10)
特征维度: 10
异常比例（行级）:
- 训练集: 原始 9.88% -> 现有 0.00%
- 验证集: 5.85%
- 测试集: 5.06%
[onlyNormalData=True] 训练集过滤异常数据: 377158 行 -> 339888 行 (移除 37270 个异常样本)

[PCA降维] 启用
  n_components=10
  PCA前特征维度: 27
  PCA后特征维度: 10
  解释方差比（前10个）: [0.51869311 0.15333047 0.1103832  0.07160594 0.0435558  0.02740393
 0.0225212  0.01900313 0.00983904 0.00835796]
  累积解释方差: 0.9847
  时间点数量: train=339888, val=80820, test=80820 (未改变)
[PCA降维] 完成
数据加载自: dataset/downsampleData_scratch_1minut/contact/contact_cleaned_1minut_20250928_172122.parquet
训练集形状: (339888, 10)
验证集形状: (80820, 10)
测试集形状: (80820, 10)
特征维度: 10
异常比例（行级）:
- 训练集: 原始 9.88% -> 现有 0.00%
- 验证集: 5.85%
- 测试集: 5.06%
[onlyNormalData=True] 训练集过滤异常数据: 377158 行 -> 339888 行 (移除 37270 个异常样本)

[PCA降维] 启用
  n_components=10
  PCA前特征维度: 27
  PCA后特征维度: 10
  解释方差比（前10个）: [0.51869311 0.15333047 0.1103832  0.07160594 0.0435558  0.02740393
 0.0225212  0.01900313 0.00983904 0.00835796]
  累积解释方差: 0.9847
  时间点数量: train=339888, val=80820, test=80820 (未改变)
[PCA降维] 完成
数据加载自: dataset/downsampleData_scratch_1minut/contact/contact_cleaned_1minut_20250928_172122.parquet
训练集形状: (339888, 10)
验证集形状: (80820, 10)
测试集形状: (80820, 10)
特征维度: 10
异常比例（行级）:
- 训练集: 原始 9.88% -> 现有 0.00%
- 验证集: 5.85%
- 测试集: 5.06%
[onlyNormalData=True] 训练集过滤异常数据: 377158 行 -> 339888 行 (移除 37270 个异常样本)

[PCA降维] 启用
  n_components=10
  PCA前特征维度: 27
  PCA后特征维度: 10
  解释方差比（前10个）: [0.51869311 0.15333047 0.1103832  0.07160594 0.0435558  0.02740393
 0.0225212  0.01900313 0.00983904 0.00835796]
  累积解释方差: 0.9847
  时间点数量: train=339888, val=80820, test=80820 (未改变)
[PCA降维] 完成
数据加载自: dataset/downsampleData_scratch_1minut/contact/contact_cleaned_1minut_20250928_172122.parquet
训练集形状: (339888, 10)
验证集形状: (80820, 10)
测试集形状: (80820, 10)
特征维度: 10
异常比例（行级）:
- 训练集: 原始 9.88% -> 现有 0.00%
- 验证集: 5.85%
- 测试集: 5.06%
	speed: 0.0709s/iter; left time: 745.6851s
	speed: 0.0429s/iter; left time: 447.0975s
	speed: 0.0402s/iter; left time: 414.4275s
	speed: 0.0647s/iter; left time: 661.6467s
	speed: 0.0508s/iter; left time: 514.0514s
	speed: 0.0500s/iter; left time: 500.9588s
	speed: 0.0405s/iter; left time: 401.9835s
	speed: 0.0405s/iter; left time: 398.0661s
	speed: 0.0405s/iter; left time: 393.9308s
	speed: 0.0407s/iter; left time: 391.2906s
	speed: 0.0406s/iter; left time: 386.5096s
	speed: 0.0404s/iter; left time: 381.0705s
	speed: 0.0528s/iter; left time: 492.2677s
	speed: 0.0476s/iter; left time: 439.1442s
	speed: 0.0605s/iter; left time: 551.5437s
	speed: 0.0484s/iter; left time: 436.6385s
	speed: 0.0549s/iter; left time: 489.5244s
	speed: 0.0404s/iter; left time: 356.7814s
	speed: 0.0403s/iter; left time: 351.4463s
	speed: 0.0408s/iter; left time: 351.8101s
	speed: 0.0403s/iter; left time: 343.6013s
	speed: 0.0401s/iter; left time: 338.0716s
	speed: 0.0652s/iter; left time: 542.7393s
	speed: 0.0479s/iter; left time: 393.9287s
	speed: 0.0510s/iter; left time: 413.7829s
	speed: 0.0410s/iter; left time: 328.8766s
	speed: 0.0403s/iter; left time: 319.5968s
	speed: 0.0404s/iter; left time: 315.5863s
	speed: 0.0410s/iter; left time: 316.6470s
	speed: 0.0403s/iter; left time: 307.4421s
	speed: 0.0403s/iter; left time: 303.4616s
	speed: 0.0489s/iter; left time: 362.5908s
	speed: 0.0495s/iter; left time: 362.1271s
	speed: 0.0658s/iter; left time: 474.9788s
	speed: 0.0630s/iter; left time: 448.8259s
	speed: 0.0522s/iter; left time: 366.7362s
	speed: 0.0402s/iter; left time: 278.1564s
	speed: 0.0587s/iter; left time: 400.2244s
	speed: 0.0458s/iter; left time: 307.9085s
	speed: 0.0560s/iter; left time: 370.4547s
	speed: 0.0409s/iter; left time: 266.9535s
	speed: 0.0573s/iter; left time: 368.2142s
	speed: 0.0646s/iter; left time: 408.2079s
	speed: 0.0449s/iter; left time: 279.1614s
	speed: 0.0404s/iter; left time: 247.5721s
	speed: 0.0403s/iter; left time: 242.7920s
	speed: 0.0404s/iter; left time: 239.2161s
	speed: 0.0406s/iter; left time: 236.1436s
	speed: 0.0406s/iter; left time: 232.3485s
	speed: 0.0427s/iter; left time: 240.0226s
	speed: 0.0406s/iter; left time: 223.9007s
	speed: 0.0408s/iter; left time: 221.1185s
	speed: 0.0411s/iter; left time: 218.4607s
	speed: 0.0504s/iter; left time: 262.8974s
	speed: 0.0625s/iter; left time: 320.0449s
	speed: 0.0403s/iter; left time: 202.1575s
	speed: 0.0401s/iter; left time: 197.4326s
	speed: 0.0468s/iter; left time: 225.5230s
	speed: 0.0634s/iter; left time: 299.1648s
	speed: 0.0566s/iter; left time: 261.5104s
	speed: 0.0528s/iter; left time: 238.8397s
	speed: 0.0404s/iter; left time: 178.8038s
	speed: 0.0403s/iter; left time: 174.3197s
	speed: 0.0411s/iter; left time: 173.6651s
	speed: 0.0488s/iter; left time: 201.1184s
	speed: 0.0392s/iter; left time: 157.6662s
	speed: 0.0403s/iter; left time: 157.9414s
	speed: 0.0403s/iter; left time: 153.8041s
	speed: 0.0552s/iter; left time: 205.4846s
	speed: 0.0438s/iter; left time: 158.5722s
	speed: 0.0520s/iter; left time: 182.9636s
	speed: 0.0411s/iter; left time: 140.6178s
	speed: 0.0402s/iter; left time: 133.3614s
	speed: 0.0417s/iter; left time: 134.2932s
	speed: 0.0512s/iter; left time: 159.6806s
	speed: 0.0407s/iter; left time: 123.0564s
	speed: 0.0508s/iter; left time: 148.3741s
	speed: 0.0586s/iter; left time: 165.2035s
	speed: 0.0462s/iter; left time: 125.7418s
	speed: 0.0410s/iter; left time: 107.4094s
	speed: 0.0407s/iter; left time: 102.6727s
	speed: 0.0405s/iter; left time: 98.1324s
	speed: 0.0406s/iter; left time: 94.2259s
	speed: 0.0566s/iter; left time: 125.7885s
	speed: 0.0503s/iter; left time: 106.6867s
	speed: 0.0402s/iter; left time: 81.3158s
	speed: 0.0599s/iter; left time: 114.9933s
	speed: 0.0468s/iter; left time: 85.2045s
	speed: 0.0402s/iter; left time: 69.1933s
	speed: 0.0440s/iter; left time: 71.3975s
	speed: 0.0401s/iter; left time: 60.9218s
	speed: 0.0400s/iter; left time: 56.8595s
	speed: 0.0401s/iter; left time: 52.9259s
	speed: 0.0404s/iter; left time: 49.3733s
	speed: 0.0403s/iter; left time: 45.1326s
	speed: 0.0403s/iter; left time: 41.1038s
	speed: 0.0403s/iter; left time: 37.1388s
	speed: 0.0595s/iter; left time: 48.8764s
	speed: 0.0664s/iter; left time: 47.8459s
	speed: 0.0613s/iter; left time: 38.0589s
	speed: 0.0492s/iter; left time: 25.6184s
	speed: 0.0613s/iter; left time: 25.7910s
	speed: 0.0593s/iter; left time: 19.0506s
	speed: 0.0402s/iter; left time: 8.8765s
	speed: 0.0405s/iter; left time: 4.8968s
	speed: 0.0410s/iter; left time: 0.8604s
2025-11-15 15:20:16,739 - INFO - 训练完成!
2025-11-15 15:20:16,739 - INFO - 开始测试模型...
Epoch: 1, Cost time: 545.763s 
Loading checkpoint from: checkpoints2_e_layers_analysis/contact_e_layers9_20251115_151103_pca/contact_cleaned_1minut_20250928_172122_checkpoint_2025-11-15_15-20-16/model.pth
Threshold : 0.34362372756004333
2025-11-15 15:23:15,774 - INFO - 测试完成!
pa_accuracy           : 0.9508
pa_precision          : 0.5120
pa_recall             : 0.6251
pa_f_score            : 0.5629
MCC_score             : 0.5401
Affiliation precision : 0.5250
Affiliation recall    : 0.8190
R_AUC_ROC             : 0.6573
R_AUC_PR              : 0.5128
VUS_ROC               : 0.6591
VUS_PR                : 0.5088
Accuracy : 0.9508, Precision : 0.5120, Recall : 0.6251, F-score : 0.5629 
Test results saved to: checkpoints2_e_layers_analysis/contact_e_layers9_20251115_151103_pca/contact_cleaned_1minut_20250928_172122_checkpoint_2025-11-15_15-20-16/result.json
/home/wanting/KDD2023-DCdetector/venv/lib/python3.12/site-packages/tsfresh/__init__.py:12: UserWarning: pkg_resources is deprecated as an API. See https://setuptools.pypa.io/en/latest/pkg_resources.html. The pkg_resources package is slated for removal as early as 2025-11-30. Refrain from using this package or pin to Setuptools<81.
  import pkg_resources
2025-11-15 15:23:18,555 - INFO - 开始使用自定义数据集运行DCdetector...
2025-11-15 15:23:18,555 - INFO - 数据集: Custom
2025-11-15 15:23:18,555 - INFO - 输入特征维度: 10
2025-11-15 15:23:18,555 - INFO - 窗口大小: 30
2025-11-15 15:23:18,555 - INFO - 批次大小: 32
2025-11-15 15:23:21,416 - INFO - 开始训练模型...
[onlyNormalData=True] 训练集过滤异常数据: 377158 行 -> 339888 行 (移除 37270 个异常样本)

[PCA降维] 启用
  n_components=10
  PCA前特征维度: 27
  PCA后特征维度: 10
  解释方差比（前10个）: [0.51869311 0.15333047 0.1103832  0.07160594 0.0435558  0.02740393
 0.0225212  0.01900313 0.00983904 0.00835796]
  累积解释方差: 0.9847
  时间点数量: train=339888, val=80820, test=80820 (未改变)
[PCA降维] 完成
数据加载自: dataset/downsampleData_scratch_1minut/contact/contact_cleaned_1minut_20250928_172122.parquet
训练集形状: (339888, 10)
验证集形状: (80820, 10)
测试集形状: (80820, 10)
特征维度: 10
异常比例（行级）:
- 训练集: 原始 9.88% -> 现有 0.00%
- 验证集: 5.85%
- 测试集: 5.06%
[onlyNormalData=True] 训练集过滤异常数据: 377158 行 -> 339888 行 (移除 37270 个异常样本)

[PCA降维] 启用
  n_components=10
  PCA前特征维度: 27
  PCA后特征维度: 10
  解释方差比（前10个）: [0.51869311 0.15333047 0.1103832  0.07160594 0.0435558  0.02740393
 0.0225212  0.01900313 0.00983904 0.00835796]
  累积解释方差: 0.9847
  时间点数量: train=339888, val=80820, test=80820 (未改变)
[PCA降维] 完成
数据加载自: dataset/downsampleData_scratch_1minut/contact/contact_cleaned_1minut_20250928_172122.parquet
训练集形状: (339888, 10)
验证集形状: (80820, 10)
测试集形状: (80820, 10)
特征维度: 10
异常比例（行级）:
- 训练集: 原始 9.88% -> 现有 0.00%
- 验证集: 5.85%
- 测试集: 5.06%
[onlyNormalData=True] 训练集过滤异常数据: 377158 行 -> 339888 行 (移除 37270 个异常样本)

[PCA降维] 启用
  n_components=10
  PCA前特征维度: 27
  PCA后特征维度: 10
  解释方差比（前10个）: [0.51869311 0.15333047 0.1103832  0.07160594 0.0435558  0.02740393
 0.0225212  0.01900313 0.00983904 0.00835796]
  累积解释方差: 0.9847
  时间点数量: train=339888, val=80820, test=80820 (未改变)
[PCA降维] 完成
数据加载自: dataset/downsampleData_scratch_1minut/contact/contact_cleaned_1minut_20250928_172122.parquet
训练集形状: (339888, 10)
验证集形状: (80820, 10)
测试集形状: (80820, 10)
特征维度: 10
异常比例（行级）:
- 训练集: 原始 9.88% -> 现有 0.00%
- 验证集: 5.85%
- 测试集: 5.06%
[onlyNormalData=True] 训练集过滤异常数据: 377158 行 -> 339888 行 (移除 37270 个异常样本)

[PCA降维] 启用
  n_components=10
  PCA前特征维度: 27
  PCA后特征维度: 10
  解释方差比（前10个）: [0.51869311 0.15333047 0.1103832  0.07160594 0.0435558  0.02740393
 0.0225212  0.01900313 0.00983904 0.00835796]
  累积解释方差: 0.9847
  时间点数量: train=339888, val=80820, test=80820 (未改变)
[PCA降维] 完成
数据加载自: dataset/downsampleData_scratch_1minut/contact/contact_cleaned_1minut_20250928_172122.parquet
训练集形状: (339888, 10)
验证集形状: (80820, 10)
测试集形状: (80820, 10)
特征维度: 10
异常比例（行级）:
- 训练集: 原始 9.88% -> 现有 0.00%
- 验证集: 5.85%
- 测试集: 5.06%
	speed: 0.0799s/iter; left time: 840.4712s
	speed: 0.0583s/iter; left time: 607.2983s
	speed: 0.0499s/iter; left time: 514.8485s
	speed: 0.0692s/iter; left time: 707.5902s
	speed: 0.0537s/iter; left time: 543.1615s
	speed: 0.0781s/iter; left time: 782.4698s
	speed: 0.0501s/iter; left time: 497.0683s
	speed: 0.0726s/iter; left time: 713.2063s
	speed: 0.0736s/iter; left time: 715.3591s
	speed: 0.0488s/iter; left time: 469.8794s
	speed: 0.0563s/iter; left time: 536.3592s
	speed: 0.0740s/iter; left time: 697.4124s
	speed: 0.0800s/iter; left time: 746.0441s
	speed: 0.0577s/iter; left time: 531.8103s
	speed: 0.0494s/iter; left time: 450.5079s
	speed: 0.0473s/iter; left time: 426.3384s
	speed: 0.0680s/iter; left time: 606.4787s
	speed: 0.0707s/iter; left time: 623.3204s
	speed: 0.0493s/iter; left time: 429.7776s
	speed: 0.0655s/iter; left time: 564.9292s
	speed: 0.0522s/iter; left time: 444.5776s
	speed: 0.0490s/iter; left time: 412.3781s
	speed: 0.0526s/iter; left time: 437.8888s
	speed: 0.0675s/iter; left time: 554.8470s
	speed: 0.0492s/iter; left time: 399.4222s
	speed: 0.0489s/iter; left time: 392.1234s
	speed: 0.0628s/iter; left time: 497.1720s
	speed: 0.0488s/iter; left time: 381.9458s
	speed: 0.0607s/iter; left time: 468.6557s
	speed: 0.0801s/iter; left time: 610.7597s
	speed: 0.0803s/iter; left time: 603.9910s
	speed: 0.0586s/iter; left time: 434.8059s
	speed: 0.0693s/iter; left time: 507.2368s
	speed: 0.0490s/iter; left time: 353.6218s
	speed: 0.0587s/iter; left time: 418.2007s
	speed: 0.0500s/iter; left time: 351.0822s
	speed: 0.0488s/iter; left time: 337.5810s
	speed: 0.0490s/iter; left time: 334.2783s
	speed: 0.0492s/iter; left time: 330.9438s
	speed: 0.0494s/iter; left time: 326.7906s
	speed: 0.0488s/iter; left time: 318.2321s
	speed: 0.0496s/iter; left time: 318.4631s
	speed: 0.0509s/iter; left time: 321.4319s
	speed: 0.0632s/iter; left time: 393.3079s
	speed: 0.0491s/iter; left time: 300.6279s
	speed: 0.0490s/iter; left time: 294.8399s
	speed: 0.0492s/iter; left time: 291.4370s
	speed: 0.0597s/iter; left time: 347.5491s
	speed: 0.0487s/iter; left time: 278.8143s
	speed: 0.0489s/iter; left time: 274.8222s
	speed: 0.0518s/iter; left time: 285.8890s
	speed: 0.0786s/iter; left time: 426.2604s
	speed: 0.0775s/iter; left time: 412.3866s
	speed: 0.0732s/iter; left time: 381.9200s
	speed: 0.0550s/iter; left time: 281.7729s
	speed: 0.0711s/iter; left time: 357.1623s
	speed: 0.0537s/iter; left time: 264.3124s
	speed: 0.0488s/iter; left time: 235.4094s
	speed: 0.0492s/iter; left time: 232.4143s
	speed: 0.0504s/iter; left time: 232.7385s
	speed: 0.0493s/iter; left time: 222.9196s
	speed: 0.0491s/iter; left time: 217.2736s
	speed: 0.0627s/iter; left time: 270.9998s
	speed: 0.0781s/iter; left time: 329.7646s
	speed: 0.0717s/iter; left time: 295.6294s
	speed: 0.0489s/iter; left time: 196.4306s
	speed: 0.0494s/iter; left time: 193.8264s
	speed: 0.0497s/iter; left time: 189.7821s
	speed: 0.0492s/iter; left time: 183.1082s
	speed: 0.0785s/iter; left time: 284.2067s
	speed: 0.0687s/iter; left time: 241.9305s
	speed: 0.0624s/iter; left time: 213.4238s
	speed: 0.0511s/iter; left time: 169.6566s
	speed: 0.0808s/iter; left time: 260.3433s
	speed: 0.0780s/iter; left time: 243.2915s
	speed: 0.0495s/iter; left time: 149.4085s
	speed: 0.0813s/iter; left time: 237.3453s
	speed: 0.0807s/iter; left time: 227.6758s
	speed: 0.0806s/iter; left time: 219.2380s
	speed: 0.0522s/iter; left time: 136.7663s
	speed: 0.0492s/iter; left time: 123.9308s
	speed: 0.0489s/iter; left time: 118.2973s
	speed: 0.0498s/iter; left time: 115.5163s
	speed: 0.0490s/iter; left time: 108.8824s
	speed: 0.0492s/iter; left time: 104.2815s
	speed: 0.0489s/iter; left time: 98.7966s
	speed: 0.0496s/iter; left time: 95.3615s
	speed: 0.0769s/iter; left time: 139.9540s
	speed: 0.0813s/iter; left time: 139.9970s
	speed: 0.0585s/iter; left time: 94.8005s
	speed: 0.0488s/iter; left time: 74.1992s
	speed: 0.0530s/iter; left time: 75.3057s
	speed: 0.0569s/iter; left time: 75.0991s
	speed: 0.0534s/iter; left time: 65.1628s
	speed: 0.0753s/iter; left time: 84.4032s
	speed: 0.0494s/iter; left time: 50.4629s
	speed: 0.0493s/iter; left time: 45.3610s
	speed: 0.0682s/iter; left time: 55.9783s
	speed: 0.0785s/iter; left time: 56.6041s
	speed: 0.0726s/iter; left time: 45.0869s
	speed: 0.0584s/iter; left time: 30.4312s
	speed: 0.0487s/iter; left time: 20.4970s
	speed: 0.0488s/iter; left time: 15.6589s
	speed: 0.0494s/iter; left time: 10.9279s
	speed: 0.0497s/iter; left time: 6.0156s
	speed: 0.0699s/iter; left time: 1.4682s
2025-11-15 15:35:04,500 - INFO - 训练完成!
2025-11-15 15:35:04,500 - INFO - 开始测试模型...
Epoch: 1, Cost time: 703.048s 
Loading checkpoint from: checkpoints2_e_layers_analysis/contact_e_layers11_20251115_152316_pca/contact_cleaned_1minut_20250928_172122_checkpoint_2025-11-15_15-35-04/model.pth
Threshold : 0.3455948233604431
2025-11-15 15:39:17,970 - INFO - 测试完成!
pa_accuracy           : 0.9530
pa_precision          : 0.5305
pa_recall             : 0.6417
pa_f_score            : 0.5809
MCC_score             : 0.5590
Affiliation precision : 0.5510
Affiliation recall    : 0.8231
R_AUC_ROC             : 0.6597
R_AUC_PR              : 0.5215
VUS_ROC               : 0.6597
VUS_PR                : 0.5167
Accuracy : 0.9530, Precision : 0.5305, Recall : 0.6417, F-score : 0.5809 
Test results saved to: checkpoints2_e_layers_analysis/contact_e_layers11_20251115_152316_pca/contact_cleaned_1minut_20250928_172122_checkpoint_2025-11-15_15-35-04/result.json
/home/wanting/KDD2023-DCdetector/venv/lib/python3.12/site-packages/tsfresh/__init__.py:12: UserWarning: pkg_resources is deprecated as an API. See https://setuptools.pypa.io/en/latest/pkg_resources.html. The pkg_resources package is slated for removal as early as 2025-11-30. Refrain from using this package or pin to Setuptools<81.
  import pkg_resources
2025-11-15 15:39:21,640 - INFO - 开始使用自定义数据集运行DCdetector...
2025-11-15 15:39:21,640 - INFO - 数据集: Custom
2025-11-15 15:39:21,640 - INFO - 输入特征维度: 10
2025-11-15 15:39:21,640 - INFO - 窗口大小: 30
2025-11-15 15:39:21,640 - INFO - 批次大小: 32
2025-11-15 15:39:25,339 - INFO - 开始训练模型...
[onlyNormalData=True] 训练集过滤异常数据: 408309 行 -> 390335 行 (移除 17974 个异常样本)

[PCA降维] 启用
  n_components=10
  PCA前特征维度: 28
  PCA后特征维度: 10
  解释方差比（前10个）: [0.44531896 0.19176419 0.11007933 0.0892243  0.06624989 0.04059656
 0.01873708 0.00939986 0.00887274 0.00681558]
  累积解释方差: 0.9871
  时间点数量: train=390335, val=87495, test=87495 (未改变)
[PCA降维] 完成
数据加载自: dataset/downsampleData_scratch_1minut/ring/Ring_cleaned_1minut_20250928_170147.parquet
训练集形状: (390335, 10)
验证集形状: (87495, 10)
测试集形状: (87495, 10)
特征维度: 10
异常比例（行级）:
- 训练集: 原始 4.40% -> 现有 0.00%
- 验证集: 2.97%
- 测试集: 4.20%
[onlyNormalData=True] 训练集过滤异常数据: 408309 行 -> 390335 行 (移除 17974 个异常样本)

[PCA降维] 启用
  n_components=10
  PCA前特征维度: 28
  PCA后特征维度: 10
  解释方差比（前10个）: [0.44531896 0.19176419 0.11007933 0.0892243  0.06624989 0.04059656
 0.01873708 0.00939986 0.00887274 0.00681558]
  累积解释方差: 0.9871
  时间点数量: train=390335, val=87495, test=87495 (未改变)
[PCA降维] 完成
数据加载自: dataset/downsampleData_scratch_1minut/ring/Ring_cleaned_1minut_20250928_170147.parquet
训练集形状: (390335, 10)
验证集形状: (87495, 10)
测试集形状: (87495, 10)
特征维度: 10
异常比例（行级）:
- 训练集: 原始 4.40% -> 现有 0.00%
- 验证集: 2.97%
- 测试集: 4.20%
[onlyNormalData=True] 训练集过滤异常数据: 408309 行 -> 390335 行 (移除 17974 个异常样本)

[PCA降维] 启用
  n_components=10
  PCA前特征维度: 28
  PCA后特征维度: 10
  解释方差比（前10个）: [0.44531896 0.19176419 0.11007933 0.0892243  0.06624989 0.04059656
 0.01873708 0.00939986 0.00887274 0.00681558]
  累积解释方差: 0.9871
  时间点数量: train=390335, val=87495, test=87495 (未改变)
[PCA降维] 完成
数据加载自: dataset/downsampleData_scratch_1minut/ring/Ring_cleaned_1minut_20250928_170147.parquet
训练集形状: (390335, 10)
验证集形状: (87495, 10)
测试集形状: (87495, 10)
特征维度: 10
异常比例（行级）:
- 训练集: 原始 4.40% -> 现有 0.00%
- 验证集: 2.97%
- 测试集: 4.20%
[onlyNormalData=True] 训练集过滤异常数据: 408309 行 -> 390335 行 (移除 17974 个异常样本)

[PCA降维] 启用
  n_components=10
  PCA前特征维度: 28
  PCA后特征维度: 10
  解释方差比（前10个）: [0.44531896 0.19176419 0.11007933 0.0892243  0.06624989 0.04059656
 0.01873708 0.00939986 0.00887274 0.00681558]
  累积解释方差: 0.9871
  时间点数量: train=390335, val=87495, test=87495 (未改变)
[PCA降维] 完成
数据加载自: dataset/downsampleData_scratch_1minut/ring/Ring_cleaned_1minut_20250928_170147.parquet
训练集形状: (390335, 10)
验证集形状: (87495, 10)
测试集形状: (87495, 10)
特征维度: 10
异常比例（行级）:
- 训练集: 原始 4.40% -> 现有 0.00%
- 验证集: 2.97%
- 测试集: 4.20%
	speed: 0.0210s/iter; left time: 253.5152s
	speed: 0.0155s/iter; left time: 185.7335s
	speed: 0.0153s/iter; left time: 182.0225s
	speed: 0.0151s/iter; left time: 177.7239s
	speed: 0.0150s/iter; left time: 175.8938s
	speed: 0.0154s/iter; left time: 178.4269s
	speed: 0.0152s/iter; left time: 174.9134s
	speed: 0.0150s/iter; left time: 171.3737s
	speed: 0.0202s/iter; left time: 227.8377s
	speed: 0.0151s/iter; left time: 169.6099s
	speed: 0.0155s/iter; left time: 171.8479s
	speed: 0.0152s/iter; left time: 167.0400s
	speed: 0.0151s/iter; left time: 164.1445s
	speed: 0.0151s/iter; left time: 162.7400s
	speed: 0.0151s/iter; left time: 161.1338s
	speed: 0.0152s/iter; left time: 160.7710s
	speed: 0.0152s/iter; left time: 159.7803s
	speed: 0.0151s/iter; left time: 156.8793s
	speed: 0.0164s/iter; left time: 169.0139s
	speed: 0.0174s/iter; left time: 177.6563s
	speed: 0.0168s/iter; left time: 169.6981s
	speed: 0.0151s/iter; left time: 150.6184s
	speed: 0.0152s/iter; left time: 150.4440s
	speed: 0.0152s/iter; left time: 148.8901s
	speed: 0.0152s/iter; left time: 147.5783s
	speed: 0.0153s/iter; left time: 146.9212s
	speed: 0.0152s/iter; left time: 144.0429s
	speed: 0.0151s/iter; left time: 141.6255s
	speed: 0.0194s/iter; left time: 180.4525s
	speed: 0.0151s/iter; left time: 138.6511s
	speed: 0.0151s/iter; left time: 137.1970s
	speed: 0.0157s/iter; left time: 141.1255s
	speed: 0.0150s/iter; left time: 133.4532s
	speed: 0.0150s/iter; left time: 132.1315s
	speed: 0.0150s/iter; left time: 130.4749s
	speed: 0.0150s/iter; left time: 129.0124s
	speed: 0.0151s/iter; left time: 127.9227s
	speed: 0.0150s/iter; left time: 125.8449s
	speed: 0.0150s/iter; left time: 124.0758s
	speed: 0.0150s/iter; left time: 122.6293s
	speed: 0.0151s/iter; left time: 122.1716s
	speed: 0.0151s/iter; left time: 120.6448s
	speed: 0.0151s/iter; left time: 119.1902s
	speed: 0.0149s/iter; left time: 116.0967s
	speed: 0.0150s/iter; left time: 115.5879s
	speed: 0.0149s/iter; left time: 112.8877s
	speed: 0.0149s/iter; left time: 111.6340s
	speed: 0.0151s/iter; left time: 111.4440s
	speed: 0.0150s/iter; left time: 109.1208s
	speed: 0.0180s/iter; left time: 129.5626s
	speed: 0.0171s/iter; left time: 121.4962s
	speed: 0.0183s/iter; left time: 128.0652s
	speed: 0.0159s/iter; left time: 109.5688s
	speed: 0.0151s/iter; left time: 102.4255s
	speed: 0.0151s/iter; left time: 100.8290s
	speed: 0.0150s/iter; left time: 99.2498s
	speed: 0.0150s/iter; left time: 97.3620s
	speed: 0.0150s/iter; left time: 95.7748s
	speed: 0.0150s/iter; left time: 94.3949s
	speed: 0.0150s/iter; left time: 92.9124s
	speed: 0.0150s/iter; left time: 91.7685s
	speed: 0.0151s/iter; left time: 90.7754s
	speed: 0.0152s/iter; left time: 89.6865s
	speed: 0.0152s/iter; left time: 88.2653s
	speed: 0.0153s/iter; left time: 87.1189s
	speed: 0.0154s/iter; left time: 86.2965s
	speed: 0.0153s/iter; left time: 84.2802s
	speed: 0.0153s/iter; left time: 82.7501s
	speed: 0.0153s/iter; left time: 81.1304s
	speed: 0.0152s/iter; left time: 78.9342s
	speed: 0.0152s/iter; left time: 77.4147s
	speed: 0.0152s/iter; left time: 75.9305s
	speed: 0.0152s/iter; left time: 74.5971s
	speed: 0.0152s/iter; left time: 72.9770s
	speed: 0.0152s/iter; left time: 71.3014s
	speed: 0.0151s/iter; left time: 69.3816s
	speed: 0.0150s/iter; left time: 67.5512s
	speed: 0.0150s/iter; left time: 66.0232s
	speed: 0.0151s/iter; left time: 64.6882s
	speed: 0.0151s/iter; left time: 63.5623s
	speed: 0.0153s/iter; left time: 62.6499s
	speed: 0.0151s/iter; left time: 60.4310s
	speed: 0.0151s/iter; left time: 58.9141s
	speed: 0.0150s/iter; left time: 56.8144s
	speed: 0.0149s/iter; left time: 55.2195s
	speed: 0.0149s/iter; left time: 53.7110s
	speed: 0.0152s/iter; left time: 53.1152s
	speed: 0.0152s/iter; left time: 51.5070s
	speed: 0.0154s/iter; left time: 50.6354s
	speed: 0.0152s/iter; left time: 48.7613s
	speed: 0.0152s/iter; left time: 47.0212s
	speed: 0.0151s/iter; left time: 45.2331s
	speed: 0.0150s/iter; left time: 43.4278s
	speed: 0.0150s/iter; left time: 41.9754s
	speed: 0.0150s/iter; left time: 40.4192s
	speed: 0.0151s/iter; left time: 39.1730s
	speed: 0.0150s/iter; left time: 37.4670s
	speed: 0.0151s/iter; left time: 36.1809s
	speed: 0.0150s/iter; left time: 34.5662s
	speed: 0.0151s/iter; left time: 33.1776s
	speed: 0.0151s/iter; left time: 31.6838s
	speed: 0.0150s/iter; left time: 29.9444s
	speed: 0.0150s/iter; left time: 28.4641s
	speed: 0.0150s/iter; left time: 26.9411s
	speed: 0.0149s/iter; left time: 25.3734s
	speed: 0.0150s/iter; left time: 24.0101s
	speed: 0.0147s/iter; left time: 22.0903s
	speed: 0.0150s/iter; left time: 20.9380s
	speed: 0.0151s/iter; left time: 19.6432s
	speed: 0.0154s/iter; left time: 18.4691s
	speed: 0.0145s/iter; left time: 15.8804s
	speed: 0.0153s/iter; left time: 15.2617s
	speed: 0.0151s/iter; left time: 13.5231s
	speed: 0.0151s/iter; left time: 12.0662s
	speed: 0.0152s/iter; left time: 10.6142s
	speed: 0.0154s/iter; left time: 9.1832s
	speed: 0.0152s/iter; left time: 7.5733s
	speed: 0.0153s/iter; left time: 6.0756s
	speed: 0.0153s/iter; left time: 4.5611s
	speed: 0.0153s/iter; left time: 3.0293s
	speed: 0.0153s/iter; left time: 1.4978s
2025-11-15 15:42:53,899 - INFO - 训练完成!
2025-11-15 15:42:53,899 - INFO - 开始测试模型...
Epoch: 1, Cost time: 208.520s 
Loading checkpoint from: checkpoints2_e_layers_analysis/ring_e_layers3_20251115_153919_pca/Ring_cleaned_1minut_20250928_170147_checkpoint_2025-11-15_15-42-53/model.pth
Threshold : 0.33713412284851074
2025-11-15 15:44:32,574 - INFO - 测试完成!
pa_accuracy           : 0.9547
pa_precision          : 0.4681
pa_recall             : 0.5549
pa_f_score            : 0.5078
MCC_score             : 0.4862
Affiliation precision : 0.5148
Affiliation recall    : 0.7226
R_AUC_ROC             : 0.6375
R_AUC_PR              : 0.4571
VUS_ROC               : 0.6356
VUS_PR                : 0.4499
Accuracy : 0.9547, Precision : 0.4681, Recall : 0.5549, F-score : 0.5078 
Test results saved to: checkpoints2_e_layers_analysis/ring_e_layers3_20251115_153919_pca/Ring_cleaned_1minut_20250928_170147_checkpoint_2025-11-15_15-42-53/result.json
/home/wanting/KDD2023-DCdetector/venv/lib/python3.12/site-packages/tsfresh/__init__.py:12: UserWarning: pkg_resources is deprecated as an API. See https://setuptools.pypa.io/en/latest/pkg_resources.html. The pkg_resources package is slated for removal as early as 2025-11-30. Refrain from using this package or pin to Setuptools<81.
  import pkg_resources
2025-11-15 15:44:36,056 - INFO - 开始使用自定义数据集运行DCdetector...
2025-11-15 15:44:36,056 - INFO - 数据集: Custom
2025-11-15 15:44:36,056 - INFO - 输入特征维度: 10
2025-11-15 15:44:36,056 - INFO - 窗口大小: 30
2025-11-15 15:44:36,056 - INFO - 批次大小: 32
2025-11-15 15:44:39,095 - INFO - 开始训练模型...
[onlyNormalData=True] 训练集过滤异常数据: 408309 行 -> 390335 行 (移除 17974 个异常样本)

[PCA降维] 启用
  n_components=10
  PCA前特征维度: 28
  PCA后特征维度: 10
  解释方差比（前10个）: [0.44531896 0.19176419 0.11007933 0.0892243  0.06624989 0.04059656
 0.01873708 0.00939986 0.00887274 0.00681558]
  累积解释方差: 0.9871
  时间点数量: train=390335, val=87495, test=87495 (未改变)
[PCA降维] 完成
数据加载自: dataset/downsampleData_scratch_1minut/ring/Ring_cleaned_1minut_20250928_170147.parquet
训练集形状: (390335, 10)
验证集形状: (87495, 10)
测试集形状: (87495, 10)
特征维度: 10
异常比例（行级）:
- 训练集: 原始 4.40% -> 现有 0.00%
- 验证集: 2.97%
- 测试集: 4.20%
[onlyNormalData=True] 训练集过滤异常数据: 408309 行 -> 390335 行 (移除 17974 个异常样本)

[PCA降维] 启用
  n_components=10
  PCA前特征维度: 28
  PCA后特征维度: 10
  解释方差比（前10个）: [0.44531896 0.19176419 0.11007933 0.0892243  0.06624989 0.04059656
 0.01873708 0.00939986 0.00887274 0.00681558]
  累积解释方差: 0.9871
  时间点数量: train=390335, val=87495, test=87495 (未改变)
[PCA降维] 完成
数据加载自: dataset/downsampleData_scratch_1minut/ring/Ring_cleaned_1minut_20250928_170147.parquet
训练集形状: (390335, 10)
验证集形状: (87495, 10)
测试集形状: (87495, 10)
特征维度: 10
异常比例（行级）:
- 训练集: 原始 4.40% -> 现有 0.00%
- 验证集: 2.97%
- 测试集: 4.20%
[onlyNormalData=True] 训练集过滤异常数据: 408309 行 -> 390335 行 (移除 17974 个异常样本)

[PCA降维] 启用
  n_components=10
  PCA前特征维度: 28
  PCA后特征维度: 10
  解释方差比（前10个）: [0.44531896 0.19176419 0.11007933 0.0892243  0.06624989 0.04059656
 0.01873708 0.00939986 0.00887274 0.00681558]
  累积解释方差: 0.9871
  时间点数量: train=390335, val=87495, test=87495 (未改变)
[PCA降维] 完成
数据加载自: dataset/downsampleData_scratch_1minut/ring/Ring_cleaned_1minut_20250928_170147.parquet
训练集形状: (390335, 10)
验证集形状: (87495, 10)
测试集形状: (87495, 10)
特征维度: 10
异常比例（行级）:
- 训练集: 原始 4.40% -> 现有 0.00%
- 验证集: 2.97%
- 测试集: 4.20%
[onlyNormalData=True] 训练集过滤异常数据: 408309 行 -> 390335 行 (移除 17974 个异常样本)

[PCA降维] 启用
  n_components=10
  PCA前特征维度: 28
  PCA后特征维度: 10
  解释方差比（前10个）: [0.44531896 0.19176419 0.11007933 0.0892243  0.06624989 0.04059656
 0.01873708 0.00939986 0.00887274 0.00681558]
  累积解释方差: 0.9871
  时间点数量: train=390335, val=87495, test=87495 (未改变)
[PCA降维] 完成
数据加载自: dataset/downsampleData_scratch_1minut/ring/Ring_cleaned_1minut_20250928_170147.parquet
训练集形状: (390335, 10)
验证集形状: (87495, 10)
测试集形状: (87495, 10)
特征维度: 10
异常比例（行级）:
- 训练集: 原始 4.40% -> 现有 0.00%
- 验证集: 2.97%
- 测试集: 4.20%
	speed: 0.0280s/iter; left time: 339.0351s
	speed: 0.0236s/iter; left time: 283.5452s
	speed: 0.0234s/iter; left time: 278.2139s
	speed: 0.0236s/iter; left time: 278.8602s
	speed: 0.0276s/iter; left time: 322.3610s
	speed: 0.0166s/iter; left time: 192.2292s
	speed: 0.0309s/iter; left time: 355.6364s
	speed: 0.0373s/iter; left time: 424.8696s
	speed: 0.0301s/iter; left time: 340.0915s
	speed: 0.0463s/iter; left time: 518.5380s
	speed: 0.0423s/iter; left time: 469.1399s
	speed: 0.0346s/iter; left time: 381.0341s
	speed: 0.0485s/iter; left time: 528.6986s
	speed: 0.0447s/iter; left time: 482.5595s
	speed: 0.0457s/iter; left time: 488.4946s
	speed: 0.0407s/iter; left time: 431.7522s
	speed: 0.0446s/iter; left time: 467.7991s
	speed: 0.0619s/iter; left time: 643.4208s
	speed: 0.0525s/iter; left time: 540.4692s
	speed: 0.0399s/iter; left time: 406.5881s
	speed: 0.0327s/iter; left time: 330.0075s
	speed: 0.0168s/iter; left time: 168.3065s
	speed: 0.0170s/iter; left time: 168.3316s
	speed: 0.0169s/iter; left time: 165.7063s
	speed: 0.0170s/iter; left time: 164.4942s
	speed: 0.0169s/iter; left time: 162.5790s
	speed: 0.0169s/iter; left time: 160.5643s
	speed: 0.0170s/iter; left time: 159.4289s
	speed: 0.0170s/iter; left time: 157.8623s
	speed: 0.0169s/iter; left time: 155.5124s
	speed: 0.0170s/iter; left time: 154.5678s
	speed: 0.0169s/iter; left time: 152.3263s
	speed: 0.0170s/iter; left time: 151.2369s
	speed: 0.0170s/iter; left time: 149.4664s
	speed: 0.0170s/iter; left time: 147.8704s
	speed: 0.0172s/iter; left time: 147.7481s
	speed: 0.0169s/iter; left time: 143.6524s
	speed: 0.0169s/iter; left time: 141.5071s
	speed: 0.0168s/iter; left time: 139.4480s
	speed: 0.0172s/iter; left time: 140.6237s
	speed: 0.0169s/iter; left time: 136.6023s
	speed: 0.0168s/iter; left time: 134.7025s
	speed: 0.0169s/iter; left time: 133.4468s
	speed: 0.0169s/iter; left time: 131.9748s
	speed: 0.0169s/iter; left time: 129.7796s
	speed: 0.0169s/iter; left time: 128.4532s
	speed: 0.0169s/iter; left time: 126.8820s
	speed: 0.0169s/iter; left time: 124.8986s
	speed: 0.0169s/iter; left time: 123.0203s
	speed: 0.0169s/iter; left time: 121.3646s
	speed: 0.0169s/iter; left time: 119.8324s
	speed: 0.0169s/iter; left time: 118.3858s
	speed: 0.0169s/iter; left time: 116.6129s
	speed: 0.0171s/iter; left time: 116.1787s
	speed: 0.0169s/iter; left time: 113.3671s
	speed: 0.0169s/iter; left time: 111.3829s
	speed: 0.0171s/iter; left time: 111.1786s
	speed: 0.0169s/iter; left time: 108.0645s
	speed: 0.0168s/iter; left time: 106.0650s
	speed: 0.0170s/iter; left time: 105.1435s
	speed: 0.0171s/iter; left time: 104.5401s
	speed: 0.0169s/iter; left time: 101.3929s
	speed: 0.0169s/iter; left time: 99.6294s
	speed: 0.0169s/iter; left time: 98.2456s
	speed: 0.0168s/iter; left time: 95.5690s
	speed: 0.0168s/iter; left time: 94.1469s
	speed: 0.0168s/iter; left time: 92.6037s
	speed: 0.0168s/iter; left time: 90.8285s
	speed: 0.0168s/iter; left time: 89.2622s
	speed: 0.0169s/iter; left time: 87.7379s
	speed: 0.0170s/iter; left time: 86.4311s
	speed: 0.0168s/iter; left time: 83.9195s
	speed: 0.0167s/iter; left time: 81.8554s
	speed: 0.0167s/iter; left time: 80.3604s
	speed: 0.0169s/iter; left time: 79.6099s
	speed: 0.0169s/iter; left time: 77.4813s
	speed: 0.0169s/iter; left time: 75.9690s
	speed: 0.0168s/iter; left time: 74.0965s
	speed: 0.0171s/iter; left time: 73.4704s
	speed: 0.0169s/iter; left time: 70.9380s
	speed: 0.0169s/iter; left time: 69.3241s
	speed: 0.0170s/iter; left time: 67.9974s
	speed: 0.0168s/iter; left time: 65.6367s
	speed: 0.0167s/iter; left time: 63.5636s
	speed: 0.0170s/iter; left time: 62.9496s
	speed: 0.0171s/iter; left time: 61.6428s
	speed: 0.0171s/iter; left time: 59.8931s
	speed: 0.0168s/iter; left time: 57.0459s
	speed: 0.0170s/iter; left time: 56.0184s
	speed: 0.0170s/iter; left time: 54.4376s
	speed: 0.0169s/iter; left time: 52.3814s
	speed: 0.0170s/iter; left time: 50.9835s
	speed: 0.0170s/iter; left time: 49.2584s
	speed: 0.0171s/iter; left time: 47.9792s
	speed: 0.0169s/iter; left time: 45.5531s
	speed: 0.0171s/iter; left time: 44.3157s
	speed: 0.0169s/iter; left time: 42.2973s
	speed: 0.0169s/iter; left time: 40.6239s
	speed: 0.0169s/iter; left time: 38.8172s
	speed: 0.0173s/iter; left time: 37.9445s
	speed: 0.0171s/iter; left time: 35.9443s
	speed: 0.0167s/iter; left time: 33.3895s
	speed: 0.0172s/iter; left time: 32.5531s
	speed: 0.0171s/iter; left time: 30.8005s
	speed: 0.0174s/iter; left time: 29.5113s
	speed: 0.0171s/iter; left time: 27.3028s
	speed: 0.0176s/iter; left time: 26.3574s
	speed: 0.0168s/iter; left time: 23.5259s
	speed: 0.0173s/iter; left time: 22.4461s
	speed: 0.0169s/iter; left time: 20.2001s
	speed: 0.0170s/iter; left time: 18.6248s
	speed: 0.0169s/iter; left time: 16.8573s
	speed: 0.0170s/iter; left time: 15.2561s
	speed: 0.0169s/iter; left time: 13.4612s
	speed: 0.0170s/iter; left time: 11.8399s
	speed: 0.0170s/iter; left time: 10.1449s
	speed: 0.0169s/iter; left time: 8.4229s
	speed: 0.0169s/iter; left time: 6.7183s
	speed: 0.0168s/iter; left time: 5.0180s
	speed: 0.0170s/iter; left time: 3.3732s
	speed: 0.0168s/iter; left time: 1.6452s
2025-11-15 15:49:19,547 - INFO - 训练完成!
2025-11-15 15:49:19,547 - INFO - 开始测试模型...
Epoch: 1, Cost time: 280.412s 
Loading checkpoint from: checkpoints2_e_layers_analysis/ring_e_layers5_20251115_154433_pca/Ring_cleaned_1minut_20250928_170147_checkpoint_2025-11-15_15-49-19/model.pth
Threshold : 0.3393409550189972
2025-11-15 15:51:13,060 - INFO - 测试完成!
pa_accuracy           : 0.9583
pa_precision          : 0.5038
pa_recall             : 0.5555
pa_f_score            : 0.5284
MCC_score             : 0.5073
Affiliation precision : 0.5441
Affiliation recall    : 0.7348
R_AUC_ROC             : 0.6365
R_AUC_PR              : 0.4754
VUS_ROC               : 0.6390
VUS_PR                : 0.4723
Accuracy : 0.9583, Precision : 0.5038, Recall : 0.5555, F-score : 0.5284 
Test results saved to: checkpoints2_e_layers_analysis/ring_e_layers5_20251115_154433_pca/Ring_cleaned_1minut_20250928_170147_checkpoint_2025-11-15_15-49-19/result.json

================================================================================
ANOMALY TRANSFORMER - PARAMETER ANALYSIS
================================================================================
Parameter to analyze: e_layers
Parameter values: [3, 5, 7, 9, 11]
Datasets: ['contact', 'ring', 'pcb']
Fixed parameters: {'num_epochs': 1, 'batch_size': 32, 'lr': 0.0001, 'win_size': 30, 'n_heads': 1, 'e_layers': 3, 'patch_size': '3,6,10', 'anormly_ratio': 3.0}
================================================================================

Working directory: /home/wanting/KDD2023-DCdetector


Starting experiments...

################################################################################
# Experiment 1/15
# Dataset: contact, e_layers: 3
################################################################################


================================================================================
Running: contact | e_layers=3
================================================================================
Command: python run_custom_dataset.py --dataset Custom --data_path dataset/downsampleData_scratch_1minut/contact/contact_cleaned_1minut_20250928_172122.parquet --num_epochs 1 --win_size 30 --batch_size 32 --mode train --input_c 10 --output_c 10 --lr 0.0001 --anormly_ratio 3.0 --index 0 --patience 3 --patch_size 3,6,10 --n_heads 1 --d_model 256 --e_layers 3 --d_ff 512 --activation gelu --output_attention True --model_save_path checkpoints2_e_layers_analysis/contact_e_layers3_20251115_145459_pca
================================================================================


✓ Results: Precision=0.5236, Recall=0.6239, F-score=0.5694

################################################################################
# Experiment 2/15
# Dataset: contact, e_layers: 5
################################################################################


================================================================================
Running: contact | e_layers=5
================================================================================
Command: python run_custom_dataset.py --dataset Custom --data_path dataset/downsampleData_scratch_1minut/contact/contact_cleaned_1minut_20250928_172122.parquet --num_epochs 1 --win_size 30 --batch_size 32 --mode train --input_c 10 --output_c 10 --lr 0.0001 --anormly_ratio 3.0 --index 0 --patience 3 --patch_size 3,6,10 --n_heads 1 --d_model 256 --e_layers 5 --d_ff 512 --activation gelu --output_attention True --model_save_path checkpoints2_e_layers_analysis/contact_e_layers5_20251115_145835_pca
================================================================================


✓ Results: Precision=0.5307, Recall=0.6698, F-score=0.5922

################################################################################
# Experiment 3/15
# Dataset: contact, e_layers: 7
################################################################################


================================================================================
Running: contact | e_layers=7
================================================================================
Command: python run_custom_dataset.py --dataset Custom --data_path dataset/downsampleData_scratch_1minut/contact/contact_cleaned_1minut_20250928_172122.parquet --num_epochs 1 --win_size 30 --batch_size 32 --mode train --input_c 10 --output_c 10 --lr 0.0001 --anormly_ratio 3.0 --index 0 --patience 3 --patch_size 3,6,10 --n_heads 1 --d_model 256 --e_layers 7 --d_ff 512 --activation gelu --output_attention True --model_save_path checkpoints2_e_layers_analysis/contact_e_layers7_20251115_150338_pca
================================================================================


✓ Results: Precision=0.5095, Recall=0.6219, F-score=0.5601

################################################################################
# Experiment 4/15
# Dataset: contact, e_layers: 9
################################################################################


================================================================================
Running: contact | e_layers=9
================================================================================
Command: python run_custom_dataset.py --dataset Custom --data_path dataset/downsampleData_scratch_1minut/contact/contact_cleaned_1minut_20250928_172122.parquet --num_epochs 1 --win_size 30 --batch_size 32 --mode train --input_c 10 --output_c 10 --lr 0.0001 --anormly_ratio 3.0 --index 0 --patience 3 --patch_size 3,6,10 --n_heads 1 --d_model 256 --e_layers 9 --d_ff 512 --activation gelu --output_attention True --model_save_path checkpoints2_e_layers_analysis/contact_e_layers9_20251115_151103_pca
================================================================================


✓ Results: Precision=0.5120, Recall=0.6251, F-score=0.5629

################################################################################
# Experiment 5/15
# Dataset: contact, e_layers: 11
################################################################################


================================================================================
Running: contact | e_layers=11
================================================================================
Command: python run_custom_dataset.py --dataset Custom --data_path dataset/downsampleData_scratch_1minut/contact/contact_cleaned_1minut_20250928_172122.parquet --num_epochs 1 --win_size 30 --batch_size 32 --mode train --input_c 10 --output_c 10 --lr 0.0001 --anormly_ratio 3.0 --index 0 --patience 3 --patch_size 3,6,10 --n_heads 1 --d_model 256 --e_layers 11 --d_ff 512 --activation gelu --output_attention True --model_save_path checkpoints2_e_layers_analysis/contact_e_layers11_20251115_152316_pca
================================================================================


✓ Results: Precision=0.5305, Recall=0.6417, F-score=0.5809

################################################################################
# Experiment 6/15
# Dataset: ring, e_layers: 3
################################################################################


================================================================================
Running: ring | e_layers=3
================================================================================
Command: python run_custom_dataset.py --dataset Custom --data_path dataset/downsampleData_scratch_1minut/ring/Ring_cleaned_1minut_20250928_170147.parquet --num_epochs 1 --win_size 30 --batch_size 32 --mode train --input_c 10 --output_c 10 --lr 0.0001 --anormly_ratio 3.0 --index 0 --patience 3 --patch_size 3,6,10 --n_heads 1 --d_model 256 --e_layers 3 --d_ff 512 --activation gelu --output_attention True --model_save_path checkpoints2_e_layers_analysis/ring_e_layers3_20251115_153919_pca
================================================================================


✓ Results: Precision=0.4681, Recall=0.5549, F-score=0.5078

################################################################################
# Experiment 7/15
# Dataset: ring, e_layers: 5
################################################################################


================================================================================
Running: ring | e_layers=5
================================================================================
Command: python run_custom_dataset.py --dataset Custom --data_path dataset/downsampleData_scratch_1minut/ring/Ring_cleaned_1minut_20250928_170147.parquet --num_epochs 1 --win_size 30 --batch_size 32 --mode train --input_c 10 --output_c 10 --lr 0.0001 --anormly_ratio 3.0 --index 0 --patience 3 --patch_size 3,6,10 --n_heads 1 --d_model 256 --e_layers 5 --d_ff 512 --activation gelu --output_attention True --model_save_path checkpoints2_e_layers_analysis/ring_e_layers5_20251115_154433_pca
================================================================================


✓ Results: Precision=0.5038, Recall=0.5555, F-score=0.5284

################################################################################
# Experiment 8/15
# Dataset: ring, e_layers: 7
################################################################################

/home/wanting/KDD2023-DCdetector/venv/lib/python3.12/site-packages/tsfresh/__init__.py:12: UserWarning: pkg_resources is deprecated as an API. See https://setuptools.pypa.io/en/latest/pkg_resources.html. The pkg_resources package is slated for removal as early as 2025-11-30. Refrain from using this package or pin to Setuptools<81.
  import pkg_resources
2025-11-15 15:51:16,924 - INFO - 开始使用自定义数据集运行DCdetector...
2025-11-15 15:51:16,924 - INFO - 数据集: Custom
2025-11-15 15:51:16,924 - INFO - 输入特征维度: 10
2025-11-15 15:51:16,924 - INFO - 窗口大小: 30
2025-11-15 15:51:16,924 - INFO - 批次大小: 32
2025-11-15 15:51:19,109 - INFO - 开始训练模型...
[onlyNormalData=True] 训练集过滤异常数据: 408309 行 -> 390335 行 (移除 17974 个异常样本)

[PCA降维] 启用
  n_components=10
  PCA前特征维度: 28
  PCA后特征维度: 10
  解释方差比（前10个）: [0.44531896 0.19176419 0.11007933 0.0892243  0.06624989 0.04059656
 0.01873708 0.00939986 0.00887274 0.00681558]
  累积解释方差: 0.9871
  时间点数量: train=390335, val=87495, test=87495 (未改变)
[PCA降维] 完成
数据加载自: dataset/downsampleData_scratch_1minut/ring/Ring_cleaned_1minut_20250928_170147.parquet
训练集形状: (390335, 10)
验证集形状: (87495, 10)
测试集形状: (87495, 10)
特征维度: 10
异常比例（行级）:
- 训练集: 原始 4.40% -> 现有 0.00%
- 验证集: 2.97%
- 测试集: 4.20%
[onlyNormalData=True] 训练集过滤异常数据: 408309 行 -> 390335 行 (移除 17974 个异常样本)

[PCA降维] 启用
  n_components=10
  PCA前特征维度: 28
  PCA后特征维度: 10
  解释方差比（前10个）: [0.44531896 0.19176419 0.11007933 0.0892243  0.06624989 0.04059656
 0.01873708 0.00939986 0.00887274 0.00681558]
  累积解释方差: 0.9871
  时间点数量: train=390335, val=87495, test=87495 (未改变)
[PCA降维] 完成
数据加载自: dataset/downsampleData_scratch_1minut/ring/Ring_cleaned_1minut_20250928_170147.parquet
训练集形状: (390335, 10)
验证集形状: (87495, 10)
测试集形状: (87495, 10)
特征维度: 10
异常比例（行级）:
- 训练集: 原始 4.40% -> 现有 0.00%
- 验证集: 2.97%
- 测试集: 4.20%
[onlyNormalData=True] 训练集过滤异常数据: 408309 行 -> 390335 行 (移除 17974 个异常样本)

[PCA降维] 启用
  n_components=10
  PCA前特征维度: 28
  PCA后特征维度: 10
  解释方差比（前10个）: [0.44531896 0.19176419 0.11007933 0.0892243  0.06624989 0.04059656
 0.01873708 0.00939986 0.00887274 0.00681558]
  累积解释方差: 0.9871
  时间点数量: train=390335, val=87495, test=87495 (未改变)
[PCA降维] 完成
数据加载自: dataset/downsampleData_scratch_1minut/ring/Ring_cleaned_1minut_20250928_170147.parquet
训练集形状: (390335, 10)
验证集形状: (87495, 10)
测试集形状: (87495, 10)
特征维度: 10
异常比例（行级）:
- 训练集: 原始 4.40% -> 现有 0.00%
- 验证集: 2.97%
- 测试集: 4.20%
[onlyNormalData=True] 训练集过滤异常数据: 408309 行 -> 390335 行 (移除 17974 个异常样本)

[PCA降维] 启用
  n_components=10
  PCA前特征维度: 28
  PCA后特征维度: 10
  解释方差比（前10个）: [0.44531896 0.19176419 0.11007933 0.0892243  0.06624989 0.04059656
 0.01873708 0.00939986 0.00887274 0.00681558]
  累积解释方差: 0.9871
  时间点数量: train=390335, val=87495, test=87495 (未改变)
[PCA降维] 完成
数据加载自: dataset/downsampleData_scratch_1minut/ring/Ring_cleaned_1minut_20250928_170147.parquet
训练集形状: (390335, 10)
验证集形状: (87495, 10)
测试集形状: (87495, 10)
特征维度: 10
异常比例（行级）:
- 训练集: 原始 4.40% -> 现有 0.00%
- 验证集: 2.97%
- 测试集: 4.20%
	speed: 0.0268s/iter; left time: 324.7140s
	speed: 0.0223s/iter; left time: 267.0140s
	speed: 0.0223s/iter; left time: 265.2828s
	speed: 0.0224s/iter; left time: 264.5810s
	speed: 0.0222s/iter; left time: 259.8902s
	speed: 0.0221s/iter; left time: 256.3594s
	speed: 0.0221s/iter; left time: 253.8298s
	speed: 0.0221s/iter; left time: 251.9662s
	speed: 0.0220s/iter; left time: 248.1254s
	speed: 0.0220s/iter; left time: 246.3122s
	speed: 0.0220s/iter; left time: 244.3881s
	speed: 0.0220s/iter; left time: 242.1947s
	speed: 0.0221s/iter; left time: 240.7979s
	speed: 0.0221s/iter; left time: 238.4134s
	speed: 0.0220s/iter; left time: 235.5207s
	speed: 0.0220s/iter; left time: 233.6737s
	speed: 0.0220s/iter; left time: 230.9760s
	speed: 0.0220s/iter; left time: 228.5289s
	speed: 0.0219s/iter; left time: 225.9740s
	speed: 0.0220s/iter; left time: 223.9661s
	speed: 0.0220s/iter; left time: 221.9886s
	speed: 0.0220s/iter; left time: 220.3317s
	speed: 0.0220s/iter; left time: 218.1737s
	speed: 0.0220s/iter; left time: 215.4273s
	speed: 0.0220s/iter; left time: 213.2504s
	speed: 0.0220s/iter; left time: 211.0159s
	speed: 0.0219s/iter; left time: 208.4135s
	speed: 0.0220s/iter; left time: 206.6250s
	speed: 0.0220s/iter; left time: 204.6568s
	speed: 0.0220s/iter; left time: 202.0612s
	speed: 0.0220s/iter; left time: 199.9195s
	speed: 0.0220s/iter; left time: 197.9661s
	speed: 0.0219s/iter; left time: 195.1495s
	speed: 0.0218s/iter; left time: 192.0684s
	speed: 0.0219s/iter; left time: 190.5462s
	speed: 0.0220s/iter; left time: 189.4200s
	speed: 0.0221s/iter; left time: 187.5147s
	speed: 0.0220s/iter; left time: 185.1566s
	speed: 0.0220s/iter; left time: 182.8984s
	speed: 0.0221s/iter; left time: 180.9765s
	speed: 0.0221s/iter; left time: 179.0768s
	speed: 0.0221s/iter; left time: 176.3865s
	speed: 0.0221s/iter; left time: 174.2410s
	speed: 0.0221s/iter; left time: 172.2978s
	speed: 0.0220s/iter; left time: 169.2368s
	speed: 0.0221s/iter; left time: 167.9406s
	speed: 0.0220s/iter; left time: 164.8396s
	speed: 0.0220s/iter; left time: 163.0864s
	speed: 0.0221s/iter; left time: 161.0262s
	speed: 0.0220s/iter; left time: 158.0498s
	speed: 0.0220s/iter; left time: 156.4738s
	speed: 0.0222s/iter; left time: 155.5326s
	speed: 0.0220s/iter; left time: 151.8068s
	speed: 0.0220s/iter; left time: 149.3724s
	speed: 0.0220s/iter; left time: 147.6508s
	speed: 0.0220s/iter; left time: 145.2076s
	speed: 0.0220s/iter; left time: 143.0974s
	speed: 0.0220s/iter; left time: 140.9694s
	speed: 0.0220s/iter; left time: 138.6578s
	speed: 0.0221s/iter; left time: 136.9129s
	speed: 0.0222s/iter; left time: 135.2650s
	speed: 0.0221s/iter; left time: 132.5470s
	speed: 0.0221s/iter; left time: 130.4523s
	speed: 0.0221s/iter; left time: 128.1629s
	speed: 0.0221s/iter; left time: 125.9393s
	speed: 0.0221s/iter; left time: 123.6022s
	speed: 0.0221s/iter; left time: 121.4875s
	speed: 0.0221s/iter; left time: 119.5193s
	speed: 0.0221s/iter; left time: 116.9756s
	speed: 0.0220s/iter; left time: 114.5365s
	speed: 0.0221s/iter; left time: 112.8340s
	speed: 0.0220s/iter; left time: 109.8181s
	speed: 0.0220s/iter; left time: 107.7136s
	speed: 0.0221s/iter; left time: 106.2187s
	speed: 0.0221s/iter; left time: 103.6024s
	speed: 0.0221s/iter; left time: 101.5207s
	speed: 0.0221s/iter; left time: 99.3162s
	speed: 0.0220s/iter; left time: 96.7293s
	speed: 0.0220s/iter; left time: 94.4730s
	speed: 0.0220s/iter; left time: 92.2699s
	speed: 0.0220s/iter; left time: 90.3340s
	speed: 0.0221s/iter; left time: 88.2253s
	speed: 0.0220s/iter; left time: 85.8815s
	speed: 0.0220s/iter; left time: 83.5589s
	speed: 0.0221s/iter; left time: 81.6102s
	speed: 0.0220s/iter; left time: 79.2875s
	speed: 0.0220s/iter; left time: 77.0733s
	speed: 0.0220s/iter; left time: 74.9114s
	speed: 0.0221s/iter; left time: 72.7632s
	speed: 0.0221s/iter; left time: 70.6351s
	speed: 0.0221s/iter; left time: 68.3914s
	speed: 0.0221s/iter; left time: 66.3328s
	speed: 0.0221s/iter; left time: 64.0177s
	speed: 0.0221s/iter; left time: 61.8559s
	speed: 0.0221s/iter; left time: 59.7216s
	speed: 0.0219s/iter; left time: 56.7701s
	speed: 0.0219s/iter; left time: 54.6220s
	speed: 0.0219s/iter; left time: 52.5363s
	speed: 0.0219s/iter; left time: 50.3176s
	speed: 0.0219s/iter; left time: 48.0971s
	speed: 0.0219s/iter; left time: 46.0095s
	speed: 0.0219s/iter; left time: 43.8068s
	speed: 0.0220s/iter; left time: 41.7984s
	speed: 0.0220s/iter; left time: 39.5573s
	speed: 0.0219s/iter; left time: 37.2498s
	speed: 0.0220s/iter; left time: 35.1625s
	speed: 0.0220s/iter; left time: 32.9769s
	speed: 0.0220s/iter; left time: 30.7996s
	speed: 0.0220s/iter; left time: 28.5325s
	speed: 0.0219s/iter; left time: 26.2778s
	speed: 0.0219s/iter; left time: 24.0484s
	speed: 0.0219s/iter; left time: 21.8708s
	speed: 0.0220s/iter; left time: 19.7485s
	speed: 0.0223s/iter; left time: 17.8239s
	speed: 0.0223s/iter; left time: 15.5393s
	speed: 0.0221s/iter; left time: 13.2369s
	speed: 0.0221s/iter; left time: 10.9911s
	speed: 0.0225s/iter; left time: 8.9472s
	speed: 0.0220s/iter; left time: 6.5672s
	speed: 0.0220s/iter; left time: 4.3625s
	speed: 0.0220s/iter; left time: 2.1539s
2025-11-15 15:56:17,411 - INFO - 训练完成!
2025-11-15 15:56:17,411 - INFO - 开始测试模型...
Epoch: 1, Cost time: 298.275s 
Loading checkpoint from: checkpoints2_e_layers_analysis/ring_e_layers7_20251115_155114_pca/Ring_cleaned_1minut_20250928_170147_checkpoint_2025-11-15_15-56-17/model.pth
Threshold : 0.34007027745246887
2025-11-15 15:58:52,417 - INFO - 测试完成!
pa_accuracy           : 0.9576
pa_precision          : 0.4970
pa_recall             : 0.5636
pa_f_score            : 0.5282
MCC_score             : 0.5072
Affiliation precision : 0.5447
Affiliation recall    : 0.7412
R_AUC_ROC             : 0.6421
R_AUC_PR              : 0.4759
VUS_ROC               : 0.6415
VUS_PR                : 0.4705
Accuracy : 0.9576, Precision : 0.4970, Recall : 0.5636, F-score : 0.5282 
Test results saved to: checkpoints2_e_layers_analysis/ring_e_layers7_20251115_155114_pca/Ring_cleaned_1minut_20250928_170147_checkpoint_2025-11-15_15-56-17/result.json
/home/wanting/KDD2023-DCdetector/venv/lib/python3.12/site-packages/tsfresh/__init__.py:12: UserWarning: pkg_resources is deprecated as an API. See https://setuptools.pypa.io/en/latest/pkg_resources.html. The pkg_resources package is slated for removal as early as 2025-11-30. Refrain from using this package or pin to Setuptools<81.
  import pkg_resources
2025-11-15 15:58:59,495 - INFO - 开始使用自定义数据集运行DCdetector...
2025-11-15 15:58:59,495 - INFO - 数据集: Custom
2025-11-15 15:58:59,495 - INFO - 输入特征维度: 10
2025-11-15 15:58:59,495 - INFO - 窗口大小: 30
2025-11-15 15:58:59,495 - INFO - 批次大小: 32
2025-11-15 15:59:03,093 - INFO - 开始训练模型...
[onlyNormalData=True] 训练集过滤异常数据: 408309 行 -> 390335 行 (移除 17974 个异常样本)

[PCA降维] 启用
  n_components=10
  PCA前特征维度: 28
  PCA后特征维度: 10
  解释方差比（前10个）: [0.44531896 0.19176419 0.11007933 0.0892243  0.06624989 0.04059656
 0.01873708 0.00939986 0.00887274 0.00681558]
  累积解释方差: 0.9871
  时间点数量: train=390335, val=87495, test=87495 (未改变)
[PCA降维] 完成
数据加载自: dataset/downsampleData_scratch_1minut/ring/Ring_cleaned_1minut_20250928_170147.parquet
训练集形状: (390335, 10)
验证集形状: (87495, 10)
测试集形状: (87495, 10)
特征维度: 10
异常比例（行级）:
- 训练集: 原始 4.40% -> 现有 0.00%
- 验证集: 2.97%
- 测试集: 4.20%
[onlyNormalData=True] 训练集过滤异常数据: 408309 行 -> 390335 行 (移除 17974 个异常样本)

[PCA降维] 启用
  n_components=10
  PCA前特征维度: 28
  PCA后特征维度: 10
  解释方差比（前10个）: [0.44531896 0.19176419 0.11007933 0.0892243  0.06624989 0.04059656
 0.01873708 0.00939986 0.00887274 0.00681558]
  累积解释方差: 0.9871
  时间点数量: train=390335, val=87495, test=87495 (未改变)
[PCA降维] 完成
数据加载自: dataset/downsampleData_scratch_1minut/ring/Ring_cleaned_1minut_20250928_170147.parquet
训练集形状: (390335, 10)
验证集形状: (87495, 10)
测试集形状: (87495, 10)
特征维度: 10
异常比例（行级）:
- 训练集: 原始 4.40% -> 现有 0.00%
- 验证集: 2.97%
- 测试集: 4.20%
[onlyNormalData=True] 训练集过滤异常数据: 408309 行 -> 390335 行 (移除 17974 个异常样本)

[PCA降维] 启用
  n_components=10
  PCA前特征维度: 28
  PCA后特征维度: 10
  解释方差比（前10个）: [0.44531896 0.19176419 0.11007933 0.0892243  0.06624989 0.04059656
 0.01873708 0.00939986 0.00887274 0.00681558]
  累积解释方差: 0.9871
  时间点数量: train=390335, val=87495, test=87495 (未改变)
[PCA降维] 完成
数据加载自: dataset/downsampleData_scratch_1minut/ring/Ring_cleaned_1minut_20250928_170147.parquet
训练集形状: (390335, 10)
验证集形状: (87495, 10)
测试集形状: (87495, 10)
特征维度: 10
异常比例（行级）:
- 训练集: 原始 4.40% -> 现有 0.00%
- 验证集: 2.97%
- 测试集: 4.20%
[onlyNormalData=True] 训练集过滤异常数据: 408309 行 -> 390335 行 (移除 17974 个异常样本)

[PCA降维] 启用
  n_components=10
  PCA前特征维度: 28
  PCA后特征维度: 10
  解释方差比（前10个）: [0.44531896 0.19176419 0.11007933 0.0892243  0.06624989 0.04059656
 0.01873708 0.00939986 0.00887274 0.00681558]
  累积解释方差: 0.9871
  时间点数量: train=390335, val=87495, test=87495 (未改变)
[PCA降维] 完成
数据加载自: dataset/downsampleData_scratch_1minut/ring/Ring_cleaned_1minut_20250928_170147.parquet
训练集形状: (390335, 10)
验证集形状: (87495, 10)
测试集形状: (87495, 10)
特征维度: 10
异常比例（行级）:
- 训练集: 原始 4.40% -> 现有 0.00%
- 验证集: 2.97%
- 测试集: 4.20%
	speed: 0.0345s/iter; left time: 416.8323s
	speed: 0.0290s/iter; left time: 348.4023s
	speed: 0.0286s/iter; left time: 340.4342s
	speed: 0.0281s/iter; left time: 332.0648s
	speed: 0.0315s/iter; left time: 368.4903s
	speed: 0.0288s/iter; left time: 334.0394s
	speed: 0.0287s/iter; left time: 329.7756s
	speed: 0.0285s/iter; left time: 324.6742s
	speed: 0.0281s/iter; left time: 317.6072s
	speed: 0.0299s/iter; left time: 335.2184s
	speed: 0.0293s/iter; left time: 324.7504s
	speed: 0.0286s/iter; left time: 314.6780s
	speed: 0.0286s/iter; left time: 311.2339s
	speed: 0.0297s/iter; left time: 320.1704s
	speed: 0.0295s/iter; left time: 315.7392s
	speed: 0.0287s/iter; left time: 303.6340s
	speed: 0.0283s/iter; left time: 296.9873s
	speed: 0.0280s/iter; left time: 291.0999s
	speed: 0.0298s/iter; left time: 307.2192s
	speed: 0.0292s/iter; left time: 298.2374s
	speed: 0.0283s/iter; left time: 285.4382s
	speed: 0.0280s/iter; left time: 280.2746s
	speed: 0.0298s/iter; left time: 294.8654s
	speed: 0.0301s/iter; left time: 294.5001s
	speed: 0.0287s/iter; left time: 278.4032s
	speed: 0.0285s/iter; left time: 273.8381s
	speed: 0.0282s/iter; left time: 267.5972s
	speed: 0.0298s/iter; left time: 280.4160s
	speed: 0.0292s/iter; left time: 271.8518s
	speed: 0.0284s/iter; left time: 261.4629s
	speed: 0.0283s/iter; left time: 257.2103s
	speed: 0.0297s/iter; left time: 267.3979s
	speed: 0.0298s/iter; left time: 264.8902s
	speed: 0.0288s/iter; left time: 252.9615s
	speed: 0.0284s/iter; left time: 246.6919s
	speed: 0.0281s/iter; left time: 241.9487s
	speed: 0.0640s/iter; left time: 543.4624s
	speed: 0.0606s/iter; left time: 509.2755s
	speed: 0.0567s/iter; left time: 470.4748s
	speed: 0.0613s/iter; left time: 502.1491s
	speed: 0.1146s/iter; left time: 927.8961s
	speed: 0.0683s/iter; left time: 546.1411s
	speed: 0.0560s/iter; left time: 442.0315s
	speed: 0.0403s/iter; left time: 313.9004s
	speed: 0.0315s/iter; left time: 242.4899s
	speed: 0.0291s/iter; left time: 220.7908s
	speed: 0.0299s/iter; left time: 224.4688s
	speed: 0.0300s/iter; left time: 221.8951s
	speed: 0.0304s/iter; left time: 221.7176s
	speed: 0.0404s/iter; left time: 290.5662s
	speed: 0.0656s/iter; left time: 465.9462s
	speed: 0.0474s/iter; left time: 331.8029s
	speed: 0.0396s/iter; left time: 273.5017s
	speed: 0.0398s/iter; left time: 270.2284s
	speed: 0.0516s/iter; left time: 345.3662s
	speed: 0.0585s/iter; left time: 385.7664s
	speed: 0.0655s/iter; left time: 425.9284s
	speed: 0.0573s/iter; left time: 366.8162s
	speed: 0.0420s/iter; left time: 264.5559s
	speed: 0.0572s/iter; left time: 354.4392s
	speed: 0.0413s/iter; left time: 252.0779s
	speed: 0.0407s/iter; left time: 244.0374s
	speed: 0.0460s/iter; left time: 271.3294s
	speed: 0.0661s/iter; left time: 383.2947s
	speed: 0.0668s/iter; left time: 380.5115s
	speed: 0.0663s/iter; left time: 371.3047s
	speed: 0.0551s/iter; left time: 302.9838s
	speed: 0.0562s/iter; left time: 303.6338s
	speed: 0.0536s/iter; left time: 283.9869s
	speed: 0.0595s/iter; left time: 309.1069s
	speed: 0.0442s/iter; left time: 225.2374s
	speed: 0.0411s/iter; left time: 205.4668s
	speed: 0.0554s/iter; left time: 271.5804s
	speed: 0.0469s/iter; left time: 224.8282s
	speed: 0.0423s/iter; left time: 198.6126s
	speed: 0.0409s/iter; left time: 188.0506s
	speed: 0.0456s/iter; left time: 204.9734s
	speed: 0.0564s/iter; left time: 248.2045s
	speed: 0.0412s/iter; left time: 177.0762s
	speed: 0.0560s/iter; left time: 234.9764s
	speed: 0.0598s/iter; left time: 244.8571s
	speed: 0.0432s/iter; left time: 172.5659s
	speed: 0.0539s/iter; left time: 210.0138s
	speed: 0.0543s/iter; left time: 206.1518s
	speed: 0.0410s/iter; left time: 151.6239s
	speed: 0.0420s/iter; left time: 151.0260s
	speed: 0.0406s/iter; left time: 142.1463s
	speed: 0.0406s/iter; left time: 137.9198s
	speed: 0.0444s/iter; left time: 146.5378s
	speed: 0.0407s/iter; left time: 130.0089s
	speed: 0.0425s/iter; left time: 131.6190s
	speed: 0.0731s/iter; left time: 219.2417s
	speed: 0.0413s/iter; left time: 119.6567s
	speed: 0.0412s/iter; left time: 115.1694s
	speed: 0.0512s/iter; left time: 138.0795s
	speed: 0.0409s/iter; left time: 106.3674s
	speed: 0.0407s/iter; left time: 101.6234s
	speed: 0.0627s/iter; left time: 150.3089s
	speed: 0.0443s/iter; left time: 101.8179s
	speed: 0.0521s/iter; left time: 114.6135s
	speed: 0.0405s/iter; left time: 84.9214s
	speed: 0.0408s/iter; left time: 81.4538s
	speed: 0.0438s/iter; left time: 83.0620s
	speed: 0.0441s/iter; left time: 79.2942s
	speed: 0.0406s/iter; left time: 68.9891s
	speed: 0.0410s/iter; left time: 65.4532s
	speed: 0.0411s/iter; left time: 61.6256s
	speed: 0.0410s/iter; left time: 57.2684s
	speed: 0.0590s/iter; left time: 76.5808s
	speed: 0.0646s/iter; left time: 77.4302s
	speed: 0.0663s/iter; left time: 72.8060s
	speed: 0.0443s/iter; left time: 44.2506s
	speed: 0.0411s/iter; left time: 36.8921s
	speed: 0.0420s/iter; left time: 33.5242s
	speed: 0.0410s/iter; left time: 28.6309s
	speed: 0.0416s/iter; left time: 24.8508s
	speed: 0.0421s/iter; left time: 20.9423s
	speed: 0.0463s/iter; left time: 18.4353s
	speed: 0.0417s/iter; left time: 12.4172s
	speed: 0.0418s/iter; left time: 8.2807s
	speed: 0.0661s/iter; left time: 6.4793s
2025-11-15 16:08:41,836 - INFO - 训练完成!
2025-11-15 16:08:41,838 - INFO - 开始测试模型...
Epoch: 1, Cost time: 578.679s 
Loading checkpoint from: checkpoints2_e_layers_analysis/ring_e_layers9_20251115_155856_pca/Ring_cleaned_1minut_20250928_170147_checkpoint_2025-11-15_16-08-41/model.pth
Threshold : 0.3424280881881714
2025-11-15 16:12:07,567 - INFO - 测试完成!
pa_accuracy           : 0.9555
pa_precision          : 0.4751
pa_recall             : 0.5394
pa_f_score            : 0.5052
MCC_score             : 0.4831
Affiliation precision : 0.5316
Affiliation recall    : 0.7320
R_AUC_ROC             : 0.6377
R_AUC_PR              : 0.4627
VUS_ROC               : 0.6369
VUS_PR                : 0.4568
Accuracy : 0.9555, Precision : 0.4751, Recall : 0.5394, F-score : 0.5052 
Test results saved to: checkpoints2_e_layers_analysis/ring_e_layers9_20251115_155856_pca/Ring_cleaned_1minut_20250928_170147_checkpoint_2025-11-15_16-08-41/result.json
/home/wanting/KDD2023-DCdetector/venv/lib/python3.12/site-packages/tsfresh/__init__.py:12: UserWarning: pkg_resources is deprecated as an API. See https://setuptools.pypa.io/en/latest/pkg_resources.html. The pkg_resources package is slated for removal as early as 2025-11-30. Refrain from using this package or pin to Setuptools<81.
  import pkg_resources
2025-11-15 16:12:13,796 - INFO - 开始使用自定义数据集运行DCdetector...
2025-11-15 16:12:13,796 - INFO - 数据集: Custom
2025-11-15 16:12:13,796 - INFO - 输入特征维度: 10
2025-11-15 16:12:13,796 - INFO - 窗口大小: 30
2025-11-15 16:12:13,796 - INFO - 批次大小: 32
2025-11-15 16:12:16,975 - INFO - 开始训练模型...
[onlyNormalData=True] 训练集过滤异常数据: 408309 行 -> 390335 行 (移除 17974 个异常样本)

[PCA降维] 启用
  n_components=10
  PCA前特征维度: 28
  PCA后特征维度: 10
  解释方差比（前10个）: [0.44531896 0.19176419 0.11007933 0.0892243  0.06624989 0.04059656
 0.01873708 0.00939986 0.00887274 0.00681558]
  累积解释方差: 0.9871
  时间点数量: train=390335, val=87495, test=87495 (未改变)
[PCA降维] 完成
数据加载自: dataset/downsampleData_scratch_1minut/ring/Ring_cleaned_1minut_20250928_170147.parquet
训练集形状: (390335, 10)
验证集形状: (87495, 10)
测试集形状: (87495, 10)
特征维度: 10
异常比例（行级）:
- 训练集: 原始 4.40% -> 现有 0.00%
- 验证集: 2.97%
- 测试集: 4.20%
[onlyNormalData=True] 训练集过滤异常数据: 408309 行 -> 390335 行 (移除 17974 个异常样本)

[PCA降维] 启用
  n_components=10
  PCA前特征维度: 28
  PCA后特征维度: 10
  解释方差比（前10个）: [0.44531896 0.19176419 0.11007933 0.0892243  0.06624989 0.04059656
 0.01873708 0.00939986 0.00887274 0.00681558]
  累积解释方差: 0.9871
  时间点数量: train=390335, val=87495, test=87495 (未改变)
[PCA降维] 完成
数据加载自: dataset/downsampleData_scratch_1minut/ring/Ring_cleaned_1minut_20250928_170147.parquet
训练集形状: (390335, 10)
验证集形状: (87495, 10)
测试集形状: (87495, 10)
特征维度: 10
异常比例（行级）:
- 训练集: 原始 4.40% -> 现有 0.00%
- 验证集: 2.97%
- 测试集: 4.20%
[onlyNormalData=True] 训练集过滤异常数据: 408309 行 -> 390335 行 (移除 17974 个异常样本)

[PCA降维] 启用
  n_components=10
  PCA前特征维度: 28
  PCA后特征维度: 10
  解释方差比（前10个）: [0.44531896 0.19176419 0.11007933 0.0892243  0.06624989 0.04059656
 0.01873708 0.00939986 0.00887274 0.00681558]
  累积解释方差: 0.9871
  时间点数量: train=390335, val=87495, test=87495 (未改变)
[PCA降维] 完成
数据加载自: dataset/downsampleData_scratch_1minut/ring/Ring_cleaned_1minut_20250928_170147.parquet
训练集形状: (390335, 10)
验证集形状: (87495, 10)
测试集形状: (87495, 10)
特征维度: 10
异常比例（行级）:
- 训练集: 原始 4.40% -> 现有 0.00%
- 验证集: 2.97%
- 测试集: 4.20%
[onlyNormalData=True] 训练集过滤异常数据: 408309 行 -> 390335 行 (移除 17974 个异常样本)

[PCA降维] 启用
  n_components=10
  PCA前特征维度: 28
  PCA后特征维度: 10
  解释方差比（前10个）: [0.44531896 0.19176419 0.11007933 0.0892243  0.06624989 0.04059656
 0.01873708 0.00939986 0.00887274 0.00681558]
  累积解释方差: 0.9871
  时间点数量: train=390335, val=87495, test=87495 (未改变)
[PCA降维] 完成
数据加载自: dataset/downsampleData_scratch_1minut/ring/Ring_cleaned_1minut_20250928_170147.parquet
训练集形状: (390335, 10)
验证集形状: (87495, 10)
测试集形状: (87495, 10)
特征维度: 10
异常比例（行级）:
- 训练集: 原始 4.40% -> 现有 0.00%
- 验证集: 2.97%
- 测试集: 4.20%
	speed: 0.0698s/iter; left time: 843.9386s
	speed: 0.0492s/iter; left time: 590.2435s
	speed: 0.0480s/iter; left time: 570.9289s
	speed: 0.0493s/iter; left time: 581.5805s
	speed: 0.0621s/iter; left time: 726.1923s
	speed: 0.0655s/iter; left time: 759.7546s
	speed: 0.0498s/iter; left time: 572.5452s
	speed: 0.0571s/iter; left time: 651.2562s
	speed: 0.0515s/iter; left time: 582.3062s
	speed: 0.0810s/iter; left time: 907.3730s
	speed: 0.0579s/iter; left time: 642.3776s
	speed: 0.0631s/iter; left time: 694.1572s
	speed: 0.0497s/iter; left time: 541.5469s
	speed: 0.0620s/iter; left time: 669.4356s
	speed: 0.0554s/iter; left time: 593.0940s
	speed: 0.0605s/iter; left time: 640.8268s
	speed: 0.0504s/iter; left time: 529.0712s
	speed: 0.0499s/iter; left time: 518.8851s
	speed: 0.0511s/iter; left time: 526.1421s
	speed: 0.0557s/iter; left time: 568.2128s
	speed: 0.0494s/iter; left time: 499.2793s
	speed: 0.0761s/iter; left time: 760.5479s
	speed: 0.0688s/iter; left time: 681.4664s
	speed: 0.0732s/iter; left time: 717.3641s
	speed: 0.0814s/iter; left time: 789.6789s
	speed: 0.0681s/iter; left time: 653.6901s
	speed: 0.0497s/iter; left time: 471.8242s
	speed: 0.0496s/iter; left time: 466.3522s
	speed: 0.0528s/iter; left time: 491.1316s
	speed: 0.0802s/iter; left time: 737.5817s
	speed: 0.0811s/iter; left time: 737.9558s
	speed: 0.0602s/iter; left time: 541.4953s
	speed: 0.0512s/iter; left time: 455.5629s
	speed: 0.0712s/iter; left time: 626.6985s
	speed: 0.0767s/iter; left time: 667.5412s
	speed: 0.0629s/iter; left time: 541.1933s
	speed: 0.0496s/iter; left time: 421.7958s
	speed: 0.0609s/iter; left time: 511.2616s
	speed: 0.0810s/iter; left time: 672.0142s
	speed: 0.0810s/iter; left time: 664.0428s
	speed: 0.0681s/iter; left time: 551.1659s
	speed: 0.0498s/iter; left time: 398.1092s
	speed: 0.0492s/iter; left time: 388.5844s
	speed: 0.0508s/iter; left time: 396.4655s
	speed: 0.0503s/iter; left time: 387.5376s
	speed: 0.0495s/iter; left time: 376.2618s
	speed: 0.0745s/iter; left time: 558.2564s
	speed: 0.0775s/iter; left time: 573.6137s
	speed: 0.0568s/iter; left time: 414.3577s
	speed: 0.0498s/iter; left time: 358.4226s
	speed: 0.0491s/iter; left time: 348.3358s
	speed: 0.0364s/iter; left time: 254.7457s
	speed: 0.0370s/iter; left time: 255.3702s
	speed: 0.0750s/iter; left time: 509.7524s
	speed: 0.0488s/iter; left time: 326.5785s
	speed: 0.0481s/iter; left time: 317.5133s
	speed: 0.0559s/iter; left time: 363.1318s
	speed: 0.0498s/iter; left time: 318.8730s
	speed: 0.0660s/iter; left time: 415.4141s
	speed: 0.0506s/iter; left time: 313.3881s
	speed: 0.0499s/iter; left time: 304.4576s
	speed: 0.0502s/iter; left time: 300.9410s
	speed: 0.0583s/iter; left time: 343.7112s
	speed: 0.0502s/iter; left time: 291.0995s
	speed: 0.0665s/iter; left time: 378.9568s
	speed: 0.0817s/iter; left time: 457.6157s
	speed: 0.0722s/iter; left time: 396.9234s
	speed: 0.0749s/iter; left time: 404.4879s
	speed: 0.0498s/iter; left time: 264.0236s
	speed: 0.0631s/iter; left time: 328.1327s
	speed: 0.0610s/iter; left time: 310.9098s
	speed: 0.0573s/iter; left time: 286.1529s
	speed: 0.0506s/iter; left time: 247.9719s
	speed: 0.0654s/iter; left time: 313.8467s
	speed: 0.0495s/iter; left time: 232.4155s
	speed: 0.0494s/iter; left time: 227.0443s
	speed: 0.0496s/iter; left time: 223.2970s
	speed: 0.0491s/iter; left time: 215.7626s
	speed: 0.0710s/iter; left time: 305.1019s
	speed: 0.0819s/iter; left time: 343.6605s
	speed: 0.0539s/iter; left time: 220.9302s
	speed: 0.0496s/iter; left time: 198.1847s
	speed: 0.0499s/iter; left time: 194.4048s
	speed: 0.0668s/iter; left time: 253.8553s
	speed: 0.0743s/iter; left time: 274.7625s
	speed: 0.0597s/iter; left time: 214.8234s
	speed: 0.0495s/iter; left time: 173.2417s
	speed: 0.0495s/iter; left time: 168.1100s
	speed: 0.0494s/iter; left time: 163.0596s
	speed: 0.0494s/iter; left time: 158.0987s
	speed: 0.0493s/iter; left time: 152.7817s
	speed: 0.0496s/iter; left time: 148.8112s
	speed: 0.0501s/iter; left time: 145.0972s
	speed: 0.0493s/iter; left time: 138.0218s
	speed: 0.0498s/iter; left time: 134.2470s
	speed: 0.0497s/iter; left time: 129.0040s
	speed: 0.0774s/iter; left time: 193.3224s
	speed: 0.0541s/iter; left time: 129.6963s
	speed: 0.0490s/iter; left time: 112.5148s
	speed: 0.0644s/iter; left time: 141.4909s
	speed: 0.0717s/iter; left time: 150.4442s
	speed: 0.0563s/iter; left time: 112.5768s
	speed: 0.0492s/iter; left time: 93.3181s
	speed: 0.0681s/iter; left time: 122.5219s
	speed: 0.0494s/iter; left time: 83.7998s
	speed: 0.0493s/iter; left time: 78.7150s
	speed: 0.0493s/iter; left time: 73.9181s
	speed: 0.0495s/iter; left time: 69.2168s
	speed: 0.0595s/iter; left time: 77.1667s
	speed: 0.0612s/iter; left time: 73.2776s
	speed: 0.0540s/iter; left time: 59.3101s
	speed: 0.0815s/iter; left time: 81.3375s
	speed: 0.0817s/iter; left time: 73.3636s
	speed: 0.0666s/iter; left time: 53.1073s
	speed: 0.0725s/iter; left time: 50.5975s
	speed: 0.0792s/iter; left time: 47.3423s
	speed: 0.0595s/iter; left time: 29.6543s
	speed: 0.0705s/iter; left time: 28.0519s
	speed: 0.0601s/iter; left time: 17.8989s
	speed: 0.0497s/iter; left time: 9.8447s
	speed: 0.0495s/iter; left time: 4.8511s
2025-11-15 16:25:19,136 - INFO - 训练完成!
2025-11-15 16:25:19,137 - INFO - 开始测试模型...
Epoch: 1, Cost time: 782.121s 
Loading checkpoint from: checkpoints2_e_layers_analysis/ring_e_layers11_20251115_161210_pca/Ring_cleaned_1minut_20250928_170147_checkpoint_2025-11-15_16-25-19/model.pth
Threshold : 0.34502866864204407
2025-11-15 16:30:11,281 - INFO - 测试完成!
pa_accuracy           : 0.9551
pa_precision          : 0.4704
pa_recall             : 0.5340
pa_f_score            : 0.5002
MCC_score             : 0.4778
Affiliation precision : 0.5396
Affiliation recall    : 0.7560
R_AUC_ROC             : 0.6358
R_AUC_PR              : 0.4603
VUS_ROC               : 0.6378
VUS_PR                : 0.4567
Accuracy : 0.9551, Precision : 0.4704, Recall : 0.5340, F-score : 0.5002 
Test results saved to: checkpoints2_e_layers_analysis/ring_e_layers11_20251115_161210_pca/Ring_cleaned_1minut_20250928_170147_checkpoint_2025-11-15_16-25-19/result.json
/home/wanting/KDD2023-DCdetector/venv/lib/python3.12/site-packages/tsfresh/__init__.py:12: UserWarning: pkg_resources is deprecated as an API. See https://setuptools.pypa.io/en/latest/pkg_resources.html. The pkg_resources package is slated for removal as early as 2025-11-30. Refrain from using this package or pin to Setuptools<81.
  import pkg_resources
2025-11-15 16:30:15,063 - INFO - 开始使用自定义数据集运行DCdetector...
2025-11-15 16:30:15,063 - INFO - 数据集: Custom
2025-11-15 16:30:15,063 - INFO - 输入特征维度: 10
2025-11-15 16:30:15,063 - INFO - 窗口大小: 30
2025-11-15 16:30:15,063 - INFO - 批次大小: 32
2025-11-15 16:30:18,079 - INFO - 开始训练模型...
[onlyNormalData=True] 训练集过滤异常数据: 408340 行 -> 391922 行 (移除 16418 个异常样本)

[PCA降维] 启用
  n_components=10
  PCA前特征维度: 31
  PCA后特征维度: 10
  解释方差比（前10个）: [0.32616914 0.16267314 0.1372184  0.11142357 0.06736721 0.04779601
 0.02843967 0.0252639  0.02060194 0.01696907]
  累积解释方差: 0.9439
  时间点数量: train=391922, val=87502, test=87502 (未改变)
[PCA降维] 完成
数据加载自: dataset/downsampleData_scratch_1minut/pcb/pcb_cleaned_1minut_20250928_161509.parquet
训练集形状: (391922, 10)
验证集形状: (87502, 10)
测试集形状: (87502, 10)
特征维度: 10
异常比例（行级）:
- 训练集: 原始 4.02% -> 现有 0.00%
- 验证集: 1.52%
- 测试集: 2.10%
[onlyNormalData=True] 训练集过滤异常数据: 408340 行 -> 391922 行 (移除 16418 个异常样本)

[PCA降维] 启用
  n_components=10
  PCA前特征维度: 31
  PCA后特征维度: 10
  解释方差比（前10个）: [0.32616914 0.16267314 0.1372184  0.11142357 0.06736721 0.04779601
 0.02843967 0.0252639  0.02060194 0.01696907]
  累积解释方差: 0.9439
  时间点数量: train=391922, val=87502, test=87502 (未改变)
[PCA降维] 完成
数据加载自: dataset/downsampleData_scratch_1minut/pcb/pcb_cleaned_1minut_20250928_161509.parquet
训练集形状: (391922, 10)
验证集形状: (87502, 10)
测试集形状: (87502, 10)
特征维度: 10
异常比例（行级）:
- 训练集: 原始 4.02% -> 现有 0.00%
- 验证集: 1.52%
- 测试集: 2.10%
[onlyNormalData=True] 训练集过滤异常数据: 408340 行 -> 391922 行 (移除 16418 个异常样本)

[PCA降维] 启用
  n_components=10
  PCA前特征维度: 31
  PCA后特征维度: 10
  解释方差比（前10个）: [0.32616914 0.16267314 0.1372184  0.11142357 0.06736721 0.04779601
 0.02843967 0.0252639  0.02060194 0.01696907]
  累积解释方差: 0.9439
  时间点数量: train=391922, val=87502, test=87502 (未改变)
[PCA降维] 完成
数据加载自: dataset/downsampleData_scratch_1minut/pcb/pcb_cleaned_1minut_20250928_161509.parquet
训练集形状: (391922, 10)
验证集形状: (87502, 10)
测试集形状: (87502, 10)
特征维度: 10
异常比例（行级）:
- 训练集: 原始 4.02% -> 现有 0.00%
- 验证集: 1.52%
- 测试集: 2.10%
[onlyNormalData=True] 训练集过滤异常数据: 408340 行 -> 391922 行 (移除 16418 个异常样本)

[PCA降维] 启用
  n_components=10
  PCA前特征维度: 31
  PCA后特征维度: 10
  解释方差比（前10个）: [0.32616914 0.16267314 0.1372184  0.11142357 0.06736721 0.04779601
 0.02843967 0.0252639  0.02060194 0.01696907]
  累积解释方差: 0.9439
  时间点数量: train=391922, val=87502, test=87502 (未改变)
[PCA降维] 完成
数据加载自: dataset/downsampleData_scratch_1minut/pcb/pcb_cleaned_1minut_20250928_161509.parquet
训练集形状: (391922, 10)
验证集形状: (87502, 10)
测试集形状: (87502, 10)
特征维度: 10
异常比例（行级）:
- 训练集: 原始 4.02% -> 现有 0.00%
- 验证集: 1.52%
- 测试集: 2.10%
	speed: 0.0228s/iter; left time: 277.1283s
	speed: 0.0182s/iter; left time: 219.3030s
	speed: 0.0180s/iter; left time: 214.9112s
	speed: 0.0265s/iter; left time: 313.9573s
	speed: 0.0279s/iter; left time: 327.4064s
	speed: 0.0278s/iter; left time: 323.7809s
	speed: 0.0273s/iter; left time: 314.8439s
	speed: 0.0230s/iter; left time: 263.1429s
	speed: 0.0255s/iter; left time: 289.1199s
	speed: 0.0239s/iter; left time: 269.3592s
	speed: 0.0149s/iter; left time: 165.8177s
	speed: 0.0149s/iter; left time: 164.4336s
	speed: 0.0149s/iter; left time: 162.7797s
	speed: 0.0149s/iter; left time: 161.2129s
	speed: 0.0149s/iter; left time: 160.0422s
	speed: 0.0149s/iter; left time: 158.4043s
	speed: 0.0149s/iter; left time: 156.9022s
	speed: 0.0149s/iter; left time: 155.2094s
	speed: 0.0149s/iter; left time: 154.0466s
	speed: 0.0149s/iter; left time: 152.4937s
	speed: 0.0149s/iter; left time: 151.0475s
	speed: 0.0149s/iter; left time: 149.4368s
	speed: 0.0148s/iter; left time: 147.5936s
	speed: 0.0148s/iter; left time: 146.1213s
	speed: 0.0133s/iter; left time: 130.0714s
	speed: 0.0115s/iter; left time: 110.7312s
	speed: 0.0111s/iter; left time: 106.2136s
	speed: 0.0114s/iter; left time: 107.5680s
	speed: 0.0249s/iter; left time: 233.1061s
	speed: 0.0269s/iter; left time: 248.3009s
	speed: 0.0275s/iter; left time: 251.7034s
	speed: 0.0278s/iter; left time: 251.6365s
	speed: 0.0282s/iter; left time: 251.9027s
	speed: 0.0276s/iter; left time: 243.9026s
	speed: 0.0228s/iter; left time: 199.6417s
	speed: 0.0203s/iter; left time: 175.5981s
	speed: 0.0270s/iter; left time: 231.0867s
	speed: 0.0271s/iter; left time: 229.0573s
	speed: 0.0265s/iter; left time: 221.4444s
	speed: 0.0256s/iter; left time: 210.7730s
	speed: 0.0271s/iter; left time: 220.9084s
	speed: 0.0271s/iter; left time: 217.9691s
	speed: 0.0263s/iter; left time: 208.8649s
	speed: 0.0269s/iter; left time: 211.3422s
	speed: 0.0287s/iter; left time: 222.1194s
	speed: 0.0273s/iter; left time: 208.8991s
	speed: 0.0272s/iter; left time: 205.0651s
	speed: 0.0271s/iter; left time: 202.0117s
	speed: 0.0277s/iter; left time: 203.6134s
	speed: 0.0182s/iter; left time: 131.8120s
	speed: 0.0147s/iter; left time: 105.3595s
	speed: 0.0147s/iter; left time: 103.8625s
	speed: 0.0147s/iter; left time: 102.3189s
	speed: 0.0147s/iter; left time: 100.8438s
	speed: 0.0148s/iter; left time: 99.5204s
	speed: 0.0147s/iter; left time: 97.8961s
	speed: 0.0147s/iter; left time: 96.4216s
	speed: 0.0147s/iter; left time: 94.9423s
	speed: 0.0147s/iter; left time: 93.5087s
	speed: 0.0147s/iter; left time: 92.0185s
	speed: 0.0147s/iter; left time: 90.5190s
	speed: 0.0147s/iter; left time: 89.0416s
	speed: 0.0147s/iter; left time: 87.5832s
	speed: 0.0147s/iter; left time: 86.0929s
	speed: 0.0187s/iter; left time: 107.5748s
	speed: 0.0274s/iter; left time: 154.5496s
	speed: 0.0272s/iter; left time: 150.9530s
	speed: 0.0267s/iter; left time: 145.2926s
	speed: 0.0272s/iter; left time: 145.4182s
	speed: 0.0252s/iter; left time: 132.2611s
	speed: 0.0250s/iter; left time: 128.4477s
	speed: 0.0267s/iter; left time: 134.6150s
	speed: 0.0284s/iter; left time: 140.3142s
	speed: 0.0266s/iter; left time: 128.6951s
	speed: 0.0263s/iter; left time: 125.0204s
	speed: 0.0238s/iter; left time: 110.7802s
	speed: 0.0179s/iter; left time: 81.2458s
	speed: 0.0225s/iter; left time: 99.8761s
	speed: 0.0273s/iter; left time: 118.8610s
	speed: 0.0273s/iter; left time: 115.8366s
	speed: 0.0278s/iter; left time: 115.4878s
	speed: 0.0263s/iter; left time: 106.4540s
	speed: 0.0267s/iter; left time: 105.2023s
	speed: 0.0265s/iter; left time: 101.8026s
	speed: 0.0269s/iter; left time: 100.7866s
	speed: 0.0270s/iter; left time: 98.5137s
	speed: 0.0224s/iter; left time: 79.5093s
	speed: 0.0148s/iter; left time: 50.8522s
	speed: 0.0148s/iter; left time: 49.3832s
	speed: 0.0148s/iter; left time: 47.9258s
	speed: 0.0148s/iter; left time: 46.4347s
	speed: 0.0148s/iter; left time: 44.9990s
	speed: 0.0148s/iter; left time: 43.5046s
	speed: 0.0147s/iter; left time: 41.9881s
	speed: 0.0148s/iter; left time: 40.5496s
	speed: 0.0148s/iter; left time: 39.0817s
	speed: 0.0148s/iter; left time: 37.6019s
	speed: 0.0148s/iter; left time: 36.1291s
	speed: 0.0148s/iter; left time: 34.6432s
	speed: 0.0148s/iter; left time: 33.1887s
	speed: 0.0148s/iter; left time: 31.7089s
	speed: 0.0198s/iter; left time: 40.5408s
	speed: 0.0275s/iter; left time: 53.5063s
	speed: 0.0267s/iter; left time: 49.3908s
	speed: 0.0269s/iter; left time: 47.0247s
	speed: 0.0263s/iter; left time: 43.2906s
	speed: 0.0276s/iter; left time: 42.6498s
	speed: 0.0273s/iter; left time: 39.5235s
	speed: 0.0274s/iter; left time: 36.9080s
	speed: 0.0272s/iter; left time: 33.9673s
	speed: 0.0278s/iter; left time: 31.8809s
	speed: 0.0274s/iter; left time: 28.7099s
	speed: 0.0270s/iter; left time: 25.5662s
	speed: 0.0278s/iter; left time: 23.5353s
	speed: 0.0278s/iter; left time: 20.7670s
	speed: 0.0269s/iter; left time: 17.3890s
	speed: 0.0268s/iter; left time: 14.6563s
	speed: 0.0250s/iter; left time: 11.1707s
	speed: 0.0258s/iter; left time: 8.9591s
	speed: 0.0271s/iter; left time: 6.7002s
	speed: 0.0278s/iter; left time: 4.0824s
	speed: 0.0275s/iter; left time: 1.2911s
2025-11-15 16:35:18,437 - INFO - 训练完成!
2025-11-15 16:35:18,438 - INFO - 开始测试模型...
Epoch: 1, Cost time: 300.319s 
Loading checkpoint from: checkpoints2_e_layers_analysis/pcb_e_layers3_20251115_163012_pca/pcb_cleaned_1minut_20250928_161509_checkpoint_2025-11-15_16-35-18/model.pth
Threshold : 0.3400107154250145
2025-11-15 16:37:33,412 - INFO - 测试完成!
pa_accuracy           : 0.9598
pa_precision          : 0.2818
pa_recall             : 0.5888
pa_f_score            : 0.3812
MCC_score             : 0.3896
Affiliation precision : 0.5228
Affiliation recall    : 0.8613
R_AUC_ROC             : 0.6146
R_AUC_PR              : 0.3295
VUS_ROC               : 0.6160
VUS_PR                : 0.3281
Accuracy : 0.9598, Precision : 0.2818, Recall : 0.5888, F-score : 0.3812 
Test results saved to: checkpoints2_e_layers_analysis/pcb_e_layers3_20251115_163012_pca/pcb_cleaned_1minut_20250928_161509_checkpoint_2025-11-15_16-35-18/result.json
/home/wanting/KDD2023-DCdetector/venv/lib/python3.12/site-packages/tsfresh/__init__.py:12: UserWarning: pkg_resources is deprecated as an API. See https://setuptools.pypa.io/en/latest/pkg_resources.html. The pkg_resources package is slated for removal as early as 2025-11-30. Refrain from using this package or pin to Setuptools<81.
  import pkg_resources
2025-11-15 16:37:36,633 - INFO - 开始使用自定义数据集运行DCdetector...
2025-11-15 16:37:36,633 - INFO - 数据集: Custom
2025-11-15 16:37:36,633 - INFO - 输入特征维度: 10
2025-11-15 16:37:36,633 - INFO - 窗口大小: 30
2025-11-15 16:37:36,633 - INFO - 批次大小: 32
2025-11-15 16:37:40,740 - INFO - 开始训练模型...
[onlyNormalData=True] 训练集过滤异常数据: 408340 行 -> 391922 行 (移除 16418 个异常样本)

[PCA降维] 启用
  n_components=10
  PCA前特征维度: 31
  PCA后特征维度: 10
  解释方差比（前10个）: [0.32616914 0.16267314 0.1372184  0.11142357 0.06736721 0.04779601
 0.02843967 0.0252639  0.02060194 0.01696907]
  累积解释方差: 0.9439
  时间点数量: train=391922, val=87502, test=87502 (未改变)
[PCA降维] 完成
数据加载自: dataset/downsampleData_scratch_1minut/pcb/pcb_cleaned_1minut_20250928_161509.parquet
训练集形状: (391922, 10)
验证集形状: (87502, 10)
测试集形状: (87502, 10)
特征维度: 10
异常比例（行级）:
- 训练集: 原始 4.02% -> 现有 0.00%
- 验证集: 1.52%
- 测试集: 2.10%
[onlyNormalData=True] 训练集过滤异常数据: 408340 行 -> 391922 行 (移除 16418 个异常样本)

[PCA降维] 启用
  n_components=10
  PCA前特征维度: 31
  PCA后特征维度: 10
  解释方差比（前10个）: [0.32616914 0.16267314 0.1372184  0.11142357 0.06736721 0.04779601
 0.02843967 0.0252639  0.02060194 0.01696907]
  累积解释方差: 0.9439
  时间点数量: train=391922, val=87502, test=87502 (未改变)
[PCA降维] 完成
数据加载自: dataset/downsampleData_scratch_1minut/pcb/pcb_cleaned_1minut_20250928_161509.parquet
训练集形状: (391922, 10)
验证集形状: (87502, 10)
测试集形状: (87502, 10)
特征维度: 10
异常比例（行级）:
- 训练集: 原始 4.02% -> 现有 0.00%
- 验证集: 1.52%
- 测试集: 2.10%
[onlyNormalData=True] 训练集过滤异常数据: 408340 行 -> 391922 行 (移除 16418 个异常样本)

[PCA降维] 启用
  n_components=10
  PCA前特征维度: 31
  PCA后特征维度: 10
  解释方差比（前10个）: [0.32616914 0.16267314 0.1372184  0.11142357 0.06736721 0.04779601
 0.02843967 0.0252639  0.02060194 0.01696907]
  累积解释方差: 0.9439
  时间点数量: train=391922, val=87502, test=87502 (未改变)
[PCA降维] 完成
数据加载自: dataset/downsampleData_scratch_1minut/pcb/pcb_cleaned_1minut_20250928_161509.parquet
训练集形状: (391922, 10)
验证集形状: (87502, 10)
测试集形状: (87502, 10)
特征维度: 10
异常比例（行级）:
- 训练集: 原始 4.02% -> 现有 0.00%
- 验证集: 1.52%
- 测试集: 2.10%
[onlyNormalData=True] 训练集过滤异常数据: 408340 行 -> 391922 行 (移除 16418 个异常样本)

[PCA降维] 启用
  n_components=10
  PCA前特征维度: 31
  PCA后特征维度: 10
  解释方差比（前10个）: [0.32616914 0.16267314 0.1372184  0.11142357 0.06736721 0.04779601
 0.02843967 0.0252639  0.02060194 0.01696907]
  累积解释方差: 0.9439
  时间点数量: train=391922, val=87502, test=87502 (未改变)
[PCA降维] 完成
数据加载自: dataset/downsampleData_scratch_1minut/pcb/pcb_cleaned_1minut_20250928_161509.parquet
训练集形状: (391922, 10)
验证集形状: (87502, 10)
测试集形状: (87502, 10)
特征维度: 10
异常比例（行级）:
- 训练集: 原始 4.02% -> 现有 0.00%
- 验证集: 1.52%
- 测试集: 2.10%
	speed: 0.0303s/iter; left time: 367.6603s
	speed: 0.0242s/iter; left time: 291.4621s
	speed: 0.0242s/iter; left time: 288.8037s
	speed: 0.0242s/iter; left time: 286.4906s
	speed: 0.0242s/iter; left time: 284.0453s
	speed: 0.0259s/iter; left time: 301.2655s
	speed: 0.0335s/iter; left time: 387.0095s
	speed: 0.0371s/iter; left time: 424.2888s
	speed: 0.0319s/iter; left time: 361.7846s
	speed: 0.0268s/iter; left time: 301.2881s
	speed: 0.0342s/iter; left time: 380.7041s
	speed: 0.0333s/iter; left time: 368.2800s
	speed: 0.0427s/iter; left time: 467.0725s
	speed: 0.0402s/iter; left time: 435.9767s
	speed: 0.0356s/iter; left time: 382.9136s
	speed: 0.0422s/iter; left time: 449.0882s
	speed: 0.0409s/iter; left time: 431.3904s
	speed: 0.0425s/iter; left time: 444.1831s
	speed: 0.0429s/iter; left time: 444.3775s
	speed: 0.0424s/iter; left time: 434.2068s
	speed: 0.0437s/iter; left time: 443.6797s
	speed: 0.0427s/iter; left time: 429.3591s
	speed: 0.0230s/iter; left time: 228.6974s
	speed: 0.0233s/iter; left time: 229.4049s
	speed: 0.0233s/iter; left time: 226.9599s
	speed: 0.0233s/iter; left time: 224.5955s
	speed: 0.0233s/iter; left time: 222.6050s
	speed: 0.0233s/iter; left time: 220.1844s
	speed: 0.0233s/iter; left time: 217.9119s
	speed: 0.0233s/iter; left time: 215.4799s
	speed: 0.0233s/iter; left time: 213.0715s
	speed: 0.0368s/iter; left time: 333.0737s
	speed: 0.0429s/iter; left time: 383.7078s
	speed: 0.0410s/iter; left time: 362.3380s
	speed: 0.0438s/iter; left time: 382.8946s
	speed: 0.0435s/iter; left time: 376.1027s
	speed: 0.0445s/iter; left time: 380.5772s
	speed: 0.0429s/iter; left time: 362.0922s
	speed: 0.0435s/iter; left time: 363.3081s
	speed: 0.0435s/iter; left time: 358.4144s
	speed: 0.0447s/iter; left time: 363.9807s
	speed: 0.0416s/iter; left time: 334.5092s
	speed: 0.0432s/iter; left time: 343.2770s
	speed: 0.0439s/iter; left time: 344.1237s
	speed: 0.0430s/iter; left time: 332.9146s
	speed: 0.0443s/iter; left time: 338.9536s
	speed: 0.0442s/iter; left time: 333.5224s
	speed: 0.0416s/iter; left time: 309.8203s
	speed: 0.0430s/iter; left time: 315.8182s
	speed: 0.0437s/iter; left time: 316.3949s
	speed: 0.0423s/iter; left time: 302.5702s
	speed: 0.0245s/iter; left time: 172.3529s
	speed: 0.0233s/iter; left time: 162.1513s
	speed: 0.0234s/iter; left time: 159.9548s
	speed: 0.0233s/iter; left time: 157.3075s
	speed: 0.0233s/iter; left time: 154.6321s
	speed: 0.0233s/iter; left time: 152.3057s
	speed: 0.0233s/iter; left time: 149.9468s
	speed: 0.0234s/iter; left time: 148.5654s
	speed: 0.0234s/iter; left time: 146.1177s
	speed: 0.0351s/iter; left time: 215.4752s
	speed: 0.0435s/iter; left time: 263.1569s
	speed: 0.0446s/iter; left time: 265.0023s
	speed: 0.0441s/iter; left time: 257.6466s
	speed: 0.0418s/iter; left time: 240.2540s
	speed: 0.0424s/iter; left time: 239.2701s
	speed: 0.0424s/iter; left time: 235.4584s
	speed: 0.0436s/iter; left time: 237.3405s
	speed: 0.0432s/iter; left time: 231.2228s
	speed: 0.0426s/iter; left time: 223.3841s
	speed: 0.0346s/iter; left time: 178.2120s
	speed: 0.0415s/iter; left time: 209.5690s
	speed: 0.0432s/iter; left time: 213.7821s
	speed: 0.0437s/iter; left time: 211.7713s
	speed: 0.0448s/iter; left time: 212.4690s
	speed: 0.0410s/iter; left time: 190.3776s
	speed: 0.0422s/iter; left time: 192.0968s
	speed: 0.0440s/iter; left time: 195.8711s
	speed: 0.0442s/iter; left time: 192.0596s
	speed: 0.0426s/iter; left time: 181.0370s
	speed: 0.0397s/iter; left time: 164.5504s
	speed: 0.0290s/iter; left time: 117.4287s
	speed: 0.0238s/iter; left time: 93.8149s
	speed: 0.0238s/iter; left time: 91.4034s
	speed: 0.0258s/iter; left time: 96.7478s
	speed: 0.0428s/iter; left time: 156.2695s
	speed: 0.0438s/iter; left time: 155.3031s
	speed: 0.0439s/iter; left time: 151.3204s
	speed: 0.0429s/iter; left time: 143.6032s
	speed: 0.0368s/iter; left time: 119.5083s
	speed: 0.0434s/iter; left time: 136.4259s
	speed: 0.0432s/iter; left time: 131.7000s
	speed: 0.0433s/iter; left time: 127.5482s
	speed: 0.0435s/iter; left time: 123.7330s
	speed: 0.0425s/iter; left time: 116.7624s
	speed: 0.0433s/iter; left time: 114.4863s
	speed: 0.0428s/iter; left time: 108.9104s
	speed: 0.0435s/iter; left time: 106.5631s
	speed: 0.0437s/iter; left time: 102.6031s
	speed: 0.0444s/iter; left time: 99.6745s
	speed: 0.0426s/iter; left time: 91.5172s
	speed: 0.0433s/iter; left time: 88.5739s
	speed: 0.0424s/iter; left time: 82.5670s
	speed: 0.0420s/iter; left time: 77.5491s
	speed: 0.0366s/iter; left time: 63.8855s
	speed: 0.0234s/iter; left time: 38.4833s
	speed: 0.0234s/iter; left time: 36.2291s
	speed: 0.0234s/iter; left time: 33.8346s
	speed: 0.0234s/iter; left time: 31.5390s
	speed: 0.0234s/iter; left time: 29.1444s
	speed: 0.0234s/iter; left time: 26.8713s
	speed: 0.0234s/iter; left time: 24.5135s
	speed: 0.0234s/iter; left time: 22.1437s
	speed: 0.0228s/iter; left time: 19.2862s
	speed: 0.0423s/iter; left time: 31.5801s
	speed: 0.0430s/iter; left time: 27.8265s
	speed: 0.0435s/iter; left time: 23.8025s
	speed: 0.0439s/iter; left time: 19.6166s
	speed: 0.0404s/iter; left time: 14.0327s
	speed: 0.0398s/iter; left time: 9.8298s
	speed: 0.0429s/iter; left time: 6.2992s
	speed: 0.0441s/iter; left time: 2.0745s
2025-11-15 16:46:00,755 - INFO - 训练完成!
2025-11-15 16:46:00,755 - INFO - 开始测试模型...
Epoch: 1, Cost time: 499.981s 
Loading checkpoint from: checkpoints2_e_layers_analysis/pcb_e_layers5_20251115_163734_pca/pcb_cleaned_1minut_20250928_161509_checkpoint_2025-11-15_16-46-00/model.pth
Threshold : 0.3426412343978882
2025-11-15 16:48:57,034 - INFO - 测试完成!
pa_accuracy           : 0.9594
pa_precision          : 0.2802
pa_recall             : 0.5948
pa_f_score            : 0.3810
MCC_score             : 0.3905
Affiliation precision : 0.5159
Affiliation recall    : 0.8773
R_AUC_ROC             : 0.6147
R_AUC_PR              : 0.3302
VUS_ROC               : 0.6192
VUS_PR                : 0.3317
Accuracy : 0.9594, Precision : 0.2802, Recall : 0.5948, F-score : 0.3810 
Test results saved to: checkpoints2_e_layers_analysis/pcb_e_layers5_20251115_163734_pca/pcb_cleaned_1minut_20250928_161509_checkpoint_2025-11-15_16-46-00/result.json
/home/wanting/KDD2023-DCdetector/venv/lib/python3.12/site-packages/tsfresh/__init__.py:12: UserWarning: pkg_resources is deprecated as an API. See https://setuptools.pypa.io/en/latest/pkg_resources.html. The pkg_resources package is slated for removal as early as 2025-11-30. Refrain from using this package or pin to Setuptools<81.
  import pkg_resources
2025-11-15 16:48:59,727 - INFO - 开始使用自定义数据集运行DCdetector...
2025-11-15 16:48:59,727 - INFO - 数据集: Custom
2025-11-15 16:48:59,727 - INFO - 输入特征维度: 10
2025-11-15 16:48:59,727 - INFO - 窗口大小: 30
2025-11-15 16:48:59,727 - INFO - 批次大小: 32
2025-11-15 16:49:03,119 - INFO - 开始训练模型...
[onlyNormalData=True] 训练集过滤异常数据: 408340 行 -> 391922 行 (移除 16418 个异常样本)

[PCA降维] 启用
  n_components=10
  PCA前特征维度: 31
  PCA后特征维度: 10
  解释方差比（前10个）: [0.32616914 0.16267314 0.1372184  0.11142357 0.06736721 0.04779601
 0.02843967 0.0252639  0.02060194 0.01696907]
  累积解释方差: 0.9439
  时间点数量: train=391922, val=87502, test=87502 (未改变)
[PCA降维] 完成
数据加载自: dataset/downsampleData_scratch_1minut/pcb/pcb_cleaned_1minut_20250928_161509.parquet
训练集形状: (391922, 10)
验证集形状: (87502, 10)
测试集形状: (87502, 10)
特征维度: 10
异常比例（行级）:
- 训练集: 原始 4.02% -> 现有 0.00%
- 验证集: 1.52%
- 测试集: 2.10%
[onlyNormalData=True] 训练集过滤异常数据: 408340 行 -> 391922 行 (移除 16418 个异常样本)

[PCA降维] 启用
  n_components=10
  PCA前特征维度: 31
  PCA后特征维度: 10
  解释方差比（前10个）: [0.32616914 0.16267314 0.1372184  0.11142357 0.06736721 0.04779601
 0.02843967 0.0252639  0.02060194 0.01696907]
  累积解释方差: 0.9439
  时间点数量: train=391922, val=87502, test=87502 (未改变)
[PCA降维] 完成
数据加载自: dataset/downsampleData_scratch_1minut/pcb/pcb_cleaned_1minut_20250928_161509.parquet
训练集形状: (391922, 10)
验证集形状: (87502, 10)
测试集形状: (87502, 10)
特征维度: 10
异常比例（行级）:
- 训练集: 原始 4.02% -> 现有 0.00%
- 验证集: 1.52%
- 测试集: 2.10%
[onlyNormalData=True] 训练集过滤异常数据: 408340 行 -> 391922 行 (移除 16418 个异常样本)

[PCA降维] 启用
  n_components=10
  PCA前特征维度: 31
  PCA后特征维度: 10
  解释方差比（前10个）: [0.32616914 0.16267314 0.1372184  0.11142357 0.06736721 0.04779601
 0.02843967 0.0252639  0.02060194 0.01696907]
  累积解释方差: 0.9439
  时间点数量: train=391922, val=87502, test=87502 (未改变)
[PCA降维] 完成
数据加载自: dataset/downsampleData_scratch_1minut/pcb/pcb_cleaned_1minut_20250928_161509.parquet
训练集形状: (391922, 10)
验证集形状: (87502, 10)
测试集形状: (87502, 10)
特征维度: 10
异常比例（行级）:
- 训练集: 原始 4.02% -> 现有 0.00%
- 验证集: 1.52%
- 测试集: 2.10%
[onlyNormalData=True] 训练集过滤异常数据: 408340 行 -> 391922 行 (移除 16418 个异常样本)

[PCA降维] 启用
  n_components=10
  PCA前特征维度: 31
  PCA后特征维度: 10
  解释方差比（前10个）: [0.32616914 0.16267314 0.1372184  0.11142357 0.06736721 0.04779601
 0.02843967 0.0252639  0.02060194 0.01696907]
  累积解释方差: 0.9439
  时间点数量: train=391922, val=87502, test=87502 (未改变)
[PCA降维] 完成
数据加载自: dataset/downsampleData_scratch_1minut/pcb/pcb_cleaned_1minut_20250928_161509.parquet
训练集形状: (391922, 10)
验证集形状: (87502, 10)
测试集形状: (87502, 10)
特征维度: 10
异常比例（行级）:
- 训练集: 原始 4.02% -> 现有 0.00%
- 验证集: 1.52%
- 测试集: 2.10%
	speed: 0.0528s/iter; left time: 641.1270s
	speed: 0.0589s/iter; left time: 709.7497s
	speed: 0.0692s/iter; left time: 826.6338s
	speed: 0.0324s/iter; left time: 383.4450s
	speed: 0.0323s/iter; left time: 379.9898s
	speed: 0.0289s/iter; left time: 336.9943s
	speed: 0.0245s/iter; left time: 282.6637s
	speed: 0.0696s/iter; left time: 797.1495s
	speed: 0.0679s/iter; left time: 770.1572s
	speed: 0.0618s/iter; left time: 695.1223s
	speed: 0.0563s/iter; left time: 627.2068s
	speed: 0.0587s/iter; left time: 648.3427s
	speed: 0.0719s/iter; left time: 786.7673s
	speed: 0.0677s/iter; left time: 734.3557s
	speed: 0.0333s/iter; left time: 357.6342s
	speed: 0.0324s/iter; left time: 344.7147s
	speed: 0.0322s/iter; left time: 339.1528s
	speed: 0.0560s/iter; left time: 584.6386s
	speed: 0.0490s/iter; left time: 507.1771s
	speed: 0.0546s/iter; left time: 559.5978s
	speed: 0.0607s/iter; left time: 615.5458s
	speed: 0.0576s/iter; left time: 578.3287s
	speed: 0.0711s/iter; left time: 707.7101s
	speed: 0.0689s/iter; left time: 678.3406s
	speed: 0.0557s/iter; left time: 542.5443s
	speed: 0.0317s/iter; left time: 305.4546s
	speed: 0.0317s/iter; left time: 302.5619s
	speed: 0.0317s/iter; left time: 299.5755s
	speed: 0.0317s/iter; left time: 296.1934s
	speed: 0.0317s/iter; left time: 293.2621s
	speed: 0.0395s/iter; left time: 361.3453s
	speed: 0.0654s/iter; left time: 591.8972s
	speed: 0.0651s/iter; left time: 582.8077s
	speed: 0.0692s/iter; left time: 612.0307s
	speed: 0.0591s/iter; left time: 516.6584s
	speed: 0.0596s/iter; left time: 515.4005s
	speed: 0.0653s/iter; left time: 557.7800s
	speed: 0.0646s/iter; left time: 545.7342s
	speed: 0.0316s/iter; left time: 263.3823s
	speed: 0.0316s/iter; left time: 260.8538s
	speed: 0.0317s/iter; left time: 257.9479s
	speed: 0.0317s/iter; left time: 254.9077s
	speed: 0.0317s/iter; left time: 251.6607s
	speed: 0.0324s/iter; left time: 254.0443s
	speed: 0.0507s/iter; left time: 393.0490s
	speed: 0.0579s/iter; left time: 443.0870s
	speed: 0.0625s/iter; left time: 471.8988s
	speed: 0.0660s/iter; left time: 491.8635s
	speed: 0.0701s/iter; left time: 515.0229s
	speed: 0.0717s/iter; left time: 519.3029s
	speed: 0.0681s/iter; left time: 486.8274s
	speed: 0.0371s/iter; left time: 261.4676s
	speed: 0.0318s/iter; left time: 221.2372s
	speed: 0.0318s/iter; left time: 217.9840s
	speed: 0.0318s/iter; left time: 214.8190s
	speed: 0.0318s/iter; left time: 211.5918s
	speed: 0.0318s/iter; left time: 208.5020s
	speed: 0.0625s/iter; left time: 402.6175s
	speed: 0.0668s/iter; left time: 424.1545s
	speed: 0.0485s/iter; left time: 303.0655s
	speed: 0.0452s/iter; left time: 277.6329s
	speed: 0.0551s/iter; left time: 333.4813s
	speed: 0.0674s/iter; left time: 400.7290s
	speed: 0.0709s/iter; left time: 414.8342s
	speed: 0.0562s/iter; left time: 322.9548s
	speed: 0.0350s/iter; left time: 197.5081s
	speed: 0.0317s/iter; left time: 175.7356s
	speed: 0.0317s/iter; left time: 172.9199s
	speed: 0.0317s/iter; left time: 169.6358s
	speed: 0.0317s/iter; left time: 166.5460s
	speed: 0.0317s/iter; left time: 163.3773s
	speed: 0.0249s/iter; left time: 125.7496s
	speed: 0.0237s/iter; left time: 117.0731s
	speed: 0.0289s/iter; left time: 139.8413s
	speed: 0.0613s/iter; left time: 290.9363s
	speed: 0.0684s/iter; left time: 317.8997s
	speed: 0.0645s/iter; left time: 293.4731s
	speed: 0.0691s/iter; left time: 307.4023s
	speed: 0.0707s/iter; left time: 307.1664s
	speed: 0.0676s/iter; left time: 287.0748s
	speed: 0.0695s/iter; left time: 288.1857s
	speed: 0.0675s/iter; left time: 273.3436s
	speed: 0.0656s/iter; left time: 258.9942s
	speed: 0.0704s/iter; left time: 270.6568s
	speed: 0.0667s/iter; left time: 249.9137s
	speed: 0.0703s/iter; left time: 256.5602s
	speed: 0.0606s/iter; left time: 214.8187s
	speed: 0.0402s/iter; left time: 138.6712s
	speed: 0.0680s/iter; left time: 227.5804s
	speed: 0.0705s/iter; left time: 228.9045s
	speed: 0.0476s/iter; left time: 149.7671s
	speed: 0.0451s/iter; left time: 137.2935s
	speed: 0.0504s/iter; left time: 148.5781s
	speed: 0.0531s/iter; left time: 151.2578s
	speed: 0.0699s/iter; left time: 192.1510s
	speed: 0.0622s/iter; left time: 164.5436s
	speed: 0.0523s/iter; left time: 133.1440s
	speed: 0.0585s/iter; left time: 143.0509s
	speed: 0.0717s/iter; left time: 168.3038s
	speed: 0.0466s/iter; left time: 104.6602s
	speed: 0.0315s/iter; left time: 67.7225s
	speed: 0.0315s/iter; left time: 64.5538s
	speed: 0.0316s/iter; left time: 61.4349s
	speed: 0.0315s/iter; left time: 58.2287s
	speed: 0.0315s/iter; left time: 55.0783s
	speed: 0.0337s/iter; left time: 55.5665s
	speed: 0.0370s/iter; left time: 57.3162s
	speed: 0.0601s/iter; left time: 86.9791s
	speed: 0.0629s/iter; left time: 84.6736s
	speed: 0.0712s/iter; left time: 88.7250s
	speed: 0.0706s/iter; left time: 80.9477s
	speed: 0.0709s/iter; left time: 74.2238s
	speed: 0.0664s/iter; left time: 62.8662s
	speed: 0.0672s/iter; left time: 56.9426s
	speed: 0.0612s/iter; left time: 45.7075s
	speed: 0.0484s/iter; left time: 31.3455s
	speed: 0.0412s/iter; left time: 22.5249s
	speed: 0.0541s/iter; left time: 24.1611s
	speed: 0.0316s/iter; left time: 10.9682s
	speed: 0.0316s/iter; left time: 7.8167s
	speed: 0.0317s/iter; left time: 4.6557s
	speed: 0.0316s/iter; left time: 1.4870s
2025-11-15 17:00:42,447 - INFO - 训练完成!
2025-11-15 17:00:42,447 - INFO - 开始测试模型...
Epoch: 1, Cost time: 699.288s 
Loading checkpoint from: checkpoints2_e_layers_analysis/pcb_e_layers7_20251115_164857_pca/pcb_cleaned_1minut_20250928_161509_checkpoint_2025-11-15_17-00-42/model.pth
Threshold : 0.3416301906108856
2025-11-15 17:04:27,586 - INFO - 测试完成!
pa_accuracy           : 0.9597
pa_precision          : 0.2802
pa_recall             : 0.5844
pa_f_score            : 0.3788
MCC_score             : 0.3869
Affiliation precision : 0.5193
Affiliation recall    : 0.8731
R_AUC_ROC             : 0.6151
R_AUC_PR              : 0.3310
VUS_ROC               : 0.6200
VUS_PR                : 0.3329
Accuracy : 0.9597, Precision : 0.2802, Recall : 0.5844, F-score : 0.3788 
Test results saved to: checkpoints2_e_layers_analysis/pcb_e_layers7_20251115_164857_pca/pcb_cleaned_1minut_20250928_161509_checkpoint_2025-11-15_17-00-42/result.json
/home/wanting/KDD2023-DCdetector/venv/lib/python3.12/site-packages/tsfresh/__init__.py:12: UserWarning: pkg_resources is deprecated as an API. See https://setuptools.pypa.io/en/latest/pkg_resources.html. The pkg_resources package is slated for removal as early as 2025-11-30. Refrain from using this package or pin to Setuptools<81.
  import pkg_resources
2025-11-15 17:04:34,940 - INFO - 开始使用自定义数据集运行DCdetector...
2025-11-15 17:04:34,941 - INFO - 数据集: Custom
2025-11-15 17:04:34,941 - INFO - 输入特征维度: 10
2025-11-15 17:04:34,941 - INFO - 窗口大小: 30
2025-11-15 17:04:34,941 - INFO - 批次大小: 32
2025-11-15 17:04:38,805 - INFO - 开始训练模型...
[onlyNormalData=True] 训练集过滤异常数据: 408340 行 -> 391922 行 (移除 16418 个异常样本)

[PCA降维] 启用
  n_components=10
  PCA前特征维度: 31
  PCA后特征维度: 10
  解释方差比（前10个）: [0.32616914 0.16267314 0.1372184  0.11142357 0.06736721 0.04779601
 0.02843967 0.0252639  0.02060194 0.01696907]
  累积解释方差: 0.9439
  时间点数量: train=391922, val=87502, test=87502 (未改变)
[PCA降维] 完成
数据加载自: dataset/downsampleData_scratch_1minut/pcb/pcb_cleaned_1minut_20250928_161509.parquet
训练集形状: (391922, 10)
验证集形状: (87502, 10)
测试集形状: (87502, 10)
特征维度: 10
异常比例（行级）:
- 训练集: 原始 4.02% -> 现有 0.00%
- 验证集: 1.52%
- 测试集: 2.10%
[onlyNormalData=True] 训练集过滤异常数据: 408340 行 -> 391922 行 (移除 16418 个异常样本)

[PCA降维] 启用
  n_components=10
  PCA前特征维度: 31
  PCA后特征维度: 10
  解释方差比（前10个）: [0.32616914 0.16267314 0.1372184  0.11142357 0.06736721 0.04779601
 0.02843967 0.0252639  0.02060194 0.01696907]
  累积解释方差: 0.9439
  时间点数量: train=391922, val=87502, test=87502 (未改变)
[PCA降维] 完成
数据加载自: dataset/downsampleData_scratch_1minut/pcb/pcb_cleaned_1minut_20250928_161509.parquet
训练集形状: (391922, 10)
验证集形状: (87502, 10)
测试集形状: (87502, 10)
特征维度: 10
异常比例（行级）:
- 训练集: 原始 4.02% -> 现有 0.00%
- 验证集: 1.52%
- 测试集: 2.10%
[onlyNormalData=True] 训练集过滤异常数据: 408340 行 -> 391922 行 (移除 16418 个异常样本)

[PCA降维] 启用
  n_components=10
  PCA前特征维度: 31
  PCA后特征维度: 10
  解释方差比（前10个）: [0.32616914 0.16267314 0.1372184  0.11142357 0.06736721 0.04779601
 0.02843967 0.0252639  0.02060194 0.01696907]
  累积解释方差: 0.9439
  时间点数量: train=391922, val=87502, test=87502 (未改变)
[PCA降维] 完成
数据加载自: dataset/downsampleData_scratch_1minut/pcb/pcb_cleaned_1minut_20250928_161509.parquet
训练集形状: (391922, 10)
验证集形状: (87502, 10)
测试集形状: (87502, 10)
特征维度: 10
异常比例（行级）:
- 训练集: 原始 4.02% -> 现有 0.00%
- 验证集: 1.52%
- 测试集: 2.10%
[onlyNormalData=True] 训练集过滤异常数据: 408340 行 -> 391922 行 (移除 16418 个异常样本)

[PCA降维] 启用
  n_components=10
  PCA前特征维度: 31
  PCA后特征维度: 10
  解释方差比（前10个）: [0.32616914 0.16267314 0.1372184  0.11142357 0.06736721 0.04779601
 0.02843967 0.0252639  0.02060194 0.01696907]
  累积解释方差: 0.9439
  时间点数量: train=391922, val=87502, test=87502 (未改变)
[PCA降维] 完成
数据加载自: dataset/downsampleData_scratch_1minut/pcb/pcb_cleaned_1minut_20250928_161509.parquet
训练集形状: (391922, 10)
验证集形状: (87502, 10)
测试集形状: (87502, 10)
特征维度: 10
异常比例（行级）:
- 训练集: 原始 4.02% -> 现有 0.00%
- 验证集: 1.52%
- 测试集: 2.10%
	speed: 0.0466s/iter; left time: 565.4873s
	speed: 0.0413s/iter; left time: 497.2414s
	speed: 0.0412s/iter; left time: 492.4637s
	speed: 0.0413s/iter; left time: 488.9404s
	speed: 0.0415s/iter; left time: 486.9503s
	speed: 0.0411s/iter; left time: 478.6972s
	speed: 0.0597s/iter; left time: 689.8828s
	speed: 0.0494s/iter; left time: 565.0895s
	speed: 0.0419s/iter; left time: 475.4839s
	speed: 0.0412s/iter; left time: 463.6594s
	speed: 0.0414s/iter; left time: 461.7832s
	speed: 0.0659s/iter; left time: 727.9800s
	speed: 0.0671s/iter; left time: 734.8709s
	speed: 0.0673s/iter; left time: 729.7391s
	speed: 0.0572s/iter; left time: 614.2117s
	speed: 0.0592s/iter; left time: 629.7818s
	speed: 0.0405s/iter; left time: 427.0266s
	speed: 0.0417s/iter; left time: 435.4336s
	speed: 0.0511s/iter; left time: 528.4850s
	speed: 0.0602s/iter; left time: 616.4105s
	speed: 0.0587s/iter; left time: 595.2962s
	speed: 0.0514s/iter; left time: 516.3789s
	speed: 0.0409s/iter; left time: 406.8554s
	speed: 0.0415s/iter; left time: 408.4770s
	speed: 0.0638s/iter; left time: 621.7598s
	speed: 0.0422s/iter; left time: 407.3107s
	speed: 0.0409s/iter; left time: 390.2868s
	speed: 0.0422s/iter; left time: 399.1338s
	speed: 0.0411s/iter; left time: 384.5233s
	speed: 0.0480s/iter; left time: 443.8681s
	speed: 0.0573s/iter; left time: 524.1122s
	speed: 0.0411s/iter; left time: 371.7274s
	speed: 0.0568s/iter; left time: 507.7722s
	speed: 0.0499s/iter; left time: 441.1455s
	speed: 0.0629s/iter; left time: 550.5055s
	speed: 0.0674s/iter; left time: 582.9837s
	speed: 0.0592s/iter; left time: 506.3156s
	speed: 0.0549s/iter; left time: 463.6864s
	speed: 0.0412s/iter; left time: 343.4888s
	speed: 0.0588s/iter; left time: 484.7911s
	speed: 0.0576s/iter; left time: 469.1182s
	speed: 0.0414s/iter; left time: 333.4649s
	speed: 0.0514s/iter; left time: 408.5148s
	speed: 0.0563s/iter; left time: 441.7730s
	speed: 0.0531s/iter; left time: 411.0237s
	speed: 0.0416s/iter; left time: 318.0171s
	speed: 0.0573s/iter; left time: 432.1116s
	speed: 0.0409s/iter; left time: 304.7987s
	speed: 0.0547s/iter; left time: 402.2147s
	speed: 0.0438s/iter; left time: 317.3579s
	speed: 0.0408s/iter; left time: 291.7854s
	speed: 0.0595s/iter; left time: 419.2132s
	speed: 0.0413s/iter; left time: 287.2425s
	speed: 0.0413s/iter; left time: 282.8454s
	speed: 0.0403s/iter; left time: 272.1211s
	speed: 0.0409s/iter; left time: 272.1543s
	speed: 0.0412s/iter; left time: 269.4542s
	speed: 0.0409s/iter; left time: 263.4044s
	speed: 0.0588s/iter; left time: 373.0462s
	speed: 0.0468s/iter; left time: 292.5744s
	speed: 0.0412s/iter; left time: 252.9892s
	speed: 0.0438s/iter; left time: 265.0196s
	speed: 0.0688s/iter; left time: 409.1333s
	speed: 0.0651s/iter; left time: 380.3753s
	speed: 0.0408s/iter; left time: 234.6817s
	speed: 0.0510s/iter; left time: 287.8348s
	speed: 0.0581s/iter; left time: 322.1937s
	speed: 0.0410s/iter; left time: 223.2798s
	speed: 0.0511s/iter; left time: 273.3795s
	speed: 0.0652s/iter; left time: 342.1157s
	speed: 0.0433s/iter; left time: 223.0454s
	speed: 0.0522s/iter; left time: 263.4930s
	speed: 0.0544s/iter; left time: 269.3415s
	speed: 0.0575s/iter; left time: 278.7241s
	speed: 0.0462s/iter; left time: 219.5144s
	speed: 0.0667s/iter; left time: 310.1144s
	speed: 0.0558s/iter; left time: 253.6040s
	speed: 0.0623s/iter; left time: 277.1074s
	speed: 0.0409s/iter; left time: 177.7898s
	speed: 0.0415s/iter; left time: 176.0854s
	speed: 0.0490s/iter; left time: 203.1002s
	speed: 0.0474s/iter; left time: 192.0137s
	speed: 0.0507s/iter; left time: 200.2092s
	speed: 0.0465s/iter; left time: 178.9289s
	speed: 0.0333s/iter; left time: 124.8399s
	speed: 0.0296s/iter; left time: 108.0842s
	speed: 0.0300s/iter; left time: 106.3246s
	speed: 0.0283s/iter; left time: 97.4059s
	speed: 0.0292s/iter; left time: 97.7317s
	speed: 0.0292s/iter; left time: 94.8798s
	speed: 0.0516s/iter; left time: 162.2371s
	speed: 0.0520s/iter; left time: 158.5057s
	speed: 0.0587s/iter; left time: 173.0961s
	speed: 0.0540s/iter; left time: 153.6002s
	speed: 0.0596s/iter; left time: 163.6777s
	speed: 0.1001s/iter; left time: 264.9005s
	speed: 0.0757s/iter; left time: 192.9320s
	speed: 0.0572s/iter; left time: 139.8674s
	speed: 0.0416s/iter; left time: 97.5867s
	speed: 0.0293s/iter; left time: 65.7755s
	speed: 0.0290s/iter; left time: 62.2184s
	speed: 0.0293s/iter; left time: 59.8893s
	speed: 0.0296s/iter; left time: 57.6483s
	speed: 0.0292s/iter; left time: 53.9865s
	speed: 0.0289s/iter; left time: 50.5627s
	speed: 0.0289s/iter; left time: 47.6742s
	speed: 0.0287s/iter; left time: 44.4639s
	speed: 0.0289s/iter; left time: 41.7837s
	speed: 0.0285s/iter; left time: 38.3613s
	speed: 0.0286s/iter; left time: 35.6231s
	speed: 0.0286s/iter; left time: 32.8142s
	speed: 0.0284s/iter; left time: 29.7418s
	speed: 0.0285s/iter; left time: 26.9654s
	speed: 0.0284s/iter; left time: 24.0448s
	speed: 0.0284s/iter; left time: 21.2287s
	speed: 0.0285s/iter; left time: 18.4705s
	speed: 0.0284s/iter; left time: 15.5199s
	speed: 0.0284s/iter; left time: 12.6986s
	speed: 0.0285s/iter; left time: 9.8804s
	speed: 0.0292s/iter; left time: 7.2070s
	speed: 0.0289s/iter; left time: 4.2534s
	speed: 0.0285s/iter; left time: 1.3417s
2025-11-15 17:14:39,179 - INFO - 训练完成!
2025-11-15 17:14:39,180 - INFO - 开始测试模型...
Epoch: 1, Cost time: 600.334s 
Loading checkpoint from: checkpoints2_e_layers_analysis/pcb_e_layers9_20251115_170431_pca/pcb_cleaned_1minut_20250928_161509_checkpoint_2025-11-15_17-14-39/model.pth
Threshold : 0.34250548481941223
2025-11-15 17:17:15,452 - INFO - 测试完成!
pa_accuracy           : 0.9595
pa_precision          : 0.2617
pa_recall             : 0.5082
pa_f_score            : 0.3455
MCC_score             : 0.3461
Affiliation precision : 0.5147
Affiliation recall    : 0.8787
R_AUC_ROC             : 0.6035
R_AUC_PR              : 0.3125
VUS_ROC               : 0.6054
VUS_PR                : 0.3112
Accuracy : 0.9595, Precision : 0.2617, Recall : 0.5082, F-score : 0.3455 
Test results saved to: checkpoints2_e_layers_analysis/pcb_e_layers9_20251115_170431_pca/pcb_cleaned_1minut_20250928_161509_checkpoint_2025-11-15_17-14-39/result.json
/home/wanting/KDD2023-DCdetector/venv/lib/python3.12/site-packages/tsfresh/__init__.py:12: UserWarning: pkg_resources is deprecated as an API. See https://setuptools.pypa.io/en/latest/pkg_resources.html. The pkg_resources package is slated for removal as early as 2025-11-30. Refrain from using this package or pin to Setuptools<81.
  import pkg_resources
2025-11-15 17:17:19,247 - INFO - 开始使用自定义数据集运行DCdetector...
2025-11-15 17:17:19,247 - INFO - 数据集: Custom
2025-11-15 17:17:19,247 - INFO - 输入特征维度: 10
2025-11-15 17:17:19,247 - INFO - 窗口大小: 30
2025-11-15 17:17:19,247 - INFO - 批次大小: 32
2025-11-15 17:17:21,740 - INFO - 开始训练模型...
[onlyNormalData=True] 训练集过滤异常数据: 408340 行 -> 391922 行 (移除 16418 个异常样本)

[PCA降维] 启用
  n_components=10
  PCA前特征维度: 31
  PCA后特征维度: 10
  解释方差比（前10个）: [0.32616914 0.16267314 0.1372184  0.11142357 0.06736721 0.04779601
 0.02843967 0.0252639  0.02060194 0.01696907]
  累积解释方差: 0.9439
  时间点数量: train=391922, val=87502, test=87502 (未改变)
[PCA降维] 完成
数据加载自: dataset/downsampleData_scratch_1minut/pcb/pcb_cleaned_1minut_20250928_161509.parquet
训练集形状: (391922, 10)
验证集形状: (87502, 10)
测试集形状: (87502, 10)
特征维度: 10
异常比例（行级）:
- 训练集: 原始 4.02% -> 现有 0.00%
- 验证集: 1.52%
- 测试集: 2.10%
[onlyNormalData=True] 训练集过滤异常数据: 408340 行 -> 391922 行 (移除 16418 个异常样本)

[PCA降维] 启用
  n_components=10
  PCA前特征维度: 31
  PCA后特征维度: 10
  解释方差比（前10个）: [0.32616914 0.16267314 0.1372184  0.11142357 0.06736721 0.04779601
 0.02843967 0.0252639  0.02060194 0.01696907]
  累积解释方差: 0.9439
  时间点数量: train=391922, val=87502, test=87502 (未改变)
[PCA降维] 完成
数据加载自: dataset/downsampleData_scratch_1minut/pcb/pcb_cleaned_1minut_20250928_161509.parquet
训练集形状: (391922, 10)
验证集形状: (87502, 10)
测试集形状: (87502, 10)
特征维度: 10
异常比例（行级）:
- 训练集: 原始 4.02% -> 现有 0.00%
- 验证集: 1.52%
- 测试集: 2.10%
[onlyNormalData=True] 训练集过滤异常数据: 408340 行 -> 391922 行 (移除 16418 个异常样本)

[PCA降维] 启用
  n_components=10
  PCA前特征维度: 31
  PCA后特征维度: 10
  解释方差比（前10个）: [0.32616914 0.16267314 0.1372184  0.11142357 0.06736721 0.04779601
 0.02843967 0.0252639  0.02060194 0.01696907]
  累积解释方差: 0.9439
  时间点数量: train=391922, val=87502, test=87502 (未改变)
[PCA降维] 完成
数据加载自: dataset/downsampleData_scratch_1minut/pcb/pcb_cleaned_1minut_20250928_161509.parquet
训练集形状: (391922, 10)
验证集形状: (87502, 10)
测试集形状: (87502, 10)
特征维度: 10
异常比例（行级）:
- 训练集: 原始 4.02% -> 现有 0.00%
- 验证集: 1.52%
- 测试集: 2.10%
[onlyNormalData=True] 训练集过滤异常数据: 408340 行 -> 391922 行 (移除 16418 个异常样本)

[PCA降维] 启用
  n_components=10
  PCA前特征维度: 31
  PCA后特征维度: 10
  解释方差比（前10个）: [0.32616914 0.16267314 0.1372184  0.11142357 0.06736721 0.04779601
 0.02843967 0.0252639  0.02060194 0.01696907]
  累积解释方差: 0.9439
  时间点数量: train=391922, val=87502, test=87502 (未改变)
[PCA降维] 完成
数据加载自: dataset/downsampleData_scratch_1minut/pcb/pcb_cleaned_1minut_20250928_161509.parquet
训练集形状: (391922, 10)
验证集形状: (87502, 10)
测试集形状: (87502, 10)
特征维度: 10
异常比例（行级）:
- 训练集: 原始 4.02% -> 现有 0.00%
- 验证集: 1.52%
- 测试集: 2.10%
	speed: 0.0397s/iter; left time: 482.7036s
	speed: 0.0350s/iter; left time: 421.9778s
	speed: 0.0351s/iter; left time: 419.5343s
	speed: 0.0351s/iter; left time: 415.4303s
	speed: 0.0352s/iter; left time: 413.4682s
	speed: 0.0351s/iter; left time: 408.8461s
	speed: 0.0346s/iter; left time: 399.2682s
	speed: 0.0345s/iter; left time: 394.9504s
	speed: 0.0345s/iter; left time: 391.8925s
	speed: 0.0345s/iter; left time: 387.7532s
	speed: 0.0347s/iter; left time: 387.0415s
	speed: 0.0349s/iter; left time: 385.8514s
	speed: 0.0350s/iter; left time: 382.6344s
	speed: 0.0350s/iter; left time: 379.8355s
	speed: 0.0350s/iter; left time: 375.8827s
	speed: 0.0346s/iter; left time: 368.4072s
	speed: 0.0344s/iter; left time: 362.9417s
	speed: 0.0346s/iter; left time: 361.9537s
	speed: 0.0343s/iter; left time: 355.3001s
	speed: 0.0344s/iter; left time: 352.6638s
	speed: 0.0344s/iter; left time: 349.3237s
	speed: 0.0344s/iter; left time: 345.5022s
	speed: 0.0344s/iter; left time: 342.0977s
	speed: 0.0344s/iter; left time: 338.7046s
	speed: 0.0344s/iter; left time: 335.7242s
	speed: 0.0344s/iter; left time: 331.7444s
	speed: 0.0344s/iter; left time: 328.7141s
	speed: 0.0344s/iter; left time: 325.4317s
	speed: 0.0344s/iter; left time: 321.5101s
	speed: 0.0344s/iter; left time: 318.3468s
	speed: 0.0344s/iter; left time: 315.0362s
	speed: 0.0345s/iter; left time: 312.5697s
	speed: 0.0345s/iter; left time: 308.2615s
	speed: 0.0344s/iter; left time: 304.2077s
	speed: 0.0346s/iter; left time: 302.3073s
	speed: 0.0345s/iter; left time: 298.5229s
	speed: 0.0347s/iter; left time: 296.6694s
	speed: 0.0347s/iter; left time: 292.9477s
	speed: 0.0345s/iter; left time: 287.9954s
	speed: 0.0344s/iter; left time: 283.7823s
	speed: 0.0344s/iter; left time: 280.1769s
	speed: 0.0344s/iter; left time: 276.8230s
	speed: 0.0344s/iter; left time: 273.3178s
	speed: 0.0344s/iter; left time: 270.1439s
	speed: 0.0346s/iter; left time: 268.3655s
	speed: 0.0347s/iter; left time: 265.5658s
	speed: 0.0347s/iter; left time: 261.7035s
	speed: 0.0345s/iter; left time: 257.0548s
	speed: 0.0345s/iter; left time: 253.1256s
	speed: 0.0344s/iter; left time: 249.4608s
	speed: 0.0345s/iter; left time: 246.8074s
	speed: 0.0345s/iter; left time: 243.3474s
	speed: 0.0345s/iter; left time: 239.9361s
	speed: 0.0346s/iter; left time: 237.0371s
	speed: 0.0346s/iter; left time: 233.4433s
	speed: 0.0346s/iter; left time: 230.2646s
	speed: 0.0345s/iter; left time: 226.1004s
	speed: 0.0344s/iter; left time: 221.6580s
	speed: 0.0343s/iter; left time: 217.8550s
	speed: 0.0344s/iter; left time: 214.5997s
	speed: 0.0344s/iter; left time: 211.4535s
	speed: 0.0344s/iter; left time: 208.2068s
	speed: 0.0344s/iter; left time: 204.8285s
	speed: 0.0345s/iter; left time: 201.5617s
	speed: 0.0345s/iter; left time: 198.0194s
	speed: 0.0344s/iter; left time: 194.2318s
	speed: 0.0344s/iter; left time: 190.7034s
	speed: 0.0346s/iter; left time: 188.7246s
	speed: 0.0344s/iter; left time: 183.6786s
	speed: 0.0344s/iter; left time: 180.4069s
	speed: 0.0343s/iter; left time: 176.6580s
	speed: 0.0345s/iter; left time: 174.1892s
	speed: 0.0345s/iter; left time: 170.6739s
	speed: 0.0344s/iter; left time: 166.8328s
	speed: 0.0345s/iter; left time: 163.9018s
	speed: 0.0350s/iter; left time: 162.7289s
	speed: 0.0350s/iter; left time: 159.2404s
	speed: 0.0346s/iter; left time: 153.8569s
	speed: 0.0345s/iter; left time: 150.0572s
	speed: 0.0348s/iter; left time: 147.9631s
	speed: 0.0349s/iter; left time: 144.5816s
	speed: 0.0347s/iter; left time: 140.5562s
	speed: 0.0345s/iter; left time: 135.9993s
	speed: 0.0344s/iter; left time: 132.1686s
	speed: 0.0344s/iter; left time: 129.0398s
	speed: 0.0346s/iter; left time: 126.1630s
	speed: 0.0345s/iter; left time: 122.4253s
	speed: 0.0344s/iter; left time: 118.5237s
	speed: 0.0343s/iter; left time: 114.8930s
	speed: 0.0344s/iter; left time: 111.7571s
	speed: 0.0343s/iter; left time: 108.0170s
	speed: 0.0345s/iter; left time: 105.0282s
	speed: 0.0348s/iter; left time: 102.5235s
	speed: 0.0350s/iter; left time: 99.5612s
	speed: 0.0350s/iter; left time: 96.1129s
	speed: 0.0350s/iter; left time: 92.6163s
	speed: 0.0350s/iter; left time: 89.2554s
	speed: 0.0350s/iter; left time: 85.7013s
	speed: 0.0349s/iter; left time: 81.8409s
	speed: 0.0349s/iter; left time: 78.5108s
	speed: 0.0347s/iter; left time: 74.4630s
	speed: 0.0349s/iter; left time: 71.4729s
	speed: 0.0347s/iter; left time: 67.6354s
	speed: 0.0345s/iter; left time: 63.7562s
	speed: 0.0345s/iter; left time: 60.3226s
	speed: 0.0345s/iter; left time: 56.8394s
	speed: 0.0345s/iter; left time: 53.3673s
	speed: 0.0346s/iter; left time: 50.0150s
	speed: 0.0345s/iter; left time: 46.5388s
	speed: 0.0344s/iter; left time: 42.9040s
	speed: 0.0344s/iter; left time: 39.4795s
	speed: 0.0345s/iter; left time: 36.1275s
	speed: 0.0344s/iter; left time: 32.6033s
	speed: 0.0345s/iter; left time: 29.1970s
	speed: 0.0344s/iter; left time: 25.6919s
	speed: 0.0344s/iter; left time: 22.2756s
	speed: 0.0347s/iter; left time: 19.0032s
	speed: 0.0345s/iter; left time: 15.4053s
	speed: 0.0347s/iter; left time: 12.0238s
	speed: 0.0344s/iter; left time: 8.5040s
	speed: 0.0345s/iter; left time: 5.0690s
	speed: 0.0346s/iter; left time: 1.6261s
2025-11-15 17:25:12,553 - INFO - 训练完成!
2025-11-15 17:25:12,553 - INFO - 开始测试模型...
Epoch: 1, Cost time: 470.783s 
Loading checkpoint from: checkpoints2_e_layers_analysis/pcb_e_layers11_20251115_171716_pca/pcb_cleaned_1minut_20250928_161509_checkpoint_2025-11-15_17-25-12/model.pth
Threshold : 0.3437870740890503
2025-11-15 17:28:11,262 - INFO - 测试完成!
pa_accuracy           : 0.9602
pa_precision          : 0.2856
pa_recall             : 0.5942
pa_f_score            : 0.3858
MCC_score             : 0.3944
Affiliation precision : 0.5117
Affiliation recall    : 0.8902
R_AUC_ROC             : 0.6178
R_AUC_PR              : 0.3378
VUS_ROC               : 0.6224
VUS_PR                : 0.3384
Accuracy : 0.9602, Precision : 0.2856, Recall : 0.5942, F-score : 0.3858 
Test results saved to: checkpoints2_e_layers_analysis/pcb_e_layers11_20251115_171716_pca/pcb_cleaned_1minut_20250928_161509_checkpoint_2025-11-15_17-25-12/result.json

================================================================================
Running: ring | e_layers=7
================================================================================
Command: python run_custom_dataset.py --dataset Custom --data_path dataset/downsampleData_scratch_1minut/ring/Ring_cleaned_1minut_20250928_170147.parquet --num_epochs 1 --win_size 30 --batch_size 32 --mode train --input_c 10 --output_c 10 --lr 0.0001 --anormly_ratio 3.0 --index 0 --patience 3 --patch_size 3,6,10 --n_heads 1 --d_model 256 --e_layers 7 --d_ff 512 --activation gelu --output_attention True --model_save_path checkpoints2_e_layers_analysis/ring_e_layers7_20251115_155114_pca
================================================================================


✓ Results: Precision=0.4970, Recall=0.5636, F-score=0.5282

################################################################################
# Experiment 9/15
# Dataset: ring, e_layers: 9
################################################################################


================================================================================
Running: ring | e_layers=9
================================================================================
Command: python run_custom_dataset.py --dataset Custom --data_path dataset/downsampleData_scratch_1minut/ring/Ring_cleaned_1minut_20250928_170147.parquet --num_epochs 1 --win_size 30 --batch_size 32 --mode train --input_c 10 --output_c 10 --lr 0.0001 --anormly_ratio 3.0 --index 0 --patience 3 --patch_size 3,6,10 --n_heads 1 --d_model 256 --e_layers 9 --d_ff 512 --activation gelu --output_attention True --model_save_path checkpoints2_e_layers_analysis/ring_e_layers9_20251115_155856_pca
================================================================================


✓ Results: Precision=0.4751, Recall=0.5394, F-score=0.5052

################################################################################
# Experiment 10/15
# Dataset: ring, e_layers: 11
################################################################################


================================================================================
Running: ring | e_layers=11
================================================================================
Command: python run_custom_dataset.py --dataset Custom --data_path dataset/downsampleData_scratch_1minut/ring/Ring_cleaned_1minut_20250928_170147.parquet --num_epochs 1 --win_size 30 --batch_size 32 --mode train --input_c 10 --output_c 10 --lr 0.0001 --anormly_ratio 3.0 --index 0 --patience 3 --patch_size 3,6,10 --n_heads 1 --d_model 256 --e_layers 11 --d_ff 512 --activation gelu --output_attention True --model_save_path checkpoints2_e_layers_analysis/ring_e_layers11_20251115_161210_pca
================================================================================


✓ Results: Precision=0.4704, Recall=0.5340, F-score=0.5002

################################################################################
# Experiment 11/15
# Dataset: pcb, e_layers: 3
################################################################################


================================================================================
Running: pcb | e_layers=3
================================================================================
Command: python run_custom_dataset.py --dataset Custom --data_path dataset/downsampleData_scratch_1minut/pcb/pcb_cleaned_1minut_20250928_161509.parquet --num_epochs 1 --win_size 30 --batch_size 32 --mode train --input_c 10 --output_c 10 --lr 0.0001 --anormly_ratio 3.0 --index 0 --patience 3 --patch_size 3,6,10 --n_heads 1 --d_model 256 --e_layers 3 --d_ff 512 --activation gelu --output_attention True --model_save_path checkpoints2_e_layers_analysis/pcb_e_layers3_20251115_163012_pca
================================================================================


✓ Results: Precision=0.2818, Recall=0.5888, F-score=0.3812

################################################################################
# Experiment 12/15
# Dataset: pcb, e_layers: 5
################################################################################


================================================================================
Running: pcb | e_layers=5
================================================================================
Command: python run_custom_dataset.py --dataset Custom --data_path dataset/downsampleData_scratch_1minut/pcb/pcb_cleaned_1minut_20250928_161509.parquet --num_epochs 1 --win_size 30 --batch_size 32 --mode train --input_c 10 --output_c 10 --lr 0.0001 --anormly_ratio 3.0 --index 0 --patience 3 --patch_size 3,6,10 --n_heads 1 --d_model 256 --e_layers 5 --d_ff 512 --activation gelu --output_attention True --model_save_path checkpoints2_e_layers_analysis/pcb_e_layers5_20251115_163734_pca
================================================================================


✓ Results: Precision=0.2802, Recall=0.5948, F-score=0.3810

################################################################################
# Experiment 13/15
# Dataset: pcb, e_layers: 7
################################################################################


================================================================================
Running: pcb | e_layers=7
================================================================================
Command: python run_custom_dataset.py --dataset Custom --data_path dataset/downsampleData_scratch_1minut/pcb/pcb_cleaned_1minut_20250928_161509.parquet --num_epochs 1 --win_size 30 --batch_size 32 --mode train --input_c 10 --output_c 10 --lr 0.0001 --anormly_ratio 3.0 --index 0 --patience 3 --patch_size 3,6,10 --n_heads 1 --d_model 256 --e_layers 7 --d_ff 512 --activation gelu --output_attention True --model_save_path checkpoints2_e_layers_analysis/pcb_e_layers7_20251115_164857_pca
================================================================================


✓ Results: Precision=0.2802, Recall=0.5844, F-score=0.3788

################################################################################
# Experiment 14/15
# Dataset: pcb, e_layers: 9
################################################################################


================================================================================
Running: pcb | e_layers=9
================================================================================
Command: python run_custom_dataset.py --dataset Custom --data_path dataset/downsampleData_scratch_1minut/pcb/pcb_cleaned_1minut_20250928_161509.parquet --num_epochs 1 --win_size 30 --batch_size 32 --mode train --input_c 10 --output_c 10 --lr 0.0001 --anormly_ratio 3.0 --index 0 --patience 3 --patch_size 3,6,10 --n_heads 1 --d_model 256 --e_layers 9 --d_ff 512 --activation gelu --output_attention True --model_save_path checkpoints2_e_layers_analysis/pcb_e_layers9_20251115_170431_pca
================================================================================


✓ Results: Precision=0.2617, Recall=0.5082, F-score=0.3455

################################################################################
# Experiment 15/15
# Dataset: pcb, e_layers: 11
################################################################################


================================================================================
Running: pcb | e_layers=11
================================================================================
Command: python run_custom_dataset.py --dataset Custom --data_path dataset/downsampleData_scratch_1minut/pcb/pcb_cleaned_1minut_20250928_161509.parquet --num_epochs 1 --win_size 30 --batch_size 32 --mode train --input_c 10 --output_c 10 --lr 0.0001 --anormly_ratio 3.0 --index 0 --patience 3 --patch_size 3,6,10 --n_heads 1 --d_model 256 --e_layers 11 --d_ff 512 --activation gelu --output_attention True --model_save_path checkpoints2_e_layers_analysis/pcb_e_layers11_20251115_171716_pca
================================================================================


✓ Results: Precision=0.2856, Recall=0.5942, F-score=0.3858

Saving results...
Results saved to JSON: experiments/results1/e_layers_results.json

Generating plots...

================================================================================
Plot saved:
  PNG: experiments/results1/e_layers_f1_scores.png
  PDF: experiments/results1/e_layers_f1_scores.pdf
================================================================================


================================================================================
ANALYSIS COMPLETE!
================================================================================
All results saved in: experiments/results1
================================================================================

